<?xml version="1.0" encoding="UTF-8"?>
<alto xmlns:xsi="http://www.w3.org/2001/XMLSchema-instance" xsi:noNamespaceSchemaLocation="http://www.bl.uk/schemas/alto/alto-1-4.xsd" xmlns:xlink="http://www.w3.org/1999/xlink">
	<Description>
		<MeasurementUnit>mm10</MeasurementUnit>
		<sourceImageInformation>
			<fileName>//head1/IN/2007-34/A0010556622/004779.jp2</fileName>
		</sourceImageInformation>
		<OCRProcessing ID="OCRPROCESSING_1">
			<preProcessingStep>
				<processingSoftware>
					<softwareCreator>CCS Content Conversion Specialists GmbH, Germany</softwareCreator>
					<softwareName>CCS docWORKS</softwareName>
					<softwareVersion>6.1-0.54</softwareVersion>
				</processingSoftware>
			</preProcessingStep>
			<ocrProcessingStep>
				<processingSoftware>
					<softwareCreator>ABBYY (BIT Software), Russia</softwareCreator>
					<softwareName>Finereader</softwareName>
				</processingSoftware>
			</ocrProcessingStep>
		</OCRProcessing>
	</Description>
	<Styles>
		<TextStyle ID="TXT_0" FONTSIZE="10" FONTFAMILY="Courier New"/>
		<ParagraphStyle ID="PAR_LEFT" ALIGN="Left"/>
		<ParagraphStyle ID="PAR_RIGHT" ALIGN="Right"/>
		<ParagraphStyle ID="PAR_CENTER" ALIGN="Center"/>
	</Styles>
	<Layout>
		<Page ID="P19" PHYSICAL_IMG_NR="19" HEIGHT="1999" WIDTH="1190" QUALITY="Damaged" POSITION="Right" ACCURACY="63.99">
			<TopMargin ID="P19_TM00001" HPOS="0" VPOS="0" WIDTH="1190" HEIGHT="147"/>
			<LeftMargin ID="P19_LM00001" HPOS="0" VPOS="147" WIDTH="110" HEIGHT="1704"/>
			<RightMargin ID="P19_RM00001" HPOS="1069" VPOS="147" WIDTH="121" HEIGHT="1704"/>
			<BottomMargin ID="P19_BM00001" HPOS="0" VPOS="1851" WIDTH="1190" HEIGHT="148"/>
			<PrintSpace ID="P19_PS00001" HPOS="110" VPOS="147" WIDTH="959" HEIGHT="1704">
				<TextBlock ID="P19_TB00001" HPOS="209" VPOS="147" WIDTH="440" HEIGHT="41" STYLEREFS="TXT_0 PAR_LEFT">
					<TextLine ID="P19_TL00001" HPOS="210" VPOS="148" WIDTH="439" HEIGHT="40">
						<String ID="P19_ST00001" HPOS="210" VPOS="148" WIDTH="93" HEIGHT="36" CONTENT="Who," WC="0.37" CC="8744"/>
						<SP ID="P19_SP00001" HPOS="303" VPOS="184" WIDTH="17"/>
						<String ID="P19_ST00002" HPOS="320" VPOS="149" WIDTH="167" HEIGHT="39" CONTENT="peaceably" WC="0.52" CC="656002858"/>
						<SP ID="P19_SP00002" HPOS="487" VPOS="188" WIDTH="18"/>
						<String ID="P19_ST00003" HPOS="505" VPOS="149" WIDTH="144" HEIGHT="39" CONTENT="Meeting" WC="0.60" CC="4110478"/>
					</TextLine>
				</TextBlock>
				<TextBlock ID="P19_TB00002" HPOS="205" VPOS="211" WIDTH="632" HEIGHT="103" STYLEREFS="TXT_0 PAR_LEFT">
					<TextLine ID="P19_TL00002" HPOS="452" VPOS="212" WIDTH="316" HEIGHT="36">
						<String ID="P19_ST00004" HPOS="452" VPOS="217" WIDTH="31" HEIGHT="26" CONTENT="to" WC="0.90" CC="01"/>
						<SP ID="P19_SP00003" HPOS="483" VPOS="243" WIDTH="14"/>
						<String ID="P19_ST00005" HPOS="497" VPOS="213" WIDTH="56" HEIGHT="30" CONTENT="ask" WC="0.81" CC="050"/>
						<SP ID="P19_SP00004" HPOS="553" VPOS="243" WIDTH="16"/>
						<String ID="P19_ST00006" HPOS="569" VPOS="213" WIDTH="46" HEIGHT="30" CONTENT="for" WC="0.80" CC="005"/>
						<SP ID="P19_SP00005" HPOS="615" VPOS="243" WIDTH="14"/>
						<String ID="P19_ST00007" HPOS="629" VPOS="212" WIDTH="139" HEIGHT="36" CONTENT="Reform," WC="0.58" CC="7424521"/>
					</TextLine>
					<TextLine ID="P19_TL00003" HPOS="206" VPOS="271" WIDTH="631" HEIGHT="43">
						<String ID="P19_ST00008" HPOS="206" VPOS="273" WIDTH="93" HEIGHT="31" CONTENT="Were" WC="0.63" CC="8060"/>
						<SP ID="P19_SP00006" HPOS="299" VPOS="304" WIDTH="15"/>
						<String ID="P19_ST00009" HPOS="314" VPOS="271" WIDTH="112" HEIGHT="33" CONTENT="sabred" WC="0.62" CC="408207"/>
						<SP ID="P19_SP00007" HPOS="426" VPOS="304" WIDTH="15"/>
						<String ID="P19_ST00010" HPOS="441" VPOS="276" WIDTH="42" HEIGHT="38" CONTENT="by" WC="0.35" CC="84"/>
						<SP ID="P19_SP00008" HPOS="483" VPOS="314" WIDTH="15"/>
						<String ID="P19_ST00011" HPOS="498" VPOS="276" WIDTH="183" HEIGHT="38" CONTENT="Yeomanry" WC="0.81" CC="00001516"/>
						<SP ID="P19_SP00009" HPOS="681" VPOS="314" WIDTH="14"/>
						<String ID="P19_ST00012" HPOS="695" VPOS="276" WIDTH="142" HEIGHT="38" CONTENT="Cavalry," WC="0.58" CC="70500683"/>
					</TextLine>
				</TextBlock>
				<TextBlock ID="P19_TB00003" HPOS="458" VPOS="336" WIDTH="80" HEIGHT="36" STYLEREFS="TXT_0 PAR_LEFT">
					<TextLine ID="P19_TL00004" HPOS="458" VPOS="338" WIDTH="80" HEIGHT="34">
						<String ID="P19_ST00013" HPOS="458" VPOS="338" WIDTH="80" HEIGHT="34" CONTENT="who," WC="0.71" CC="8002"/>
					</TextLine>
				</TextBlock>
				<TextBlock ID="P19_TB00004" HPOS="206" VPOS="398" WIDTH="535" HEIGHT="41" STYLEREFS="TXT_0 PAR_LEFT">
					<TextLine ID="P19_TL00005" HPOS="207" VPOS="399" WIDTH="534" HEIGHT="40">
						<String ID="P19_ST00014" HPOS="207" VPOS="399" WIDTH="93" HEIGHT="31" CONTENT="Were" WC="0.67" CC="5070"/>
						<SP ID="P19_SP00010" HPOS="300" VPOS="430" WIDTH="15"/>
						<String ID="P19_ST00015" HPOS="315" VPOS="400" WIDTH="130" HEIGHT="31" CONTENT="thank'd" WC="0.58" CC="0646415"/>
						<SP ID="P19_SP00011" HPOS="445" VPOS="431" WIDTH="15"/>
						<String ID="P19_ST00016" HPOS="460" VPOS="402" WIDTH="40" HEIGHT="37" CONTENT="by" WC="0.31" CC="67"/>
						<SP ID="P19_SP00012" HPOS="500" VPOS="439" WIDTH="17"/>
						<String ID="P19_ST00017" HPOS="517" VPOS="401" WIDTH="92" HEIGHT="30" CONTENT="THE" WC="0.81" CC="050"/>
						<SP ID="P19_SP00013" HPOS="609" VPOS="439" WIDTH="23"/>
						<String ID="P19_ST00018" HPOS="632" VPOS="402" WIDTH="109" HEIGHT="34" CONTENT="MAN," WC="0.58" CC="0474"/>
					</TextLine>
				</TextBlock>
				<TextBlock ID="P19_TB00005" HPOS="453" VPOS="462" WIDTH="367" HEIGHT="34" STYLEREFS="TXT_0 PAR_RIGHT">
					<TextLine ID="P19_TL00006" HPOS="453" VPOS="464" WIDTH="367" HEIGHT="32">
						<String ID="P19_ST00019" HPOS="453" VPOS="464" WIDTH="40" HEIGHT="28" CONTENT="all" WC="0.69" CC="350"/>
						<SP ID="P19_SP00014" HPOS="493" VPOS="492" WIDTH="16"/>
						<String ID="P19_ST00020" HPOS="509" VPOS="464" WIDTH="114" HEIGHT="30" CONTENT="shaven" WC="0.62" CC="510707"/>
						<SP ID="P19_SP00015" HPOS="623" VPOS="494" WIDTH="16"/>
						<String ID="P19_ST00021" HPOS="639" VPOS="464" WIDTH="61" HEIGHT="29" CONTENT="and" WC="0.77" CC="105"/>
						<SP ID="P19_SP00016" HPOS="700" VPOS="494" WIDTH="14"/>
						<String ID="P19_ST00022" HPOS="714" VPOS="464" WIDTH="106" HEIGHT="32" CONTENT="shorn," WC="0.54" CC="604780"/>
					</TextLine>
				</TextBlock>
				<TextBlock ID="P19_TB00006" HPOS="204" VPOS="521" WIDTH="461" HEIGHT="32" STYLEREFS="TXT_0 PAR_LEFT">
					<TextLine ID="P19_TL00007" HPOS="205" VPOS="522" WIDTH="460" HEIGHT="31">
						<String ID="P19_ST00023" HPOS="205" VPOS="522" WIDTH="53" HEIGHT="30" CONTENT="All" WC="0.33" CC="847"/>
						<SP ID="P19_SP00017" HPOS="258" VPOS="552" WIDTH="16"/>
						<String ID="P19_ST00024" HPOS="274" VPOS="524" WIDTH="124" HEIGHT="29" CONTENT="cover'd" WC="0.81" CC="0060150"/>
						<SP ID="P19_SP00018" HPOS="398" VPOS="553" WIDTH="17"/>
						<String ID="P19_ST00025" HPOS="415" VPOS="524" WIDTH="75" HEIGHT="29" CONTENT="with" WC="0.82" CC="7000"/>
						<SP ID="P19_SP00019" HPOS="490" VPOS="553" WIDTH="16"/>
						<String ID="P19_ST00026" HPOS="506" VPOS="524" WIDTH="117" HEIGHT="29" CONTENT="Orders" WC="0.58" CC="076027"/>
						<String ID="P19_ST00027" HPOS="625" VPOS="542" WIDTH="40" HEIGHT="4" CONTENT="—" WC="0.20" CC="8"/>
					</TextLine>
				</TextBlock>
				<TextBlock ID="P19_TB00007" HPOS="454" VPOS="585" WIDTH="269" HEIGHT="35" STYLEREFS="TXT_0 PAR_CENTER">
					<TextLine ID="P19_TL00008" HPOS="454" VPOS="587" WIDTH="269" HEIGHT="33">
						<String ID="P19_ST00028" HPOS="454" VPOS="587" WIDTH="61" HEIGHT="29" CONTENT="and" WC="0.42" CC="556"/>
						<SP ID="P19_SP00020" HPOS="515" VPOS="616" WIDTH="15"/>
						<String ID="P19_ST00029" HPOS="530" VPOS="587" WIDTH="40" HEIGHT="29" CONTENT="all" WC="0.96" CC="010"/>
						<SP ID="P19_SP00021" HPOS="570" VPOS="616" WIDTH="16"/>
						<String ID="P19_ST00030" HPOS="586" VPOS="587" WIDTH="118" HEIGHT="30" CONTENT="forlorn" WC="0.60" CC="0724514"/>
						<SP ID="P19_SP00022" HPOS="704" VPOS="617" WIDTH="14"/>
						<String ID="P19_ST00031" HPOS="718" VPOS="600" WIDTH="5" HEIGHT="20" CONTENT=";" WC="0.63" CC="3"/>
					</TextLine>
				</TextBlock>
				<TextBlock ID="P19_TB00008" HPOS="203" VPOS="645" WIDTH="511" HEIGHT="38" STYLEREFS="TXT_0 PAR_LEFT">
					<TextLine ID="P19_TL00009" HPOS="203" VPOS="646" WIDTH="511" HEIGHT="37">
						<String ID="P19_ST00032" HPOS="203" VPOS="646" WIDTH="92" HEIGHT="31" CONTENT="THE" WC="0.72" CC="151"/>
						<SP ID="P19_SP00023" HPOS="295" VPOS="677" WIDTH="15"/>
						<String ID="P19_ST00033" HPOS="310" VPOS="647" WIDTH="160" HEIGHT="32" CONTENT="DANDY" WC="0.37" CC="48656"/>
						<SP ID="P19_SP00024" HPOS="470" VPOS="679" WIDTH="22"/>
						<String ID="P19_ST00034" HPOS="492" VPOS="649" WIDTH="56" HEIGHT="30" CONTENT="OF" WC="0.53" CC="53"/>
						<SP ID="P19_SP00025" HPOS="548" VPOS="679" WIDTH="23"/>
						<String ID="P19_ST00035" HPOS="571" VPOS="648" WIDTH="143" HEIGHT="35" CONTENT="SIXTY," WC="0.59" CC="047065"/>
					</TextLine>
				</TextBlock>
				<TextBlock ID="P19_TB00009" HPOS="204" VPOS="709" WIDTH="655" HEIGHT="224" STYLEREFS="TXT_0 PAR_LEFT">
					<TextLine ID="P19_TL00010" HPOS="453" VPOS="710" WIDTH="406" HEIGHT="38">
						<String ID="P19_ST00036" HPOS="453" VPOS="711" WIDTH="71" HEIGHT="29" CONTENT="who" WC="0.42" CC="762"/>
						<SP ID="P19_SP00026" HPOS="524" VPOS="740" WIDTH="15"/>
						<String ID="P19_ST00037" HPOS="539" VPOS="712" WIDTH="85" HEIGHT="28" CONTENT="bows" WC="0.32" CC="8737"/>
						<SP ID="P19_SP00027" HPOS="624" VPOS="740" WIDTH="13"/>
						<String ID="P19_ST00038" HPOS="637" VPOS="710" WIDTH="75" HEIGHT="30" CONTENT="with" WC="0.53" CC="7055"/>
						<SP ID="P19_SP00028" HPOS="712" VPOS="740" WIDTH="15"/>
						<String ID="P19_ST00039" HPOS="727" VPOS="720" WIDTH="17" HEIGHT="19" CONTENT="a" WC="1.00" CC="0"/>
						<SP ID="P19_SP00029" HPOS="744" VPOS="740" WIDTH="13"/>
						<String ID="P19_ST00040" HPOS="757" VPOS="719" WIDTH="102" HEIGHT="29" CONTENT="grace," WC="0.50" CC="860680"/>
					</TextLine>
					<TextLine ID="P19_TL00011" HPOS="204" VPOS="770" WIDTH="531" HEIGHT="42">
						<String ID="P19_ST00041" HPOS="204" VPOS="770" WIDTH="72" HEIGHT="30" CONTENT="And" WC="0.27" CC="587"/>
						<SP ID="P19_SP00030" HPOS="276" VPOS="800" WIDTH="16"/>
						<String ID="P19_ST00042" HPOS="292" VPOS="771" WIDTH="54" HEIGHT="29" CONTENT="has" WC="0.84" CC="022"/>
						<SP ID="P19_SP00031" HPOS="346" VPOS="800" WIDTH="16"/>
						<String ID="P19_ST00043" HPOS="362" VPOS="776" WIDTH="86" HEIGHT="27" CONTENT="taste" WC="0.80" CC="01304"/>
						<SP ID="P19_SP00032" HPOS="448" VPOS="803" WIDTH="15"/>
						<String ID="P19_ST00044" HPOS="463" VPOS="773" WIDTH="31" HEIGHT="30" CONTENT="in" WC="0.67" CC="06"/>
						<SP ID="P19_SP00033" HPOS="494" VPOS="803" WIDTH="16"/>
						<String ID="P19_ST00045" HPOS="510" VPOS="773" WIDTH="87" HEIGHT="39" CONTENT="wigs," WC="0.54" CC="60870"/>
						<SP ID="P19_SP00034" HPOS="597" VPOS="812" WIDTH="17"/>
						<String ID="P19_ST00046" HPOS="614" VPOS="773" WIDTH="121" HEIGHT="35" CONTENT="collars," WC="0.62" CC="70200854"/>
					</TextLine>
					<TextLine ID="P19_TL00012" HPOS="456" VPOS="835" WIDTH="336" HEIGHT="37">
						<String ID="P19_ST00047" HPOS="456" VPOS="836" WIDTH="162" HEIGHT="36" CONTENT="cuirasses," WC="0.65" CC="0740055065"/>
						<SP ID="P19_SP00035" HPOS="618" VPOS="872" WIDTH="15"/>
						<String ID="P19_ST00048" HPOS="633" VPOS="835" WIDTH="62" HEIGHT="30" CONTENT="and" WC="0.36" CC="468"/>
						<SP ID="P19_SP00036" HPOS="695" VPOS="872" WIDTH="12"/>
						<String ID="P19_ST00049" HPOS="707" VPOS="835" WIDTH="66" HEIGHT="30" CONTENT="lace" WC="0.66" CC="6070"/>
						<SP ID="P19_SP00037" HPOS="773" VPOS="872" WIDTH="13"/>
						<String ID="P19_ST00050" HPOS="786" VPOS="848" WIDTH="6" HEIGHT="22" CONTENT=";" WC="0.68" CC="3"/>
					</TextLine>
					<TextLine ID="P19_TL00013" HPOS="205" VPOS="896" WIDTH="508" HEIGHT="37">
						<String ID="P19_ST00051" HPOS="205" VPOS="896" WIDTH="92" HEIGHT="36" CONTENT="Who," WC="0.68" CC="7005"/>
						<SP ID="P19_SP00038" HPOS="297" VPOS="932" WIDTH="17"/>
						<String ID="P19_ST00052" HPOS="314" VPOS="900" WIDTH="31" HEIGHT="25" CONTENT="to" WC="0.63" CC="07"/>
						<SP ID="P19_SP00039" HPOS="345" VPOS="932" WIDTH="15"/>
						<String ID="P19_ST00053" HPOS="360" VPOS="897" WIDTH="171" HEIGHT="36" CONTENT="tricksters," WC="0.68" CC="52231710053"/>
						<SP ID="P19_SP00040" HPOS="531" VPOS="933" WIDTH="17"/>
						<String ID="P19_ST00054" HPOS="548" VPOS="898" WIDTH="60" HEIGHT="29" CONTENT="and" WC="0.60" CC="055"/>
						<SP ID="P19_SP00041" HPOS="608" VPOS="933" WIDTH="15"/>
						<String ID="P19_ST00055" HPOS="623" VPOS="899" WIDTH="90" HEIGHT="34" CONTENT="fools," WC="0.79" CC="000740"/>
					</TextLine>
				</TextBlock>
				<TextBlock ID="P19_TB00010" HPOS="202" VPOS="957" WIDTH="802" HEIGHT="98" STYLEREFS="TXT_0 PAR_LEFT">
					<TextLine ID="P19_TL00014" HPOS="447" VPOS="958" WIDTH="557" HEIGHT="36">
						<String ID="P19_ST00056" HPOS="447" VPOS="958" WIDTH="101" HEIGHT="30" CONTENT="leaves" WC="0.69" CC="400707"/>
						<SP ID="P19_SP00042" HPOS="548" VPOS="988" WIDTH="15"/>
						<String ID="P19_ST00057" HPOS="563" VPOS="960" WIDTH="52" HEIGHT="28" CONTENT="the" WC="0.84" CC="130"/>
						<SP ID="P19_SP00043" HPOS="615" VPOS="988" WIDTH="15"/>
						<String ID="P19_ST00058" HPOS="630" VPOS="960" WIDTH="84" HEIGHT="29" CONTENT="State" WC="0.89" CC="00140"/>
						<SP ID="P19_SP00044" HPOS="714" VPOS="989" WIDTH="15"/>
						<String ID="P19_ST00059" HPOS="729" VPOS="959" WIDTH="60" HEIGHT="29" CONTENT="and" WC="0.33" CC="676"/>
						<SP ID="P19_SP00045" HPOS="789" VPOS="989" WIDTH="17"/>
						<String ID="P19_ST00060" HPOS="806" VPOS="960" WIDTH="38" HEIGHT="29" CONTENT="its" WC="0.54" CC="238"/>
						<SP ID="P19_SP00046" HPOS="844" VPOS="989" WIDTH="15"/>
						<String ID="P19_ST00061" HPOS="859" VPOS="964" WIDTH="145" HEIGHT="30" CONTENT="treasure," WC="0.40" CC="038778575"/>
					</TextLine>
					<TextLine ID="P19_TL00015" HPOS="203" VPOS="1019" WIDTH="497" HEIGHT="36">
						<String ID="P19_ST00062" HPOS="203" VPOS="1019" WIDTH="73" HEIGHT="30" CONTENT="And" WC="0.50" CC="364"/>
						<SP ID="P19_SP00047" HPOS="276" VPOS="1049" WIDTH="15"/>
						<String ID="P19_ST00063" HPOS="291" VPOS="1020" WIDTH="91" HEIGHT="29" CONTENT="when" WC="0.60" CC="6008"/>
						<SP ID="P19_SP00048" HPOS="382" VPOS="1049" WIDTH="16"/>
						<String ID="P19_ST00064" HPOS="398" VPOS="1020" WIDTH="149" HEIGHT="29" CONTENT="Britain's" WC="0.77" CC="500000067"/>
						<SP ID="P19_SP00049" HPOS="547" VPOS="1049" WIDTH="15"/>
						<String ID="P19_ST00065" HPOS="562" VPOS="1021" WIDTH="32" HEIGHT="29" CONTENT="in" WC="0.51" CC="27"/>
						<SP ID="P19_SP00050" HPOS="594" VPOS="1050" WIDTH="17"/>
						<String ID="P19_ST00066" HPOS="611" VPOS="1026" WIDTH="89" HEIGHT="29" CONTENT="tears," WC="0.66" CC="002726"/>
					</TextLine>
				</TextBlock>
				<TextBlock ID="P19_TB00011" HPOS="202" VPOS="1082" WIDTH="724" HEIGHT="101" STYLEREFS="TXT_0 PAR_LEFT">
					<TextLine ID="P19_TL00016" HPOS="456" VPOS="1083" WIDTH="470" HEIGHT="40">
						<String ID="P19_ST00067" HPOS="456" VPOS="1083" WIDTH="72" HEIGHT="29" CONTENT="sails" WC="0.70" CC="60034"/>
						<SP ID="P19_SP00051" HPOS="528" VPOS="1112" WIDTH="14"/>
						<String ID="P19_ST00068" HPOS="542" VPOS="1083" WIDTH="98" HEIGHT="30" CONTENT="about" WC="0.77" CC="31060"/>
						<SP ID="P19_SP00052" HPOS="640" VPOS="1113" WIDTH="14"/>
						<String ID="P19_ST00069" HPOS="654" VPOS="1089" WIDTH="31" HEIGHT="24" CONTENT="at" WC="0.83" CC="30"/>
						<SP ID="P19_SP00053" HPOS="685" VPOS="1113" WIDTH="15"/>
						<String ID="P19_ST00070" HPOS="700" VPOS="1083" WIDTH="48" HEIGHT="30" CONTENT="his" WC="0.71" CC="007"/>
						<SP ID="P19_SP00054" HPOS="748" VPOS="1113" WIDTH="14"/>
						<String ID="P19_ST00071" HPOS="762" VPOS="1084" WIDTH="142" HEIGHT="39" CONTENT="pleasure" WC="0.48" CC="28547345"/>
						<SP ID="P19_SP00055" HPOS="904" VPOS="1123" WIDTH="16"/>
						<String ID="P19_ST00072" HPOS="920" VPOS="1097" WIDTH="6" HEIGHT="22" CONTENT=";" WC="1.00" CC="0"/>
					</TextLine>
					<TextLine ID="P19_TL00017" HPOS="202" VPOS="1143" WIDTH="550" HEIGHT="40">
						<String ID="P19_ST00073" HPOS="202" VPOS="1143" WIDTH="84" HEIGHT="29" CONTENT="Who" WC="0.69" CC="440"/>
						<SP ID="P19_SP00056" HPOS="286" VPOS="1172" WIDTH="14"/>
						<String ID="P19_ST00074" HPOS="300" VPOS="1143" WIDTH="131" HEIGHT="40" CONTENT="spurn'd" WC="0.45" CC="3274675"/>
						<SP ID="P19_SP00057" HPOS="431" VPOS="1183" WIDTH="14"/>
						<String ID="P19_ST00075" HPOS="445" VPOS="1144" WIDTH="81" HEIGHT="30" CONTENT="from" WC="0.67" CC="0750"/>
						<SP ID="P19_SP00058" HPOS="526" VPOS="1183" WIDTH="13"/>
						<String ID="P19_ST00076" HPOS="539" VPOS="1144" WIDTH="49" HEIGHT="31" CONTENT="his" WC="0.40" CC="746"/>
						<SP ID="P19_SP00059" HPOS="588" VPOS="1183" WIDTH="15"/>
						<String ID="P19_ST00077" HPOS="603" VPOS="1154" WIDTH="149" HEIGHT="29" CONTENT="presence" WC="0.68" CC="44070170"/>
					</TextLine>
				</TextBlock>
				<TextBlock ID="P19_TB00012" HPOS="452" VPOS="1205" WIDTH="432" HEIGHT="41" STYLEREFS="TXT_0 PAR_RIGHT">
					<TextLine ID="P19_TL00018" HPOS="453" VPOS="1206" WIDTH="431" HEIGHT="40">
						<String ID="P19_ST00078" HPOS="453" VPOS="1206" WIDTH="53" HEIGHT="30" CONTENT="the" WC="0.52" CC="760"/>
						<SP ID="P19_SP00060" HPOS="506" VPOS="1236" WIDTH="16"/>
						<String ID="P19_ST00079" HPOS="522" VPOS="1207" WIDTH="131" HEIGHT="30" CONTENT="Friends" WC="0.55" CC="1633527"/>
						<SP ID="P19_SP00061" HPOS="653" VPOS="1237" WIDTH="16"/>
						<String ID="P19_ST00080" HPOS="669" VPOS="1208" WIDTH="36" HEIGHT="29" CONTENT="of" WC="0.70" CC="50"/>
						<SP ID="P19_SP00062" HPOS="705" VPOS="1237" WIDTH="9"/>
						<String ID="P19_ST00081" HPOS="714" VPOS="1208" WIDTH="49" HEIGHT="29" CONTENT="his" WC="0.30" CC="487"/>
						<SP ID="P19_SP00063" HPOS="763" VPOS="1237" WIDTH="15"/>
						<String ID="P19_ST00082" HPOS="778" VPOS="1208" WIDTH="106" HEIGHT="38" CONTENT="youth," WC="0.63" CC="703370"/>
					</TextLine>
				</TextBlock>
				<TextBlock ID="P19_TB00013" HPOS="200" VPOS="1266" WIDTH="375" HEIGHT="31" STYLEREFS="TXT_0 PAR_LEFT">
					<TextLine ID="P19_TL00019" HPOS="200" VPOS="1268" WIDTH="375" HEIGHT="29">
						<String ID="P19_ST00083" HPOS="200" VPOS="1268" WIDTH="74" HEIGHT="29" CONTENT="And" WC="0.28" CC="687"/>
						<SP ID="P19_SP00064" HPOS="274" VPOS="1297" WIDTH="16"/>
						<String ID="P19_ST00084" HPOS="290" VPOS="1278" WIDTH="73" HEIGHT="19" CONTENT="now" WC="0.60" CC="434"/>
						<SP ID="P19_SP00065" HPOS="363" VPOS="1297" WIDTH="11"/>
						<String ID="P19_ST00085" HPOS="374" VPOS="1268" WIDTH="56" HEIGHT="29" CONTENT="has" WC="0.65" CC="208"/>
						<SP ID="P19_SP00066" HPOS="430" VPOS="1297" WIDTH="16"/>
						<String ID="P19_ST00086" HPOS="446" VPOS="1272" WIDTH="56" HEIGHT="25" CONTENT="not" WC="0.44" CC="834"/>
						<SP ID="P19_SP00067" HPOS="502" VPOS="1297" WIDTH="13"/>
						<String ID="P19_ST00087" HPOS="515" VPOS="1279" WIDTH="60" HEIGHT="18" CONTENT="one" WC="0.48" CC="842"/>
					</TextLine>
				</TextBlock>
				<TextBlock ID="P19_TB00014" HPOS="452" VPOS="1330" WIDTH="490" HEIGHT="34" STYLEREFS="TXT_0 PAR_RIGHT">
					<TextLine ID="P19_TL00020" HPOS="452" VPOS="1330" WIDTH="490" HEIGHT="34">
						<String ID="P19_ST00088" HPOS="452" VPOS="1330" WIDTH="72" HEIGHT="30" CONTENT="who" WC="0.73" CC="700"/>
						<SP ID="P19_SP00068" HPOS="524" VPOS="1360" WIDTH="18"/>
						<String ID="P19_ST00089" HPOS="542" VPOS="1330" WIDTH="61" HEIGHT="30" CONTENT="will" WC="0.70" CC="7021"/>
						<SP ID="P19_SP00069" HPOS="603" VPOS="1360" WIDTH="17"/>
						<String ID="P19_ST00090" HPOS="620" VPOS="1332" WIDTH="53" HEIGHT="29" CONTENT="tell" WC="0.71" CC="1260"/>
						<SP ID="P19_SP00070" HPOS="673" VPOS="1361" WIDTH="17"/>
						<String ID="P19_ST00091" HPOS="690" VPOS="1331" WIDTH="67" HEIGHT="30" CONTENT="him" WC="0.83" CC="500"/>
						<SP ID="P19_SP00071" HPOS="757" VPOS="1361" WIDTH="16"/>
						<String ID="P19_ST00092" HPOS="773" VPOS="1332" WIDTH="52" HEIGHT="30" CONTENT="the" WC="0.85" CC="202"/>
						<SP ID="P19_SP00072" HPOS="825" VPOS="1362" WIDTH="14"/>
						<String ID="P19_ST00093" HPOS="839" VPOS="1330" WIDTH="84" HEIGHT="31" CONTENT="truth" WC="0.82" CC="00800"/>
						<SP ID="P19_SP00073" HPOS="923" VPOS="1362" WIDTH="13"/>
						<String ID="P19_ST00094" HPOS="936" VPOS="1343" WIDTH="6" HEIGHT="21" CONTENT=";" WC="0.51" CC="4"/>
					</TextLine>
				</TextBlock>
				<TextBlock ID="P19_TB00015" HPOS="112" VPOS="1390" WIDTH="815" HEIGHT="162" STYLEREFS="TXT_0 PAR_LEFT">
					<TextLine ID="P19_TL00021" HPOS="114" VPOS="1391" WIDTH="681" HEIGHT="39">
						<String ID="P19_ST00095" HPOS="114" VPOS="1391" WIDTH="84" HEIGHT="30" CONTENT="Who" WC="0.31" CC="865"/>
						<SP ID="P19_SP00074" HPOS="198" VPOS="1421" WIDTH="14"/>
						<String ID="P19_ST00096" HPOS="212" VPOS="1393" WIDTH="75" HEIGHT="29" CONTENT="took" WC="0.84" CC="0050"/>
						<SP ID="P19_SP00075" HPOS="287" VPOS="1422" WIDTH="15"/>
						<String ID="P19_ST00097" HPOS="302" VPOS="1397" WIDTH="31" HEIGHT="25" CONTENT="to" WC="0.66" CC="06"/>
						<SP ID="P19_SP00076" HPOS="333" VPOS="1422" WIDTH="15"/>
						<String ID="P19_ST00098" HPOS="348" VPOS="1392" WIDTH="50" HEIGHT="30" CONTENT="his" WC="0.70" CC="016"/>
						<SP ID="P19_SP00077" HPOS="398" VPOS="1422" WIDTH="11"/>
						<String ID="P19_ST00099" HPOS="409" VPOS="1393" WIDTH="155" HEIGHT="36" CONTENT="counsels," WC="0.71" CC="003760060"/>
						<SP ID="P19_SP00078" HPOS="564" VPOS="1429" WIDTH="16"/>
						<String ID="P19_ST00100" HPOS="580" VPOS="1393" WIDTH="33" HEIGHT="30" CONTENT="in" WC="0.53" CC="08"/>
						<SP ID="P19_SP00079" HPOS="613" VPOS="1429" WIDTH="17"/>
						<String ID="P19_ST00101" HPOS="630" VPOS="1394" WIDTH="60" HEIGHT="29" CONTENT="evil" WC="0.78" CC="0602"/>
						<SP ID="P19_SP00080" HPOS="690" VPOS="1429" WIDTH="16"/>
						<String ID="P19_ST00102" HPOS="706" VPOS="1394" WIDTH="89" HEIGHT="36" CONTENT="hour," WC="0.64" CC="60460"/>
					</TextLine>
					<TextLine ID="P19_TL00022" HPOS="114" VPOS="1454" WIDTH="813" HEIGHT="36">
						<String ID="P19_ST00103" HPOS="114" VPOS="1454" WIDTH="69" HEIGHT="30" CONTENT="The" WC="0.76" CC="700"/>
						<SP ID="P19_SP00081" HPOS="183" VPOS="1484" WIDTH="16"/>
						<String ID="P19_ST00104" HPOS="199" VPOS="1454" WIDTH="132" HEIGHT="31" CONTENT="Friends" WC="0.61" CC="0401765"/>
						<SP ID="P19_SP00082" HPOS="331" VPOS="1485" WIDTH="15"/>
						<String ID="P19_ST00105" HPOS="346" VPOS="1459" WIDTH="31" HEIGHT="25" CONTENT="to" WC="0.78" CC="40"/>
						<SP ID="P19_SP00083" HPOS="377" VPOS="1485" WIDTH="15"/>
						<String ID="P19_ST00106" HPOS="392" VPOS="1454" WIDTH="55" HEIGHT="31" CONTENT="the" WC="0.74" CC="700"/>
						<SP ID="P19_SP00084" HPOS="447" VPOS="1485" WIDTH="14"/>
						<String ID="P19_ST00107" HPOS="461" VPOS="1454" WIDTH="138" HEIGHT="30" CONTENT="Reasons" WC="0.77" CC="3007003"/>
						<SP ID="P19_SP00085" HPOS="599" VPOS="1485" WIDTH="23"/>
						<String ID="P19_ST00108" HPOS="622" VPOS="1455" WIDTH="35" HEIGHT="30" CONTENT="of" WC="0.44" CC="64"/>
						<SP ID="P19_SP00086" HPOS="657" VPOS="1485" WIDTH="17"/>
						<String ID="P19_ST00109" HPOS="674" VPOS="1456" WIDTH="119" HEIGHT="29" CONTENT="lawless" WC="0.48" CC="7074277"/>
						<SP ID="P19_SP00087" HPOS="793" VPOS="1485" WIDTH="15"/>
						<String ID="P19_ST00110" HPOS="808" VPOS="1455" WIDTH="119" HEIGHT="35" CONTENT="Power," WC="0.58" CC="066630"/>
					</TextLine>
					<TextLine ID="P19_TL00023" HPOS="113" VPOS="1518" WIDTH="638" HEIGHT="34">
						<String ID="P19_ST00111" HPOS="113" VPOS="1519" WIDTH="84" HEIGHT="30" CONTENT="That" WC="0.90" CC="0400"/>
						<SP ID="P19_SP00088" HPOS="197" VPOS="1549" WIDTH="13"/>
						<String ID="P19_ST00112" HPOS="210" VPOS="1519" WIDTH="82" HEIGHT="30" CONTENT="back" WC="0.88" CC="1030"/>
						<SP ID="P19_SP00089" HPOS="292" VPOS="1549" WIDTH="14"/>
						<String ID="P19_ST00113" HPOS="306" VPOS="1519" WIDTH="53" HEIGHT="30" CONTENT="the" WC="0.84" CC="040"/>
						<SP ID="P19_SP00090" HPOS="359" VPOS="1549" WIDTH="16"/>
						<String ID="P19_ST00114" HPOS="375" VPOS="1518" WIDTH="112" HEIGHT="31" CONTENT="Public" WC="0.74" CC="235030"/>
						<SP ID="P19_SP00091" HPOS="487" VPOS="1549" WIDTH="13"/>
						<String ID="P19_ST00115" HPOS="500" VPOS="1518" WIDTH="163" HEIGHT="34" CONTENT="Informer," WC="0.63" CC="380504125"/>
						<SP ID="P19_SP00092" HPOS="663" VPOS="1552" WIDTH="17"/>
						<String ID="P19_ST00116" HPOS="680" VPOS="1518" WIDTH="71" HEIGHT="30" CONTENT="who" WC="0.34" CC="774"/>
					</TextLine>
				</TextBlock>
				<TextBlock ID="P19_TB00016" HPOS="110" VPOS="1578" WIDTH="959" HEIGHT="232" STYLEREFS="TXT_0 PAR_LEFT">
					<TextLine ID="P19_TL00024" HPOS="111" VPOS="1579" WIDTH="958" HEIGHT="44">
						<String ID="P19_ST00117" HPOS="111" VPOS="1582" WIDTH="119" HEIGHT="30" CONTENT="Would" WC="0.52" CC="76306"/>
						<SP ID="P19_SP00093" HPOS="230" VPOS="1612" WIDTH="15"/>
						<String ID="P19_ST00118" HPOS="245" VPOS="1587" WIDTH="58" HEIGHT="36" CONTENT="put" WC="0.67" CC="270"/>
						<SP ID="P19_SP00094" HPOS="303" VPOS="1623" WIDTH="15"/>
						<String ID="P19_ST00119" HPOS="318" VPOS="1582" WIDTH="92" HEIGHT="30" CONTENT="down" WC="0.62" CC="6025"/>
						<SP ID="P19_SP00095" HPOS="410" VPOS="1623" WIDTH="17"/>
						<String ID="P19_ST00120" HPOS="427" VPOS="1581" WIDTH="53" HEIGHT="30" CONTENT="the" WC="0.76" CC="060"/>
						<SP ID="P19_SP00096" HPOS="480" VPOS="1623" WIDTH="17"/>
						<String ID="P19_ST00121" HPOS="497" VPOS="1580" WIDTH="119" HEIGHT="42" CONTENT="Thing," WC="0.78" CC="060006"/>
						<SP ID="P19_SP00097" HPOS="616" VPOS="1623" WIDTH="11"/>
						<String ID="P19_ST00122" HPOS="627" VPOS="1580" WIDTH="75" HEIGHT="36" CONTENT="that," WC="0.84" CC="40003"/>
						<SP ID="P19_SP00098" HPOS="702" VPOS="1623" WIDTH="18"/>
						<String ID="P19_ST00123" HPOS="720" VPOS="1582" WIDTH="32" HEIGHT="29" CONTENT="in" WC="0.26" CC="77"/>
						<SP ID="P19_SP00099" HPOS="752" VPOS="1623" WIDTH="14"/>
						<String ID="P19_ST00124" HPOS="766" VPOS="1581" WIDTH="79" HEIGHT="40" CONTENT="spite" WC="0.73" CC="62120"/>
						<SP ID="P19_SP00100" HPOS="845" VPOS="1623" WIDTH="12"/>
						<String ID="P19_ST00125" HPOS="857" VPOS="1580" WIDTH="35" HEIGHT="31" CONTENT="of" WC="0.80" CC="03"/>
						<SP ID="P19_SP00101" HPOS="892" VPOS="1623" WIDTH="10"/>
						<String ID="P19_ST00126" HPOS="902" VPOS="1590" WIDTH="67" HEIGHT="20" CONTENT="new" WC="0.37" CC="746"/>
						<SP ID="P19_SP00102" HPOS="969" VPOS="1623" WIDTH="16"/>
						<String ID="P19_ST00127" HPOS="985" VPOS="1579" WIDTH="84" HEIGHT="35" CONTENT="Acts," WC="0.41" CC="55673"/>
					</TextLine>
					<TextLine ID="P19_TL00025" HPOS="111" VPOS="1643" WIDTH="834" HEIGHT="41">
						<String ID="P19_ST00128" HPOS="111" VPOS="1644" WIDTH="75" HEIGHT="31" CONTENT="And" WC="0.24" CC="876"/>
						<SP ID="P19_SP00103" HPOS="186" VPOS="1675" WIDTH="15"/>
						<String ID="P19_ST00129" HPOS="201" VPOS="1648" WIDTH="146" HEIGHT="36" CONTENT="attempts" WC="0.79" CC="04001307"/>
						<SP ID="P19_SP00104" HPOS="347" VPOS="1684" WIDTH="15"/>
						<String ID="P19_ST00130" HPOS="362" VPOS="1649" WIDTH="31" HEIGHT="24" CONTENT="to" WC="0.76" CC="04"/>
						<SP ID="P19_SP00105" HPOS="393" VPOS="1684" WIDTH="16"/>
						<String ID="P19_ST00131" HPOS="409" VPOS="1644" WIDTH="131" HEIGHT="29" CONTENT="restrain" WC="0.83" CC="00300026"/>
						<SP ID="P19_SP00106" HPOS="540" VPOS="1684" WIDTH="16"/>
						<String ID="P19_ST00132" HPOS="556" VPOS="1643" WIDTH="34" HEIGHT="35" CONTENT="it," WC="0.68" CC="503"/>
						<SP ID="P19_SP00107" HPOS="590" VPOS="1684" WIDTH="17"/>
						<String ID="P19_ST00133" HPOS="607" VPOS="1643" WIDTH="40" HEIGHT="40" CONTENT="by" WC="0.65" CC="07"/>
						<SP ID="P19_SP00108" HPOS="647" VPOS="1684" WIDTH="16"/>
						<String ID="P19_ST00134" HPOS="663" VPOS="1644" WIDTH="138" HEIGHT="29" CONTENT="Soldiers" WC="0.79" CC="40012007"/>
						<SP ID="P19_SP00109" HPOS="801" VPOS="1684" WIDTH="15"/>
						<String ID="P19_ST00135" HPOS="816" VPOS="1653" WIDTH="35" HEIGHT="20" CONTENT="or" WC="0.83" CC="30"/>
						<SP ID="P19_SP00110" HPOS="851" VPOS="1684" WIDTH="14"/>
						<String ID="P19_ST00136" HPOS="865" VPOS="1643" WIDTH="80" HEIGHT="35" CONTENT="Tax," WC="0.88" CC="0004"/>
					</TextLine>
					<TextLine ID="P19_TL00026" HPOS="111" VPOS="1704" WIDTH="874" HEIGHT="46">
						<String ID="P19_ST00137" HPOS="111" VPOS="1709" WIDTH="77" HEIGHT="30" CONTENT="Will" WC="0.73" CC="6400"/>
						<SP ID="P19_SP00111" HPOS="188" VPOS="1739" WIDTH="11"/>
						<String ID="P19_ST00138" HPOS="199" VPOS="1709" WIDTH="120" HEIGHT="41" CONTENT="poison" WC="0.73" CC="402007"/>
						<SP ID="P19_SP00112" HPOS="319" VPOS="1750" WIDTH="13"/>
						<String ID="P19_ST00139" HPOS="332" VPOS="1709" WIDTH="54" HEIGHT="30" CONTENT="the" WC="1.00" CC="000"/>
						<SP ID="P19_SP00113" HPOS="386" VPOS="1750" WIDTH="14"/>
						<String ID="P19_ST00140" HPOS="400" VPOS="1708" WIDTH="140" HEIGHT="35" CONTENT="Vermin," WC="0.64" CC="6001673"/>
						<SP ID="P19_SP00114" HPOS="540" VPOS="1750" WIDTH="18"/>
						<String ID="P19_ST00141" HPOS="558" VPOS="1707" WIDTH="66" HEIGHT="30" CONTENT="that" WC="0.94" CC="0200"/>
						<SP ID="P19_SP00115" HPOS="624" VPOS="1750" WIDTH="14"/>
						<String ID="P19_ST00142" HPOS="638" VPOS="1706" WIDTH="135" HEIGHT="41" CONTENT="plunder" WC="0.60" CC="8468000"/>
						<SP ID="P19_SP00116" HPOS="773" VPOS="1750" WIDTH="11"/>
						<String ID="P19_ST00143" HPOS="784" VPOS="1706" WIDTH="53" HEIGHT="30" CONTENT="the" WC="0.77" CC="240"/>
						<SP ID="P19_SP00117" HPOS="837" VPOS="1750" WIDTH="15"/>
						<String ID="P19_ST00144" HPOS="852" VPOS="1704" WIDTH="133" HEIGHT="35" CONTENT="Wealth," WC="0.60" CC="7506403"/>
					</TextLine>
					<TextLine ID="P19_TL00027" HPOS="110" VPOS="1768" WIDTH="674" HEIGHT="42">
						<String ID="P19_ST00145" HPOS="110" VPOS="1772" WIDTH="135" HEIGHT="38" CONTENT="Thatlay" WC="0.88" CC="0000304"/>
						<SP ID="P19_SP00118" HPOS="245" VPOS="1810" WIDTH="15"/>
						<String ID="P19_ST00146" HPOS="260" VPOS="1771" WIDTH="33" HEIGHT="30" CONTENT="in" WC="0.42" CC="64"/>
						<SP ID="P19_SP00119" HPOS="293" VPOS="1810" WIDTH="14"/>
						<String ID="P19_ST00147" HPOS="307" VPOS="1771" WIDTH="52" HEIGHT="30" CONTENT="the" WC="0.74" CC="520"/>
						<SP ID="P19_SP00120" HPOS="359" VPOS="1810" WIDTH="17"/>
						<String ID="P19_ST00148" HPOS="376" VPOS="1772" WIDTH="121" HEIGHT="35" CONTENT="House," WC="0.43" CC="727626"/>
						<SP ID="P19_SP00121" HPOS="497" VPOS="1810" WIDTH="17"/>
						<String ID="P19_ST00149" HPOS="514" VPOS="1769" WIDTH="66" HEIGHT="30" CONTENT="that" WC="0.84" CC="4100"/>
						<SP ID="P19_SP00122" HPOS="580" VPOS="1810" WIDTH="16"/>
						<String ID="P19_ST00150" HPOS="596" VPOS="1768" WIDTH="80" HEIGHT="31" CONTENT="Jack" WC="0.77" CC="6020"/>
						<SP ID="P19_SP00123" HPOS="676" VPOS="1810" WIDTH="16"/>
						<String ID="P19_ST00151" HPOS="692" VPOS="1768" WIDTH="92" HEIGHT="32" CONTENT="built." WC="0.62" CC="303626"/>
					</TextLine>
				</TextBlock>
				<TextBlock ID="P19_TB00017" HPOS="547" VPOS="1830" WIDTH="20" HEIGHT="21" STYLEREFS="TXT_0 PAR_LEFT">
					<TextLine ID="P19_TL00028" HPOS="548" VPOS="1830" WIDTH="19" HEIGHT="21">
						<String ID="P19_ST00152" HPOS="548" VPOS="1830" WIDTH="19" HEIGHT="21" CONTENT="c" WC="0.73" CC="2"/>
					</TextLine>
				</TextBlock>
			</PrintSpace>
		</Page>
	</Layout>
</alto>
