<?xml version="1.0" encoding="UTF-8"?>
<alto xmlns:xsi="http://www.w3.org/2001/XMLSchema-instance" xsi:noNamespaceSchemaLocation="http://www.bl.uk/schemas/alto/alto-1-4.xsd" xmlns:xlink="http://www.w3.org/1999/xlink">
	<Description>
		<MeasurementUnit>mm10</MeasurementUnit>
		<sourceImageInformation>
			<fileName>//head1/IN/2007-34/A0010556622/004774.jp2</fileName>
		</sourceImageInformation>
		<OCRProcessing ID="OCRPROCESSING_1">
			<preProcessingStep>
				<processingSoftware>
					<softwareCreator>CCS Content Conversion Specialists GmbH, Germany</softwareCreator>
					<softwareName>CCS docWORKS</softwareName>
					<softwareVersion>6.1-0.54</softwareVersion>
				</processingSoftware>
			</preProcessingStep>
			<ocrProcessingStep>
				<processingSoftware>
					<softwareCreator>ABBYY (BIT Software), Russia</softwareCreator>
					<softwareName>Finereader</softwareName>
				</processingSoftware>
			</ocrProcessingStep>
		</OCRProcessing>
	</Description>
	<Styles>
		<TextStyle ID="TXT_0" FONTSIZE="10" FONTFAMILY="Courier New"/>
		<TextStyle ID="TXT_1" FONTSIZE="9" FONTFAMILY="Courier New"/>
		<ParagraphStyle ID="PAR_LEFT" ALIGN="Left"/>
		<ParagraphStyle ID="PAR_CENTER" ALIGN="Center"/>
		<ParagraphStyle ID="PAR_RIGHT" ALIGN="Right"/>
	</Styles>
	<Layout>
		<Page ID="P14" PHYSICAL_IMG_NR="14" HEIGHT="1999" WIDTH="1190" QUALITY="Damaged" POSITION="Left" ACCURACY="56.80">
			<TopMargin ID="P14_TM00001" HPOS="0" VPOS="0" WIDTH="1190" HEIGHT="171"/>
			<LeftMargin ID="P14_LM00001" HPOS="0" VPOS="171" WIDTH="254" HEIGHT="1669"/>
			<RightMargin ID="P14_RM00001" HPOS="1114" VPOS="171" WIDTH="76" HEIGHT="1669">
				<TextBlock ID="P14_TB00001" HPOS="1117" VPOS="1764" WIDTH="6" HEIGHT="12" STYLEREFS="TXT_0 PAR_LEFT">
					<TextLine ID="P14_TL00001" HPOS="1118" VPOS="1764" WIDTH="5" HEIGHT="12">
						<String ID="P14_ST00001" HPOS="1118" VPOS="1764" WIDTH="5" HEIGHT="12" CONTENT="■" WC="0.20" CC="8"/>
					</TextLine>
				</TextBlock>
			</RightMargin>
			<BottomMargin ID="P14_BM00001" HPOS="0" VPOS="1840" WIDTH="1190" HEIGHT="159"/>
			<PrintSpace ID="P14_PS00001" HPOS="254" VPOS="171" WIDTH="860" HEIGHT="1669">
				<TextBlock ID="P14_TB00002" HPOS="391" VPOS="1189" WIDTH="480" HEIGHT="103" STYLEREFS="TXT_1 PAR_LEFT">
					<TextLine ID="P14_TL00002" HPOS="393" VPOS="1190" WIDTH="471" HEIGHT="25">
						<String ID="P14_ST00002" HPOS="393" VPOS="1195" WIDTH="16" HEIGHT="10" CONTENT='"' WC="0.38" CC="6"/>
						<SP ID="P14_SP00001" HPOS="409" VPOS="1205" WIDTH="8"/>
						<String ID="P14_ST00003" HPOS="417" VPOS="1193" WIDTH="46" HEIGHT="20" CONTENT="The" WC="0.47" CC="518"/>
						<SP ID="P14_SP00002" HPOS="463" VPOS="1213" WIDTH="12"/>
						<String ID="P14_ST00004" HPOS="475" VPOS="1192" WIDTH="51" HEIGHT="20" CONTENT="seals" WC="0.44" CC="82717"/>
						<SP ID="P14_SP00003" HPOS="526" VPOS="1213" WIDTH="12"/>
						<String ID="P14_ST00005" HPOS="538" VPOS="1192" WIDTH="22" HEIGHT="19" CONTENT="of" WC="0.57" CC="80"/>
						<SP ID="P14_SP00004" HPOS="560" VPOS="1213" WIDTH="13"/>
						<String ID="P14_ST00006" HPOS="573" VPOS="1191" WIDTH="59" HEIGHT="19" CONTENT="office" WC="0.53" CC="622274"/>
						<SP ID="P14_SP00005" HPOS="632" VPOS="1213" WIDTH="12"/>
						<String ID="P14_ST00007" HPOS="644" VPOS="1190" WIDTH="74" HEIGHT="25" CONTENT="glitter" WC="0.45" CC="8117746"/>
						<SP ID="P14_SP00006" HPOS="718" VPOS="1215" WIDTH="11"/>
						<String ID="P14_ST00008" HPOS="729" VPOS="1191" WIDTH="20" HEIGHT="18" CONTENT="in" WC="0.24" CC="68"/>
						<SP ID="P14_SP00007" HPOS="749" VPOS="1215" WIDTH="10"/>
						<String ID="P14_ST00009" HPOS="759" VPOS="1190" WIDTH="32" HEIGHT="19" CONTENT="his" WC="0.44" CC="645"/>
						<SP ID="P14_SP00008" HPOS="791" VPOS="1215" WIDTH="11"/>
						<String ID="P14_ST00010" HPOS="802" VPOS="1196" WIDTH="46" HEIGHT="18" CONTENT="eyes" WC="0.39" CC="8716"/>
						<SP ID="P14_SP00009" HPOS="848" VPOS="1215" WIDTH="11"/>
						<String ID="P14_ST00011" HPOS="859" VPOS="1196" WIDTH="5" HEIGHT="17" CONTENT=";" WC="0.36" CC="6"/>
					</TextLine>
					<TextLine ID="P14_TL00003" HPOS="392" VPOS="1228" WIDTH="460" HEIGHT="26">
						<String ID="P14_ST00012" HPOS="392" VPOS="1231" WIDTH="33" HEIGHT="19" CONTENT="He" WC="0.42" CC="47"/>
						<SP ID="P14_SP00010" HPOS="425" VPOS="1250" WIDTH="11"/>
						<String ID="P14_ST00013" HPOS="436" VPOS="1230" WIDTH="81" HEIGHT="22" CONTENT="climbs," WC="0.37" CC="8838842"/>
						<SP ID="P14_SP00011" HPOS="517" VPOS="1252" WIDTH="10"/>
						<String ID="P14_ST00014" HPOS="527" VPOS="1229" WIDTH="26" HEIGHT="19" CONTENT="he" WC="0.46" CC="73"/>
						<SP ID="P14_SP00012" HPOS="553" VPOS="1252" WIDTH="12"/>
						<String ID="P14_ST00015" HPOS="565" VPOS="1233" WIDTH="69" HEIGHT="21" CONTENT="pants," WC="0.42" CC="788162"/>
						<SP ID="P14_SP00013" HPOS="634" VPOS="1254" WIDTH="12"/>
						<String ID="P14_ST00016" HPOS="646" VPOS="1229" WIDTH="24" HEIGHT="18" CONTENT="he" WC="0.64" CC="70"/>
						<SP ID="P14_SP00014" HPOS="670" VPOS="1254" WIDTH="12"/>
						<String ID="P14_ST00017" HPOS="682" VPOS="1235" WIDTH="71" HEIGHT="18" CONTENT="grasps" WC="0.36" CC="757718"/>
						<SP ID="P14_SP00015" HPOS="753" VPOS="1254" WIDTH="11"/>
						<String ID="P14_ST00018" HPOS="764" VPOS="1228" WIDTH="58" HEIGHT="19" CONTENT="them" WC="0.39" CC="3677"/>
						<String ID="P14_ST00019" HPOS="825" VPOS="1238" WIDTH="27" HEIGHT="3" CONTENT="—" WC="0.20" CC="8"/>
					</TextLine>
					<TextLine ID="P14_TL00004" HPOS="391" VPOS="1265" WIDTH="480" HEIGHT="27">
						<String ID="P14_ST00020" HPOS="391" VPOS="1269" WIDTH="32" HEIGHT="20" CONTENT="To" WC="1.00" CC="00"/>
						<SP ID="P14_SP00016" HPOS="423" VPOS="1289" WIDTH="10"/>
						<String ID="P14_ST00021" HPOS="433" VPOS="1269" WIDTH="24" HEIGHT="19" CONTENT="be" WC="0.14" CC="88"/>
						<SP ID="P14_SP00017" HPOS="457" VPOS="1289" WIDTH="12"/>
						<String ID="P14_ST00022" HPOS="469" VPOS="1274" WIDTH="11" HEIGHT="13" CONTENT="a" WC="0.90" CC="0"/>
						<SP ID="P14_SP00018" HPOS="480" VPOS="1289" WIDTH="12"/>
						<String ID="P14_ST00023" HPOS="492" VPOS="1272" WIDTH="45" HEIGHT="20" CONTENT="pest" WC="0.25" CC="8677"/>
						<SP ID="P14_SP00019" HPOS="537" VPOS="1292" WIDTH="11"/>
						<String ID="P14_ST00024" HPOS="548" VPOS="1267" WIDTH="67" HEIGHT="19" CONTENT="where" WC="0.37" CC="77726"/>
						<SP ID="P14_SP00020" HPOS="615" VPOS="1292" WIDTH="12"/>
						<String ID="P14_ST00025" HPOS="627" VPOS="1267" WIDTH="26" HEIGHT="18" CONTENT="he" WC="0.38" CC="83"/>
						<SP ID="P14_SP00021" HPOS="653" VPOS="1292" WIDTH="12"/>
						<String ID="P14_ST00026" HPOS="665" VPOS="1272" WIDTH="41" HEIGHT="13" CONTENT="was" WC="0.18" CC="877"/>
						<SP ID="P14_SP00022" HPOS="706" VPOS="1292" WIDTH="11"/>
						<String ID="P14_ST00027" HPOS="717" VPOS="1265" WIDTH="68" HEIGHT="25" CONTENT="useful" WC="0.35" CC="858861"/>
						<SP ID="P14_SP00023" HPOS="785" VPOS="1292" WIDTH="12"/>
						<String ID="P14_ST00028" HPOS="797" VPOS="1265" WIDTH="74" HEIGHT="20" CONTENT='once."' WC="0.40" CC="567807"/>
					</TextLine>
				</TextBlock>
				<TextBlock ID="P14_TB00003" HPOS="640" VPOS="1325" WIDTH="95" HEIGHT="14" STYLEREFS="TXT_1 PAR_CENTER">
					<TextLine ID="P14_TL00005" HPOS="641" VPOS="1325" WIDTH="94" HEIGHT="14">
						<String ID="P14_ST00029" HPOS="641" VPOS="1326" WIDTH="59" HEIGHT="13" CONTENT="THIS" WC="0.41" CC="4458"/>
						<SP ID="P14_SP00024" HPOS="700" VPOS="1339" WIDTH="14"/>
						<String ID="P14_ST00030" HPOS="714" VPOS="1325" WIDTH="21" HEIGHT="14" CONTENT="is" WC="0.27" CC="68"/>
					</TextLine>
				</TextBlock>
				<TextBlock ID="P14_TB00004" HPOS="276" VPOS="1359" WIDTH="838" HEIGHT="47" STYLEREFS="TXT_0 PAR_CENTER">
					<TextLine ID="P14_TL00006" HPOS="276" VPOS="1360" WIDTH="838" HEIGHT="46">
						<String ID="P14_ST00031" HPOS="276" VPOS="1364" WIDTH="140" HEIGHT="42" CONTENT="THE" WC="0.72" CC="080"/>
						<SP ID="P14_SP00025" HPOS="416" VPOS="1406" WIDTH="33"/>
						<String ID="P14_ST00032" HPOS="449" VPOS="1362" WIDTH="247" HEIGHT="42" CONTENT="PUBLIC" WC="0.34" CC="877808"/>
						<SP ID="P14_SP00026" HPOS="696" VPOS="1406" WIDTH="35"/>
						<String ID="P14_ST00033" HPOS="731" VPOS="1360" WIDTH="383" HEIGHT="46" CONTENT="INFORMER," WC="0.36" CC="682687187"/>
					</TextLine>
				</TextBlock>
				<TextBlock ID="P14_TB00005" HPOS="592" VPOS="1428" WIDTH="70" HEIGHT="29" STYLEREFS="TXT_0 PAR_LEFT">
					<TextLine ID="P14_TL00007" HPOS="593" VPOS="1428" WIDTH="69" HEIGHT="29">
						<String ID="P14_ST00034" HPOS="593" VPOS="1428" WIDTH="69" HEIGHT="29" CONTENT="who" WC="0.71" CC="800"/>
					</TextLine>
				</TextBlock>
				<TextBlock ID="P14_TB00006" HPOS="339" VPOS="1489" WIDTH="498" HEIGHT="40" STYLEREFS="TXT_0 PAR_LEFT">
					<TextLine ID="P14_TL00008" HPOS="339" VPOS="1489" WIDTH="498" HEIGHT="40">
						<String ID="P14_ST00035" HPOS="339" VPOS="1493" WIDTH="116" HEIGHT="29" CONTENT="Would" WC="0.62" CC="54305"/>
						<SP ID="P14_SP00027" HPOS="455" VPOS="1522" WIDTH="16"/>
						<String ID="P14_ST00036" HPOS="471" VPOS="1495" WIDTH="56" HEIGHT="34" CONTENT="put" WC="0.64" CC="370"/>
						<SP ID="P14_SP00028" HPOS="527" VPOS="1529" WIDTH="15"/>
						<String ID="P14_ST00037" HPOS="542" VPOS="1490" WIDTH="91" HEIGHT="30" CONTENT="down" WC="0.44" CC="7364"/>
						<SP ID="P14_SP00029" HPOS="633" VPOS="1529" WIDTH="15"/>
						<String ID="P14_ST00038" HPOS="648" VPOS="1489" WIDTH="53" HEIGHT="29" CONTENT="the" WC="1.00" CC="000"/>
						<SP ID="P14_SP00030" HPOS="701" VPOS="1529" WIDTH="19"/>
						<String ID="P14_ST00039" HPOS="720" VPOS="1490" WIDTH="117" HEIGHT="39" CONTENT="Thing," WC="0.84" CC="000017"/>
					</TextLine>
				</TextBlock>
				<TextBlock ID="P14_TB00007" HPOS="342" VPOS="1551" WIDTH="696" HEIGHT="102" STYLEREFS="TXT_0 PAR_LEFT">
					<TextLine ID="P14_TL00009" HPOS="589" VPOS="1552" WIDTH="449" HEIGHT="40">
						<String ID="P14_ST00040" HPOS="589" VPOS="1552" WIDTH="75" HEIGHT="36" CONTENT="that," WC="0.81" CC="80000"/>
						<SP ID="P14_SP00031" HPOS="664" VPOS="1588" WIDTH="18"/>
						<String ID="P14_ST00041" HPOS="682" VPOS="1553" WIDTH="31" HEIGHT="28" CONTENT="in" WC="0.89" CC="02"/>
						<SP ID="P14_SP00032" HPOS="713" VPOS="1588" WIDTH="16"/>
						<String ID="P14_ST00042" HPOS="729" VPOS="1552" WIDTH="79" HEIGHT="40" CONTENT="spite" WC="0.76" CC="40304"/>
						<SP ID="P14_SP00033" HPOS="808" VPOS="1592" WIDTH="15"/>
						<String ID="P14_ST00043" HPOS="823" VPOS="1552" WIDTH="35" HEIGHT="31" CONTENT="of" WC="0.29" CC="85"/>
						<SP ID="P14_SP00034" HPOS="858" VPOS="1592" WIDTH="12"/>
						<String ID="P14_ST00044" HPOS="870" VPOS="1562" WIDTH="69" HEIGHT="21" CONTENT="new" WC="0.45" CC="807"/>
						<SP ID="P14_SP00035" HPOS="939" VPOS="1592" WIDTH="13"/>
						<String ID="P14_ST00045" HPOS="952" VPOS="1552" WIDTH="86" HEIGHT="36" CONTENT="Acts," WC="0.78" CC="02070"/>
					</TextLine>
					<TextLine ID="P14_TL00010" HPOS="342" VPOS="1614" WIDTH="470" HEIGHT="39">
						<String ID="P14_ST00046" HPOS="342" VPOS="1616" WIDTH="71" HEIGHT="30" CONTENT="And" WC="0.36" CC="377"/>
						<SP ID="P14_SP00036" HPOS="413" VPOS="1646" WIDTH="16"/>
						<String ID="P14_ST00047" HPOS="429" VPOS="1619" WIDTH="143" HEIGHT="34" CONTENT="attempts" WC="0.72" CC="20205038"/>
						<SP ID="P14_SP00037" HPOS="572" VPOS="1653" WIDTH="12"/>
						<String ID="P14_ST00048" HPOS="584" VPOS="1619" WIDTH="32" HEIGHT="25" CONTENT="to" WC="1.00" CC="00"/>
						<SP ID="P14_SP00038" HPOS="616" VPOS="1653" WIDTH="15"/>
						<String ID="P14_ST00049" HPOS="631" VPOS="1615" WIDTH="131" HEIGHT="29" CONTENT="restrain" WC="0.82" CC="00800005"/>
						<SP ID="P14_SP00039" HPOS="762" VPOS="1653" WIDTH="14"/>
						<String ID="P14_ST00050" HPOS="776" VPOS="1614" WIDTH="36" HEIGHT="35" CONTENT="it," WC="0.74" CC="051"/>
					</TextLine>
				</TextBlock>
				<TextBlock ID="P14_TB00008" HPOS="587" VPOS="1676" WIDTH="335" HEIGHT="39" STYLEREFS="TXT_0 PAR_RIGHT">
					<TextLine ID="P14_TL00011" HPOS="587" VPOS="1677" WIDTH="335" HEIGHT="38">
						<String ID="P14_ST00051" HPOS="587" VPOS="1678" WIDTH="41" HEIGHT="37" CONTENT="by" WC="0.45" CC="37"/>
						<SP ID="P14_SP00040" HPOS="628" VPOS="1715" WIDTH="14"/>
						<String ID="P14_ST00052" HPOS="642" VPOS="1677" WIDTH="138" HEIGHT="30" CONTENT="Soldiers" WC="0.78" CC="30340140"/>
						<SP ID="P14_SP00041" HPOS="780" VPOS="1715" WIDTH="11"/>
						<String ID="P14_ST00053" HPOS="791" VPOS="1687" WIDTH="36" HEIGHT="19" CONTENT="or" WC="0.79" CC="40"/>
						<SP ID="P14_SP00042" HPOS="827" VPOS="1715" WIDTH="15"/>
						<String ID="P14_ST00054" HPOS="842" VPOS="1677" WIDTH="80" HEIGHT="35" CONTENT="Tax," WC="0.78" CC="0602"/>
					</TextLine>
				</TextBlock>
				<TextBlock ID="P14_TB00009" HPOS="254" VPOS="1738" WIDTH="858" HEIGHT="102" STYLEREFS="TXT_0 PAR_LEFT">
					<TextLine ID="P14_TL00012" HPOS="256" VPOS="1738" WIDTH="856" HEIGHT="41">
						<String ID="P14_ST00055" HPOS="256" VPOS="1740" WIDTH="75" HEIGHT="30" CONTENT="Will" WC="0.66" CC="5043"/>
						<SP ID="P14_SP00043" HPOS="331" VPOS="1770" WIDTH="11"/>
						<String ID="P14_ST00056" HPOS="342" VPOS="1740" WIDTH="117" HEIGHT="39" CONTENT="poison" WC="0.68" CC="720035"/>
						<SP ID="P14_SP00044" HPOS="459" VPOS="1779" WIDTH="14"/>
						<String ID="P14_ST00057" HPOS="473" VPOS="1738" WIDTH="52" HEIGHT="30" CONTENT="the" WC="0.86" CC="400"/>
						<SP ID="P14_SP00045" HPOS="525" VPOS="1779" WIDTH="14"/>
						<String ID="P14_ST00058" HPOS="539" VPOS="1738" WIDTH="139" HEIGHT="35" CONTENT="Vermin," WC="0.72" CC="8201060"/>
						<SP ID="P14_SP00046" HPOS="678" VPOS="1779" WIDTH="14"/>
						<String ID="P14_ST00059" HPOS="692" VPOS="1738" WIDTH="66" HEIGHT="31" CONTENT="that" WC="1.00" CC="0000"/>
						<SP ID="P14_SP00047" HPOS="758" VPOS="1779" WIDTH="14"/>
						<String ID="P14_ST00060" HPOS="772" VPOS="1739" WIDTH="134" HEIGHT="40" CONTENT="plunder" WC="0.81" CC="0008202"/>
						<SP ID="P14_SP00048" HPOS="906" VPOS="1779" WIDTH="14"/>
						<String ID="P14_ST00061" HPOS="920" VPOS="1740" WIDTH="53" HEIGHT="32" CONTENT="the" WC="0.37" CC="476"/>
						<SP ID="P14_SP00049" HPOS="973" VPOS="1779" WIDTH="15"/>
						<String ID="P14_ST00062" HPOS="988" VPOS="1740" WIDTH="124" HEIGHT="31" CONTENT="Wealth" WC="0.54" CC="882305"/>
					</TextLine>
					<TextLine ID="P14_TL00013" HPOS="255" VPOS="1799" WIDTH="674" HEIGHT="41">
						<String ID="P14_ST00063" HPOS="255" VPOS="1802" WIDTH="84" HEIGHT="30" CONTENT="That" WC="0.95" CC="0010"/>
						<SP ID="P14_SP00050" HPOS="339" VPOS="1832" WIDTH="16"/>
						<String ID="P14_ST00064" HPOS="355" VPOS="1801" WIDTH="47" HEIGHT="39" CONTENT="lay" WC="0.63" CC="208"/>
						<SP ID="P14_SP00051" HPOS="402" VPOS="1840" WIDTH="15"/>
						<String ID="P14_ST00065" HPOS="417" VPOS="1801" WIDTH="32" HEIGHT="30" CONTENT="in" WC="0.54" CC="08"/>
						<SP ID="P14_SP00052" HPOS="449" VPOS="1840" WIDTH="16"/>
						<String ID="P14_ST00066" HPOS="465" VPOS="1800" WIDTH="53" HEIGHT="31" CONTENT="the" WC="0.78" CC="600"/>
						<SP ID="P14_SP00053" HPOS="518" VPOS="1840" WIDTH="13"/>
						<String ID="P14_ST00067" HPOS="531" VPOS="1800" WIDTH="117" HEIGHT="36" CONTENT="House," WC="0.66" CC="407304"/>
						<SP ID="P14_SP00054" HPOS="648" VPOS="1840" WIDTH="16"/>
						<String ID="P14_ST00068" HPOS="664" VPOS="1799" WIDTH="65" HEIGHT="30" CONTENT="that" WC="0.89" CC="0400"/>
						<SP ID="P14_SP00055" HPOS="729" VPOS="1840" WIDTH="15"/>
						<String ID="P14_ST00069" HPOS="744" VPOS="1800" WIDTH="79" HEIGHT="30" CONTENT="Jack" WC="0.56" CC="6370"/>
						<SP ID="P14_SP00056" HPOS="823" VPOS="1840" WIDTH="15"/>
						<String ID="P14_ST00070" HPOS="838" VPOS="1800" WIDTH="91" HEIGHT="31" CONTENT="built." WC="0.67" CC="571220"/>
					</TextLine>
				</TextBlock>
				<ComposedBlock ID="P14_CB00001" HPOS="362" VPOS="171" WIDTH="669" HEIGHT="966" STYLEREFS="TXT_1 PAR_LEFT" TYPE="Illustration">
					<GraphicalElement ID="P14_CB00001_SUB" HPOS="362" VPOS="171" WIDTH="669" HEIGHT="966"/>
				</ComposedBlock>
			</PrintSpace>
		</Page>
	</Layout>
</alto>
