<?xml version="1.0" encoding="UTF-8"?>
<alto xmlns:xsi="http://www.w3.org/2001/XMLSchema-instance" xsi:noNamespaceSchemaLocation="http://www.bl.uk/schemas/alto/alto-1-4.xsd" xmlns:xlink="http://www.w3.org/1999/xlink">
	<Description>
		<MeasurementUnit>mm10</MeasurementUnit>
		<sourceImageInformation>
			<fileName>//head1/IN/2007-34/A0010556622/004789.jp2</fileName>
		</sourceImageInformation>
		<OCRProcessing ID="OCRPROCESSING_1">
			<preProcessingStep>
				<processingSoftware>
					<softwareCreator>CCS Content Conversion Specialists GmbH, Germany</softwareCreator>
					<softwareName>CCS docWORKS</softwareName>
					<softwareVersion>6.1-0.54</softwareVersion>
				</processingSoftware>
			</preProcessingStep>
			<ocrProcessingStep>
				<processingSoftware>
					<softwareCreator>ABBYY (BIT Software), Russia</softwareCreator>
					<softwareName>Finereader</softwareName>
				</processingSoftware>
			</ocrProcessingStep>
		</OCRProcessing>
	</Description>
	<Styles>
		<TextStyle ID="TXT_0" FONTSIZE="10" FONTFAMILY="Courier New"/>
		<ParagraphStyle ID="PAR_LEFT" ALIGN="Left"/>
		<ParagraphStyle ID="PAR_RIGHT" ALIGN="Right"/>
		<ParagraphStyle ID="PAR_CENTER" ALIGN="Center"/>
	</Styles>
	<Layout>
		<Page ID="P29" PHYSICAL_IMG_NR="29" HEIGHT="1999" WIDTH="1190" QUALITY="Damaged" POSITION="Right" ACCURACY="61.78">
			<TopMargin ID="P29_TM00001" HPOS="0" VPOS="0" WIDTH="1190" HEIGHT="157"/>
			<LeftMargin ID="P29_LM00001" HPOS="0" VPOS="157" WIDTH="158" HEIGHT="1740"/>
			<RightMargin ID="P29_RM00001" HPOS="925" VPOS="157" WIDTH="265" HEIGHT="1740"/>
			<BottomMargin ID="P29_BM00001" HPOS="0" VPOS="1897" WIDTH="1190" HEIGHT="102"/>
			<PrintSpace ID="P29_PS00001" HPOS="158" VPOS="157" WIDTH="837" HEIGHT="1740">
				<TextBlock ID="P29_TB00001" HPOS="179" VPOS="157" WIDTH="583" HEIGHT="47" STYLEREFS="TXT_0 PAR_LEFT">
					<TextLine ID="P29_TL00001" HPOS="180" VPOS="158" WIDTH="582" HEIGHT="46">
						<String ID="P29_ST00001" HPOS="180" VPOS="158" WIDTH="129" HEIGHT="41" CONTENT="Having" WC="0.42" CC="705568"/>
						<SP ID="P29_SP00001" HPOS="309" VPOS="199" WIDTH="14"/>
						<String ID="P29_ST00002" HPOS="323" VPOS="160" WIDTH="150" HEIGHT="41" CONTENT="charged" WC="0.60" CC="2084650"/>
						<SP ID="P29_SP00002" HPOS="473" VPOS="201" WIDTH="13"/>
						<String ID="P29_ST00003" HPOS="486" VPOS="162" WIDTH="54" HEIGHT="30" CONTENT="the" WC="0.57" CC="560"/>
						<SP ID="P29_SP00003" HPOS="540" VPOS="201" WIDTH="15"/>
						<String ID="P29_ST00004" HPOS="555" VPOS="164" WIDTH="107" HEIGHT="29" CONTENT="Grand" WC="0.35" CC="78087"/>
						<SP ID="P29_SP00004" HPOS="662" VPOS="201" WIDTH="14"/>
						<String ID="P29_ST00005" HPOS="676" VPOS="165" WIDTH="86" HEIGHT="39" CONTENT="Jury," WC="0.45" CC="55880"/>
					</TextLine>
				</TextBlock>
				<TextBlock ID="P29_TB00002" HPOS="430" VPOS="224" WIDTH="472" HEIGHT="42" STYLEREFS="TXT_0 PAR_RIGHT">
					<TextLine ID="P29_TL00002" HPOS="431" VPOS="225" WIDTH="471" HEIGHT="41">
						<String ID="P29_ST00006" HPOS="431" VPOS="225" WIDTH="90" HEIGHT="31" CONTENT="dines" WC="0.45" CC="80837"/>
						<SP ID="P29_SP00005" HPOS="521" VPOS="256" WIDTH="15"/>
						<String ID="P29_ST00007" HPOS="536" VPOS="227" WIDTH="77" HEIGHT="30" CONTENT="with" WC="0.49" CC="7128"/>
						<SP ID="P29_SP00006" HPOS="613" VPOS="257" WIDTH="15"/>
						<String ID="P29_ST00008" HPOS="628" VPOS="226" WIDTH="97" HEIGHT="37" CONTENT="them," WC="0.77" CC="00271"/>
						<SP ID="P29_SP00007" HPOS="725" VPOS="263" WIDTH="14"/>
						<String ID="P29_ST00009" HPOS="739" VPOS="228" WIDTH="61" HEIGHT="29" CONTENT="and" WC="0.29" CC="758"/>
						<SP ID="P29_SP00008" HPOS="800" VPOS="263" WIDTH="16"/>
						<String ID="P29_ST00010" HPOS="816" VPOS="229" WIDTH="86" HEIGHT="37" CONTENT="gives" WC="0.54" CC="60348"/>
					</TextLine>
				</TextBlock>
				<TextBlock ID="P29_TB00003" HPOS="179" VPOS="284" WIDTH="743" HEIGHT="46" STYLEREFS="TXT_0 PAR_CENTER">
					<TextLine ID="P29_TL00003" HPOS="180" VPOS="285" WIDTH="742" HEIGHT="45">
						<String ID="P29_ST00011" HPOS="180" VPOS="289" WIDTH="19" HEIGHT="13" CONTENT='"' WC="1.00" CC="0"/>
						<SP ID="P29_SP00009" HPOS="199" VPOS="302" WIDTH="17"/>
						<String ID="P29_ST00012" HPOS="216" VPOS="285" WIDTH="148" HEIGHT="31" CONTENT="Church" WC="0.38" CC="677807"/>
						<SP ID="P29_SP00010" HPOS="364" VPOS="316" WIDTH="19"/>
						<String ID="P29_ST00013" HPOS="383" VPOS="297" WIDTH="70" HEIGHT="21" CONTENT="and" WC="0.18" CC="878"/>
						<SP ID="P29_SP00011" HPOS="453" VPOS="318" WIDTH="16"/>
						<String ID="P29_ST00014" HPOS="469" VPOS="288" WIDTH="96" HEIGHT="30" CONTENT="King" WC="0.35" CC="5587"/>
						<SP ID="P29_SP00012" HPOS="565" VPOS="318" WIDTH="16"/>
						<String ID="P29_ST00015" HPOS="581" VPOS="290" WIDTH="131" HEIGHT="30" CONTENT="without" WC="0.86" CC="8000001"/>
						<SP ID="P29_SP00013" HPOS="712" VPOS="320" WIDTH="15"/>
						<String ID="P29_ST00016" HPOS="727" VPOS="291" WIDTH="154" HEIGHT="39" CONTENT="day-light" WC="0.74" CC="321104800"/>
						<String ID="P29_ST00017" HPOS="894" VPOS="292" WIDTH="28" HEIGHT="34" CONTENT=';"' WC="0.54" CC="26"/>
					</TextLine>
				</TextBlock>
				<TextBlock ID="P29_TB00004" HPOS="178" VPOS="353" WIDTH="688" HEIGHT="102" STYLEREFS="TXT_0 PAR_LEFT">
					<TextLine ID="P29_TL00004" HPOS="434" VPOS="353" WIDTH="432" HEIGHT="40">
						<String ID="P29_ST00018" HPOS="434" VPOS="353" WIDTH="187" HEIGHT="40" CONTENT="gets^res^," WC="0.33" CC="8078888881"/>
						<SP ID="P29_SP00014" HPOS="621" VPOS="393" WIDTH="12"/>
						<String ID="P29_ST00019" HPOS="633" VPOS="353" WIDTH="59" HEIGHT="29" CONTENT="and" WC="0.73" CC="008"/>
						<SP ID="P29_SP00015" HPOS="692" VPOS="393" WIDTH="14"/>
						<String ID="P29_ST00020" HPOS="706" VPOS="358" WIDTH="72" HEIGHT="35" CONTENT="puts" WC="0.54" CC="7307"/>
						<SP ID="P29_SP00016" HPOS="778" VPOS="393" WIDTH="12"/>
						<String ID="P29_ST00021" HPOS="790" VPOS="354" WIDTH="32" HEIGHT="29" CONTENT="in" WC="0.59" CC="08"/>
						<String ID="P29_ST00022" HPOS="826" VPOS="373" WIDTH="40" HEIGHT="3" CONTENT="—" WC="0.20" CC="8"/>
					</TextLine>
					<TextLine ID="P29_TL00005" HPOS="179" VPOS="413" WIDTH="488" HEIGHT="42">
						<String ID="P29_ST00023" HPOS="179" VPOS="413" WIDTH="48" HEIGHT="30" CONTENT="To" WC="0.81" CC="21"/>
						<SP ID="P29_SP00017" HPOS="227" VPOS="443" WIDTH="17"/>
						<String ID="P29_ST00024" HPOS="244" VPOS="413" WIDTH="53" HEIGHT="31" CONTENT="the" WC="0.83" CC="005"/>
						<SP ID="P29_SP00018" HPOS="297" VPOS="444" WIDTH="15"/>
						<String ID="P29_ST00025" HPOS="312" VPOS="416" WIDTH="105" HEIGHT="29" CONTENT="stocks" WC="0.70" CC="630403"/>
						<SP ID="P29_SP00019" HPOS="417" VPOS="445" WIDTH="14"/>
						<String ID="P29_ST00026" HPOS="431" VPOS="415" WIDTH="111" HEIGHT="40" CONTENT="vulgar" WC="0.50" CC="508807"/>
						<SP ID="P29_SP00020" HPOS="542" VPOS="455" WIDTH="14"/>
						<String ID="P29_ST00027" HPOS="556" VPOS="416" WIDTH="111" HEIGHT="39" CONTENT="people" WC="0.75" CC="005180"/>
					</TextLine>
				</TextBlock>
				<TextBlock ID="P29_TB00005" HPOS="428" VPOS="477" WIDTH="377" HEIGHT="39" STYLEREFS="TXT_0 PAR_RIGHT">
					<TextLine ID="P29_TL00006" HPOS="430" VPOS="478" WIDTH="375" HEIGHT="38">
						<String ID="P29_ST00028" HPOS="430" VPOS="478" WIDTH="71" HEIGHT="29" CONTENT="who" WC="0.78" CC="600"/>
						<SP ID="P29_SP00021" HPOS="501" VPOS="507" WIDTH="15"/>
						<String ID="P29_ST00029" HPOS="516" VPOS="478" WIDTH="108" HEIGHT="30" CONTENT="fuddle" WC="0.65" CC="108802"/>
						<SP ID="P29_SP00022" HPOS="624" VPOS="508" WIDTH="17"/>
						<String ID="P29_ST00030" HPOS="641" VPOS="478" WIDTH="76" HEIGHT="29" CONTENT="with" WC="0.58" CC="5065"/>
						<SP ID="P29_SP00023" HPOS="717" VPOS="508" WIDTH="16"/>
						<String ID="P29_ST00031" HPOS="733" VPOS="479" WIDTH="55" HEIGHT="37" CONTENT="gin" WC="0.27" CC="857"/>
						<SP ID="P29_SP00024" HPOS="788" VPOS="516" WIDTH="12"/>
						<String ID="P29_ST00032" HPOS="800" VPOS="490" WIDTH="5" HEIGHT="18" CONTENT=":" WC="0.80" CC="1"/>
					</TextLine>
				</TextBlock>
				<TextBlock ID="P29_TB00006" HPOS="176" VPOS="538" WIDTH="538" HEIGHT="40" STYLEREFS="TXT_0 PAR_LEFT">
					<TextLine ID="P29_TL00007" HPOS="176" VPOS="539" WIDTH="538" HEIGHT="39">
						<String ID="P29_ST00033" HPOS="176" VPOS="539" WIDTH="95" HEIGHT="39" CONTENT="Stage" WC="0.84" CC="00080"/>
						<SP ID="P29_SP00025" HPOS="271" VPOS="578" WIDTH="15"/>
						<String ID="P29_ST00034" HPOS="286" VPOS="541" WIDTH="184" HEIGHT="36" CONTENT="coachmen," WC="0.73" CC="030057080"/>
						<SP ID="P29_SP00026" HPOS="470" VPOS="578" WIDTH="15"/>
						<String ID="P29_ST00035" HPOS="485" VPOS="542" WIDTH="59" HEIGHT="29" CONTENT="and" WC="0.23" CC="678"/>
						<SP ID="P29_SP00027" HPOS="544" VPOS="578" WIDTH="18"/>
						<String ID="P29_ST00036" HPOS="562" VPOS="542" WIDTH="152" HEIGHT="34" CONTENT="toll-men," WC="0.79" CC="043006030"/>
					</TextLine>
				</TextBlock>
				<TextBlock ID="P29_TB00007" HPOS="172" VPOS="603" WIDTH="650" HEIGHT="103" STYLEREFS="TXT_0 PAR_LEFT">
					<TextLine ID="P29_TL00008" HPOS="427" VPOS="605" WIDTH="395" HEIGHT="39">
						<String ID="P29_ST00037" HPOS="427" VPOS="605" WIDTH="141" HEIGHT="30" CONTENT="convicts" WC="0.70" CC="00770008"/>
						<SP ID="P29_SP00028" HPOS="568" VPOS="635" WIDTH="15"/>
						<String ID="P29_ST00038" HPOS="583" VPOS="615" WIDTH="33" HEIGHT="19" CONTENT="as" WC="0.59" CC="08"/>
						<SP ID="P29_SP00029" HPOS="616" VPOS="635" WIDTH="17"/>
						<String ID="P29_ST00039" HPOS="633" VPOS="605" WIDTH="39" HEIGHT="29" CONTENT="he" WC="1.00" CC="00"/>
						<SP ID="P29_SP00030" HPOS="672" VPOS="635" WIDTH="12"/>
						<String ID="P29_ST00040" HPOS="684" VPOS="606" WIDTH="121" HEIGHT="38" CONTENT="pleases" WC="0.60" CC="5500808"/>
						<SP ID="P29_SP00031" HPOS="805" VPOS="644" WIDTH="12"/>
						<String ID="P29_ST00041" HPOS="817" VPOS="618" WIDTH="5" HEIGHT="21" CONTENT=";" WC="0.59" CC="4"/>
					</TextLine>
					<TextLine ID="P29_TL00009" HPOS="173" VPOS="665" WIDTH="452" HEIGHT="41">
						<String ID="P29_ST00042" HPOS="173" VPOS="665" WIDTH="75" HEIGHT="30" CONTENT="And" WC="0.49" CC="716"/>
						<SP ID="P29_SP00032" HPOS="248" VPOS="695" WIDTH="15"/>
						<String ID="P29_ST00043" HPOS="263" VPOS="666" WIDTH="136" HEIGHT="39" CONTENT="beggars" WC="0.43" CC="7088167"/>
						<SP ID="P29_SP00033" HPOS="399" VPOS="705" WIDTH="15"/>
						<String ID="P29_ST00044" HPOS="414" VPOS="667" WIDTH="61" HEIGHT="28" CONTENT="and" WC="0.58" CC="084"/>
						<SP ID="P29_SP00034" HPOS="475" VPOS="705" WIDTH="16"/>
						<String ID="P29_ST00045" HPOS="491" VPOS="678" WIDTH="134" HEIGHT="28" CONTENT="paupers" WC="0.66" CC="7007008"/>
					</TextLine>
				</TextBlock>
				<TextBlock ID="P29_TB00008" HPOS="427" VPOS="728" WIDTH="321" HEIGHT="40" STYLEREFS="TXT_0 PAR_RIGHT">
					<TextLine ID="P29_TL00010" HPOS="429" VPOS="729" WIDTH="319" HEIGHT="39">
						<String ID="P29_ST00046" HPOS="429" VPOS="729" WIDTH="185" HEIGHT="39" CONTENT="incessantly" WC="0.52" CC="07008788057"/>
						<SP ID="P29_SP00035" HPOS="614" VPOS="768" WIDTH="17"/>
						<String ID="P29_ST00047" HPOS="631" VPOS="735" WIDTH="101" HEIGHT="26" CONTENT="teazes" WC="0.67" CC="570006"/>
						<String ID="P29_ST00048" HPOS="744" VPOS="742" WIDTH="4" HEIGHT="19" CONTENT=":" WC="0.91" CC="0"/>
					</TextLine>
				</TextBlock>
				<TextBlock ID="P29_TB00009" HPOS="172" VPOS="789" WIDTH="480" HEIGHT="41" STYLEREFS="TXT_0 PAR_LEFT">
					<TextLine ID="P29_TL00011" HPOS="173" VPOS="789" WIDTH="479" HEIGHT="41">
						<String ID="P29_ST00049" HPOS="173" VPOS="789" WIDTH="158" HEIGHT="32" CONTENT="Commits" WC="0.61" CC="7080406"/>
						<SP ID="P29_SP00036" HPOS="331" VPOS="821" WIDTH="14"/>
						<String ID="P29_ST00050" HPOS="345" VPOS="793" WIDTH="140" HEIGHT="37" CONTENT="starving" WC="0.56" CC="46080087"/>
						<SP ID="P29_SP00037" HPOS="485" VPOS="830" WIDTH="14"/>
						<String ID="P29_ST00051" HPOS="499" VPOS="797" WIDTH="153" HEIGHT="33" CONTENT="vagrants," WC="0.52" CC="848048170"/>
					</TextLine>
				</TextBlock>
				<TextBlock ID="P29_TB00010" HPOS="419" VPOS="854" WIDTH="337" HEIGHT="30" STYLEREFS="TXT_0 PAR_RIGHT">
					<TextLine ID="P29_TL00012" HPOS="421" VPOS="855" WIDTH="335" HEIGHT="29">
						<String ID="P29_ST00052" HPOS="421" VPOS="855" WIDTH="62" HEIGHT="28" CONTENT="and" WC="0.32" CC="388"/>
						<SP ID="P29_SP00038" HPOS="483" VPOS="883" WIDTH="15"/>
						<String ID="P29_ST00053" HPOS="498" VPOS="855" WIDTH="107" HEIGHT="29" CONTENT="orders" WC="0.47" CC="087078"/>
						<SP ID="P29_SP00039" HPOS="605" VPOS="884" WIDTH="15"/>
						<String ID="P29_ST00054" HPOS="620" VPOS="856" WIDTH="136" HEIGHT="28" CONTENT="Distress" WC="0.53" CC="50808068"/>
					</TextLine>
				</TextBlock>
				<TextBlock ID="P29_TB00011" HPOS="172" VPOS="914" WIDTH="534" HEIGHT="35" STYLEREFS="TXT_0 PAR_LEFT">
					<TextLine ID="P29_TL00013" HPOS="174" VPOS="915" WIDTH="532" HEIGHT="34">
						<String ID="P29_ST00055" HPOS="174" VPOS="915" WIDTH="52" HEIGHT="28" CONTENT="On" WC="0.19" CC="78"/>
						<SP ID="P29_SP00040" HPOS="226" VPOS="943" WIDTH="17"/>
						<String ID="P29_ST00056" HPOS="243" VPOS="915" WIDTH="52" HEIGHT="29" CONTENT="the" WC="0.83" CC="400"/>
						<SP ID="P29_SP00041" HPOS="295" VPOS="944" WIDTH="17"/>
						<String ID="P29_ST00057" HPOS="312" VPOS="915" WIDTH="91" HEIGHT="34" CONTENT="Poor," WC="0.58" CC="80083"/>
						<SP ID="P29_SP00042" HPOS="403" VPOS="949" WIDTH="15"/>
						<String ID="P29_ST00058" HPOS="418" VPOS="915" WIDTH="46" HEIGHT="31" CONTENT="for" WC="0.42" CC="367"/>
						<SP ID="P29_SP00043" HPOS="464" VPOS="949" WIDTH="14"/>
						<String ID="P29_ST00059" HPOS="478" VPOS="917" WIDTH="81" HEIGHT="30" CONTENT="their" WC="0.71" CC="45004"/>
						<SP ID="P29_SP00044" HPOS="559" VPOS="949" WIDTH="12"/>
						<String ID="P29_ST00060" HPOS="571" VPOS="918" WIDTH="94" HEIGHT="30" CONTENT="Rates" WC="0.63" CC="40463"/>
						<String ID="P29_ST00061" HPOS="667" VPOS="936" WIDTH="39" HEIGHT="3" CONTENT="—" WC="0.20" CC="8"/>
					</TextLine>
				</TextBlock>
				<TextBlock ID="P29_TB00012" HPOS="424" VPOS="979" WIDTH="415" HEIGHT="39" STYLEREFS="TXT_0 PAR_RIGHT">
					<TextLine ID="P29_TL00014" HPOS="425" VPOS="980" WIDTH="414" HEIGHT="38">
						<String ID="P29_ST00062" HPOS="425" VPOS="980" WIDTH="88" HEIGHT="38" CONTENT="signs" WC="0.29" CC="27888"/>
						<SP ID="P29_SP00045" HPOS="513" VPOS="1018" WIDTH="17"/>
						<String ID="P29_ST00063" HPOS="530" VPOS="985" WIDTH="150" HEIGHT="24" CONTENT="warrants" WC="0.52" CC="80735805"/>
						<SP ID="P29_SP00046" HPOS="680" VPOS="1018" WIDTH="15"/>
						<String ID="P29_ST00064" HPOS="695" VPOS="984" WIDTH="32" HEIGHT="25" CONTENT="to" WC="0.78" CC="04"/>
						<SP ID="P29_SP00047" HPOS="727" VPOS="1018" WIDTH="17"/>
						<String ID="P29_ST00065" HPOS="744" VPOS="990" WIDTH="95" HEIGHT="28" CONTENT="press," WC="0.55" CC="680830"/>
					</TextLine>
				</TextBlock>
				<TextBlock ID="P29_TB00013" HPOS="170" VPOS="1040" WIDTH="415" HEIGHT="41" STYLEREFS="TXT_0 PAR_LEFT">
					<TextLine ID="P29_TL00015" HPOS="171" VPOS="1041" WIDTH="414" HEIGHT="40">
						<String ID="P29_ST00066" HPOS="171" VPOS="1041" WIDTH="74" HEIGHT="29" CONTENT="And" WC="0.20" CC="688"/>
						<SP ID="P29_SP00048" HPOS="245" VPOS="1070" WIDTH="15"/>
						<String ID="P29_ST00067" HPOS="260" VPOS="1042" WIDTH="88" HEIGHT="29" CONTENT="beats" WC="0.78" CC="20007"/>
						<SP ID="P29_SP00049" HPOS="348" VPOS="1071" WIDTH="15"/>
						<String ID="P29_ST00068" HPOS="363" VPOS="1053" WIDTH="42" HEIGHT="28" CONTENT="up" WC="0.36" CC="38"/>
						<SP ID="P29_SP00050" HPOS="405" VPOS="1081" WIDTH="13"/>
						<String ID="P29_ST00069" HPOS="418" VPOS="1043" WIDTH="49" HEIGHT="30" CONTENT="for" WC="0.67" CC="170"/>
						<SP ID="P29_SP00051" HPOS="467" VPOS="1081" WIDTH="14"/>
						<String ID="P29_ST00070" HPOS="481" VPOS="1055" WIDTH="104" HEIGHT="20" CONTENT="names" WC="0.70" CC="30506"/>
					</TextLine>
				</TextBlock>
				<TextBlock ID="P29_TB00014" HPOS="424" VPOS="1106" WIDTH="352" HEIGHT="40" STYLEREFS="TXT_0 PAR_RIGHT">
					<TextLine ID="P29_TL00016" HPOS="425" VPOS="1107" WIDTH="351" HEIGHT="39">
						<String ID="P29_ST00071" HPOS="425" VPOS="1109" WIDTH="32" HEIGHT="27" CONTENT="to" WC="0.59" CC="08"/>
						<SP ID="P29_SP00052" HPOS="457" VPOS="1136" WIDTH="12"/>
						<String ID="P29_ST00072" HPOS="469" VPOS="1116" WIDTH="17" HEIGHT="20" CONTENT="a" WC="1.00" CC="0"/>
						<SP ID="P29_SP00053" HPOS="486" VPOS="1136" WIDTH="16"/>
						<String ID="P29_ST00073" HPOS="502" VPOS="1107" WIDTH="97" HEIGHT="39" CONTENT="Loyal" WC="0.81" CC="00800"/>
						<SP ID="P29_SP00054" HPOS="599" VPOS="1146" WIDTH="22"/>
						<String ID="P29_ST00074" HPOS="621" VPOS="1107" WIDTH="139" HEIGHT="30" CONTENT="Address" WC="0.46" CC="7335376"/>
						<SP ID="P29_SP00055" HPOS="760" VPOS="1146" WIDTH="12"/>
						<String ID="P29_ST00075" HPOS="772" VPOS="1120" WIDTH="4" HEIGHT="18" CONTENT=":" WC="1.00" CC="0"/>
					</TextLine>
				</TextBlock>
				<TextBlock ID="P29_TB00015" HPOS="169" VPOS="1164" WIDTH="502" HEIGHT="38" STYLEREFS="TXT_0 PAR_LEFT">
					<TextLine ID="P29_TL00017" HPOS="170" VPOS="1165" WIDTH="501" HEIGHT="37">
						<String ID="P29_ST00076" HPOS="170" VPOS="1165" WIDTH="117" HEIGHT="31" CONTENT="Would" WC="0.74" CC="81100"/>
						<SP ID="P29_SP00056" HPOS="287" VPOS="1196" WIDTH="16"/>
						<String ID="P29_ST00077" HPOS="303" VPOS="1166" WIDTH="110" HEIGHT="36" CONTENT="indict," WC="0.77" CC="6431000"/>
						<SP ID="P29_SP00057" HPOS="413" VPOS="1202" WIDTH="17"/>
						<String ID="P29_ST00078" HPOS="430" VPOS="1168" WIDTH="48" HEIGHT="29" CONTENT="for" WC="0.63" CC="307"/>
						<SP ID="P29_SP00058" HPOS="478" VPOS="1202" WIDTH="16"/>
						<String ID="P29_ST00079" HPOS="494" VPOS="1169" WIDTH="177" HEIGHT="33" CONTENT="Rebellion," WC="0.66" CC="6070000486"/>
					</TextLine>
				</TextBlock>
				<TextBlock ID="P29_TB00016" HPOS="422" VPOS="1231" WIDTH="350" HEIGHT="35" STYLEREFS="TXT_0 PAR_RIGHT">
					<TextLine ID="P29_TL00018" HPOS="423" VPOS="1231" WIDTH="349" HEIGHT="35">
						<String ID="P29_ST00080" HPOS="423" VPOS="1231" WIDTH="88" HEIGHT="31" CONTENT="those" WC="0.79" CC="00073"/>
						<SP ID="P29_SP00059" HPOS="511" VPOS="1262" WIDTH="19"/>
						<String ID="P29_ST00081" HPOS="530" VPOS="1233" WIDTH="69" HEIGHT="29" CONTENT="who" WC="0.73" CC="800"/>
						<SP ID="P29_SP00060" HPOS="599" VPOS="1262" WIDTH="16"/>
						<String ID="P29_ST00082" HPOS="615" VPOS="1232" WIDTH="136" HEIGHT="30" CONTENT="Petition" WC="0.77" CC="00026008"/>
						<SP ID="P29_SP00061" HPOS="751" VPOS="1262" WIDTH="16"/>
						<String ID="P29_ST00083" HPOS="767" VPOS="1245" WIDTH="5" HEIGHT="21" CONTENT=";" WC="0.57" CC="4"/>
					</TextLine>
				</TextBlock>
				<TextBlock ID="P29_TB00017" HPOS="171" VPOS="1293" WIDTH="510" HEIGHT="42" STYLEREFS="TXT_0 PAR_LEFT">
					<TextLine ID="P29_TL00019" HPOS="171" VPOS="1294" WIDTH="510" HEIGHT="41">
						<String ID="P29_ST00084" HPOS="171" VPOS="1294" WIDTH="89" HEIGHT="36" CONTENT="And," WC="0.37" CC="6863"/>
						<SP ID="P29_SP00062" HPOS="260" VPOS="1330" WIDTH="14"/>
						<String ID="P29_ST00085" HPOS="274" VPOS="1294" WIDTH="40" HEIGHT="30" CONTENT="all" WC="0.83" CC="005"/>
						<SP ID="P29_SP00063" HPOS="314" VPOS="1330" WIDTH="17"/>
						<String ID="P29_ST00086" HPOS="331" VPOS="1295" WIDTH="71" HEIGHT="29" CONTENT="who" WC="0.55" CC="804"/>
						<SP ID="P29_SP00064" HPOS="402" VPOS="1330" WIDTH="13"/>
						<String ID="P29_ST00087" HPOS="415" VPOS="1296" WIDTH="75" HEIGHT="29" CONTENT="look" WC="0.80" CC="2032"/>
						<SP ID="P29_SP00065" HPOS="490" VPOS="1330" WIDTH="15"/>
						<String ID="P29_ST00088" HPOS="505" VPOS="1296" WIDTH="176" HEIGHT="39" CONTENT="peaceable," WC="0.71" CC="6023006070"/>
					</TextLine>
				</TextBlock>
				<TextBlock ID="P29_TB00018" HPOS="420" VPOS="1358" WIDTH="286" HEIGHT="40" STYLEREFS="TXT_0 PAR_CENTER">
					<TextLine ID="P29_TL00020" HPOS="421" VPOS="1360" WIDTH="285" HEIGHT="38">
						<String ID="P29_ST00089" HPOS="421" VPOS="1363" WIDTH="48" HEIGHT="35" CONTENT="try" WC="0.51" CC="086"/>
						<SP ID="P29_SP00066" HPOS="469" VPOS="1398" WIDTH="15"/>
						<String ID="P29_ST00090" HPOS="484" VPOS="1360" WIDTH="48" HEIGHT="30" CONTENT="for" WC="0.97" CC="000"/>
						<SP ID="P29_SP00067" HPOS="532" VPOS="1398" WIDTH="15"/>
						<String ID="P29_ST00091" HPOS="547" VPOS="1360" WIDTH="143" HEIGHT="30" CONTENT="Sedition" WC="0.91" CC="00000006"/>
						<String ID="P29_ST00092" HPOS="701" VPOS="1372" WIDTH="5" HEIGHT="24" CONTENT=";" WC="0.98" CC="0"/>
					</TextLine>
				</TextBlock>
				<TextBlock ID="P29_TB00019" HPOS="163" VPOS="1420" WIDTH="627" HEIGHT="42" STYLEREFS="TXT_0 PAR_LEFT">
					<TextLine ID="P29_TL00021" HPOS="164" VPOS="1422" WIDTH="626" HEIGHT="40">
						<String ID="P29_ST00093" HPOS="164" VPOS="1423" WIDTH="31" HEIGHT="29" CONTENT="If" WC="0.82" CC="30"/>
						<SP ID="P29_SP00068" HPOS="195" VPOS="1452" WIDTH="15"/>
						<String ID="P29_ST00094" HPOS="210" VPOS="1422" WIDTH="54" HEIGHT="30" CONTENT="the" WC="1.00" CC="000"/>
						<SP ID="P29_SP00069" HPOS="264" VPOS="1452" WIDTH="13"/>
						<String ID="P29_ST00095" HPOS="277" VPOS="1422" WIDTH="117" HEIGHT="40" CONTENT="People" WC="0.84" CC="001520"/>
						<SP ID="P29_SP00070" HPOS="394" VPOS="1462" WIDTH="16"/>
						<String ID="P29_ST00096" HPOS="410" VPOS="1432" WIDTH="82" HEIGHT="20" CONTENT="were" WC="0.65" CC="7060"/>
						<SP ID="P29_SP00071" HPOS="492" VPOS="1462" WIDTH="15"/>
						<String ID="P29_ST00097" HPOS="507" VPOS="1423" WIDTH="114" HEIGHT="39" CONTENT="legally" WC="0.78" CC="0060007"/>
						<SP ID="P29_SP00072" HPOS="621" VPOS="1462" WIDTH="18"/>
						<String ID="P29_ST00098" HPOS="639" VPOS="1422" WIDTH="151" HEIGHT="39" CONTENT="Meeting," WC="0.65" CC="60005780"/>
					</TextLine>
				</TextBlock>
				<TextBlock ID="P29_TB00020" HPOS="419" VPOS="1490" WIDTH="146" HEIGHT="35" STYLEREFS="TXT_0 PAR_LEFT">
					<TextLine ID="P29_TL00022" HPOS="421" VPOS="1490" WIDTH="144" HEIGHT="35">
						<String ID="P29_ST00099" HPOS="421" VPOS="1490" WIDTH="32" HEIGHT="26" CONTENT="in" WC="0.30" CC="67"/>
						<SP ID="P29_SP00073" HPOS="453" VPOS="1516" WIDTH="16"/>
						<String ID="P29_ST00100" HPOS="469" VPOS="1490" WIDTH="96" HEIGHT="35" CONTENT="quiet," WC="0.72" CC="712005"/>
					</TextLine>
				</TextBlock>
				<TextBlock ID="P29_TB00021" HPOS="159" VPOS="1544" WIDTH="836" HEIGHT="50" STYLEREFS="TXT_0 PAR_RIGHT">
					<TextLine ID="P29_TL00023" HPOS="163" VPOS="1548" WIDTH="816" HEIGHT="43">
						<String ID="P29_ST00101" HPOS="163" VPOS="1551" WIDTH="121" HEIGHT="30" CONTENT="Would" WC="0.75" CC="60006"/>
						<SP ID="P29_SP00074" HPOS="284" VPOS="1581" WIDTH="13"/>
						<String ID="P29_ST00102" HPOS="297" VPOS="1561" WIDTH="184" HEIGHT="30" CONTENT="pronounce" WC="0.79" CC="030600800"/>
						<SP ID="P29_SP00075" HPOS="481" VPOS="1591" WIDTH="16"/>
						<String ID="P29_ST00103" HPOS="497" VPOS="1551" WIDTH="33" HEIGHT="35" CONTENT="it," WC="0.82" CC="005"/>
						<SP ID="P29_SP00076" HPOS="530" VPOS="1591" WIDTH="14"/>
						<String ID="P29_ST00104" HPOS="544" VPOS="1550" WIDTH="169" HEIGHT="40" CONTENT="decidedly" WC="0.56" CC="710570646"/>
						<String ID="P29_ST00105" HPOS="714" VPOS="1568" WIDTH="42" HEIGHT="4" CONTENT="—" WC="0.20" CC="8"/>
						<String ID="P29_ST00106" HPOS="758" VPOS="1560" WIDTH="64" HEIGHT="21" CONTENT="sec." WC="0.56" CC="5605"/>
						<SP ID="P29_SP00077" HPOS="822" VPOS="1591" WIDTH="23"/>
						<String ID="P29_ST00107" HPOS="845" VPOS="1548" WIDTH="90" HEIGHT="32" CONTENT="Stat." WC="0.70" CC="70005"/>
						<String ID="P29_ST00108" HPOS="938" VPOS="1567" WIDTH="41" HEIGHT="5" CONTENT="—" WC="0.20" CC="8"/>
					</TextLine>
				</TextBlock>
				<TextBlock ID="P29_TB00022" HPOS="416" VPOS="1613" WIDTH="117" HEIGHT="36" STYLEREFS="TXT_0 PAR_LEFT">
					<TextLine ID="P29_TL00024" HPOS="417" VPOS="1614" WIDTH="116" HEIGHT="35">
						<String ID="P29_ST00109" HPOS="417" VPOS="1626" WIDTH="19" HEIGHT="18" CONTENT="a" WC="1.00" CC="0"/>
						<SP ID="P29_SP00078" HPOS="436" VPOS="1644" WIDTH="13"/>
						<String ID="P29_ST00110" HPOS="449" VPOS="1614" WIDTH="84" HEIGHT="35" CONTENT="Riot," WC="0.82" CC="41200"/>
					</TextLine>
				</TextBlock>
				<TextBlock ID="P29_TB00023" HPOS="160" VPOS="1677" WIDTH="408" HEIGHT="31" STYLEREFS="TXT_0 PAR_LEFT">
					<TextLine ID="P29_TL00025" HPOS="160" VPOS="1677" WIDTH="408" HEIGHT="31">
						<String ID="P29_ST00111" HPOS="160" VPOS="1679" WIDTH="77" HEIGHT="29" CONTENT="And" WC="0.49" CC="680"/>
						<SP ID="P29_SP00079" HPOS="237" VPOS="1708" WIDTH="16"/>
						<String ID="P29_ST00112" HPOS="253" VPOS="1679" WIDTH="94" HEIGHT="29" CONTENT="order" WC="0.70" CC="18005"/>
						<SP ID="P29_SP00080" HPOS="347" VPOS="1708" WIDTH="16"/>
						<String ID="P29_ST00113" HPOS="363" VPOS="1679" WIDTH="51" HEIGHT="29" CONTENT="the" WC="1.00" CC="000"/>
						<SP ID="P29_SP00081" HPOS="414" VPOS="1708" WIDTH="16"/>
						<String ID="P29_ST00114" HPOS="430" VPOS="1677" WIDTH="138" HEIGHT="31" CONTENT="Soldiers" WC="0.59" CC="50205088"/>
					</TextLine>
				</TextBlock>
				<TextBlock ID="P29_TB00024" HPOS="419" VPOS="1739" WIDTH="322" HEIGHT="34" STYLEREFS="TXT_0 PAR_RIGHT">
					<TextLine ID="P29_TL00026" HPOS="419" VPOS="1739" WIDTH="322" HEIGHT="34">
						<String ID="P29_ST00115" HPOS="419" VPOS="1745" WIDTH="7" HEIGHT="13" CONTENT="'" WC="0.42" CC="5"/>
						<SP ID="P29_SP00082" HPOS="426" VPOS="1758" WIDTH="17"/>
						<String ID="P29_ST00116" HPOS="443" VPOS="1744" WIDTH="31" HEIGHT="27" CONTENT="to" WC="0.65" CC="60"/>
						<SP ID="P29_SP00083" HPOS="474" VPOS="1771" WIDTH="14"/>
						<String ID="P29_ST00117" HPOS="488" VPOS="1740" WIDTH="53" HEIGHT="31" CONTENT="aid" WC="0.96" CC="001"/>
						<SP ID="P29_SP00084" HPOS="541" VPOS="1771" WIDTH="15"/>
						<String ID="P29_ST00118" HPOS="556" VPOS="1740" WIDTH="62" HEIGHT="30" CONTENT="and" WC="0.45" CC="554"/>
						<SP ID="P29_SP00085" HPOS="618" VPOS="1771" WIDTH="11"/>
						<String ID="P29_ST00119" HPOS="629" VPOS="1739" WIDTH="112" HEIGHT="34" CONTENT="assist'," WC="0.55" CC="46708035"/>
					</TextLine>
				</TextBlock>
				<TextBlock ID="P29_TB00025" HPOS="158" VPOS="1804" WIDTH="453" HEIGHT="39" STYLEREFS="TXT_0 PAR_LEFT">
					<TextLine ID="P29_TL00027" HPOS="160" VPOS="1804" WIDTH="451" HEIGHT="39">
						<String ID="P29_ST00120" HPOS="160" VPOS="1805" WIDTH="83" HEIGHT="30" CONTENT="That" WC="0.78" CC="0161"/>
						<SP ID="P29_SP00086" HPOS="243" VPOS="1835" WIDTH="14"/>
						<String ID="P29_ST00121" HPOS="257" VPOS="1805" WIDTH="24" HEIGHT="31" CONTENT="is" WC="0.60" CC="07"/>
						<String ID="P29_ST00122" HPOS="283" VPOS="1824" WIDTH="42" HEIGHT="3" CONTENT="—" WC="0.20" CC="8"/>
						<String ID="P29_ST00123" HPOS="326" VPOS="1805" WIDTH="57" HEIGHT="31" CONTENT="kill" WC="0.65" CC="1442"/>
						<SP ID="P29_SP00087" HPOS="383" VPOS="1836" WIDTH="17"/>
						<String ID="P29_ST00124" HPOS="400" VPOS="1804" WIDTH="52" HEIGHT="31" CONTENT="the" WC="0.89" CC="300"/>
						<SP ID="P29_SP00088" HPOS="452" VPOS="1836" WIDTH="13"/>
						<String ID="P29_ST00125" HPOS="465" VPOS="1804" WIDTH="146" HEIGHT="39" CONTENT="helpless," WC="0.62" CC="600470770"/>
					</TextLine>
				</TextBlock>
				<TextBlock ID="P29_TB00026" HPOS="416" VPOS="1866" WIDTH="326" HEIGHT="31" STYLEREFS="TXT_0 PAR_RIGHT">
					<TextLine ID="P29_TL00028" HPOS="417" VPOS="1867" WIDTH="325" HEIGHT="30">
						<String ID="P29_ST00126" HPOS="417" VPOS="1868" WIDTH="83" HEIGHT="29" CONTENT="Who" WC="0.46" CC="852"/>
						<SP ID="P29_SP00089" HPOS="500" VPOS="1897" WIDTH="13"/>
						<String ID="P29_ST00127" HPOS="513" VPOS="1871" WIDTH="115" HEIGHT="26" CONTENT="cannot" WC="0.61" CC="635800"/>
						<SP ID="P29_SP00090" HPOS="628" VPOS="1897" WIDTH="17"/>
						<String ID="P29_ST00128" HPOS="645" VPOS="1867" WIDTH="97" HEIGHT="30" CONTENT="resist." WC="0.43" CC="8087860"/>
					</TextLine>
				</TextBlock>
			</PrintSpace>
		</Page>
	</Layout>
</alto>
