<?xml version="1.0" encoding="UTF-8"?>
<alto xmlns:xsi="http://www.w3.org/2001/XMLSchema-instance" xsi:noNamespaceSchemaLocation="http://www.bl.uk/schemas/alto/alto-1-4.xsd" xmlns:xlink="http://www.w3.org/1999/xlink">
	<Description>
		<MeasurementUnit>mm10</MeasurementUnit>
		<sourceImageInformation>
			<fileName>//head1/IN/2007-34/A0010556622/BC.tif</fileName>
		</sourceImageInformation>
		<OCRProcessing ID="OCRPROCESSING_1">
			<preProcessingStep>
				<processingSoftware>
					<softwareCreator>CCS Content Conversion Specialists GmbH, Germany</softwareCreator>
					<softwareName>CCS docWORKS</softwareName>
					<softwareVersion>6.1-0.54</softwareVersion>
				</processingSoftware>
			</preProcessingStep>
			<ocrProcessingStep>
				<processingSoftware>
					<softwareCreator>ABBYY (BIT Software), Russia</softwareCreator>
					<softwareName>Finereader</softwareName>
				</processingSoftware>
			</ocrProcessingStep>
		</OCRProcessing>
	</Description>
	<Styles>
		<TextStyle ID="TXT_0" FONTSIZE="9" FONTFAMILY="Courier New"/>
		<ParagraphStyle ID="PAR_LEFT" ALIGN="Left"/>
	</Styles>
	<Layout>
		<Page ID="P36" PHYSICAL_IMG_NR="36" HEIGHT="2176" WIDTH="1328" POSITION="Cover">
			<TopMargin ID="P36_TM00001" HPOS="0" VPOS="0" WIDTH="1328" HEIGHT="5"/>
			<LeftMargin ID="P36_LM00001" HPOS="0" VPOS="5" WIDTH="0" HEIGHT="2171"/>
			<RightMargin ID="P36_RM00001" HPOS="1325" VPOS="5" WIDTH="3" HEIGHT="2171"/>
			<BottomMargin ID="P36_BM00001" HPOS="0" VPOS="2176" WIDTH="1328" HEIGHT="0"/>
			<PrintSpace ID="P36_PS00001" HPOS="0" VPOS="5" WIDTH="1325" HEIGHT="2171">
				<ComposedBlock ID="P36_CB00001" HPOS="0" VPOS="5" WIDTH="1325" HEIGHT="2171" STYLEREFS="TXT_0 PAR_LEFT" TYPE="Illustration">
					<GraphicalElement ID="P36_CB00001_SUB" HPOS="0" VPOS="5" WIDTH="1325" HEIGHT="2171"/>
				</ComposedBlock>
			</PrintSpace>
		</Page>
	</Layout>
</alto>
