<?xml version="1.0" encoding="UTF-8"?>
<alto xmlns:xsi="http://www.w3.org/2001/XMLSchema-instance" xsi:noNamespaceSchemaLocation="http://www.bl.uk/schemas/alto/alto-1-4.xsd" xmlns:xlink="http://www.w3.org/1999/xlink">
	<Description>
		<MeasurementUnit>mm10</MeasurementUnit>
		<sourceImageInformation>
			<fileName>//head1/IN/2007-34/A0010556622/004781.jp2</fileName>
		</sourceImageInformation>
		<OCRProcessing ID="OCRPROCESSING_1">
			<preProcessingStep>
				<processingSoftware>
					<softwareCreator>CCS Content Conversion Specialists GmbH, Germany</softwareCreator>
					<softwareName>CCS docWORKS</softwareName>
					<softwareVersion>6.1-0.54</softwareVersion>
				</processingSoftware>
			</preProcessingStep>
			<ocrProcessingStep>
				<processingSoftware>
					<softwareCreator>ABBYY (BIT Software), Russia</softwareCreator>
					<softwareName>Finereader</softwareName>
				</processingSoftware>
			</ocrProcessingStep>
		</OCRProcessing>
	</Description>
	<Styles>
		<TextStyle ID="TXT_0" FONTSIZE="10" FONTFAMILY="Courier New"/>
		<ParagraphStyle ID="PAR_CENTER" ALIGN="Center"/>
		<ParagraphStyle ID="PAR_LEFT" ALIGN="Left"/>
		<ParagraphStyle ID="PAR_RIGHT" ALIGN="Right"/>
	</Styles>
	<Layout>
		<Page ID="P21" PHYSICAL_IMG_NR="21" HEIGHT="1999" WIDTH="1189" QUALITY="Damaged" POSITION="Right" ACCURACY="67.94">
			<TopMargin ID="P21_TM00001" HPOS="0" VPOS="0" WIDTH="1189" HEIGHT="157"/>
			<LeftMargin ID="P21_LM00001" HPOS="0" VPOS="157" WIDTH="149" HEIGHT="1725"/>
			<RightMargin ID="P21_RM00001" HPOS="941" VPOS="157" WIDTH="248" HEIGHT="1725"/>
			<BottomMargin ID="P21_BM00001" HPOS="0" VPOS="1882" WIDTH="1189" HEIGHT="117"/>
			<PrintSpace ID="P21_PS00001" HPOS="149" VPOS="157" WIDTH="792" HEIGHT="1725">
				<TextBlock ID="P21_TB00001" HPOS="149" VPOS="157" WIDTH="759" HEIGHT="33" STYLEREFS="TXT_0 PAR_CENTER">
					<TextLine ID="P21_TL00001" HPOS="150" VPOS="158" WIDTH="758" HEIGHT="32">
						<String ID="P21_ST00001" HPOS="150" VPOS="159" WIDTH="73" HEIGHT="29" CONTENT="Aud" WC="0.54" CC="580"/>
						<SP ID="P21_SP00001" HPOS="223" VPOS="188" WIDTH="16"/>
						<String ID="P21_ST00002" HPOS="239" VPOS="158" WIDTH="101" HEIGHT="32" CONTENT="that's" WC="0.59" CC="565104"/>
						<SP ID="P21_SP00002" HPOS="340" VPOS="190" WIDTH="16"/>
						<String ID="P21_ST00003" HPOS="356" VPOS="158" WIDTH="151" HEIGHT="31" CONTENT="DERRY" WC="0.60" CC="44550"/>
						<SP ID="P21_SP00003" HPOS="507" VPOS="190" WIDTH="25"/>
						<String ID="P21_ST00004" HPOS="532" VPOS="159" WIDTH="133" HEIGHT="30" CONTENT="DOWN" WC="0.48" CC="2747"/>
						<SP ID="P21_SP00004" HPOS="665" VPOS="190" WIDTH="23"/>
						<String ID="P21_ST00005" HPOS="688" VPOS="159" WIDTH="220" HEIGHT="31" CONTENT="TRIANGLE" WC="0.65" CC="05767010"/>
					</TextLine>
				</TextBlock>
				<TextBlock ID="P21_TB00002" HPOS="401" VPOS="220" WIDTH="156" HEIGHT="39" STYLEREFS="TXT_0 PAR_LEFT">
					<TextLine ID="P21_TL00002" HPOS="401" VPOS="222" WIDTH="156" HEIGHT="37">
						<String ID="P21_ST00006" HPOS="401" VPOS="222" WIDTH="42" HEIGHT="37" CONTENT="by" WC="0.40" CC="74"/>
						<SP ID="P21_SP00005" HPOS="443" VPOS="259" WIDTH="14"/>
						<String ID="P21_ST00007" HPOS="457" VPOS="231" WIDTH="100" HEIGHT="26" CONTENT="name," WC="0.74" CC="81110"/>
					</TextLine>
				</TextBlock>
				<TextBlock ID="P21_TB00003" HPOS="151" VPOS="281" WIDTH="487" HEIGHT="36" STYLEREFS="TXT_0 PAR_LEFT">
					<TextLine ID="P21_TL00003" HPOS="151" VPOS="283" WIDTH="487" HEIGHT="34">
						<String ID="P21_ST00008" HPOS="151" VPOS="283" WIDTH="96" HEIGHT="31" CONTENT="From" WC="0.55" CC="3256"/>
						<SP ID="P21_SP00006" HPOS="247" VPOS="314" WIDTH="15"/>
						<String ID="P21_ST00009" HPOS="262" VPOS="283" WIDTH="54" HEIGHT="31" CONTENT="the" WC="0.91" CC="110"/>
						<SP ID="P21_SP00007" HPOS="316" VPOS="314" WIDTH="15"/>
						<String ID="P21_ST00010" HPOS="331" VPOS="283" WIDTH="87" HEIGHT="30" CONTENT="Land" WC="0.68" CC="0075"/>
						<SP ID="P21_SP00008" HPOS="418" VPOS="314" WIDTH="16"/>
						<String ID="P21_ST00011" HPOS="434" VPOS="285" WIDTH="35" HEIGHT="29" CONTENT="of" WC="0.65" CC="70"/>
						<SP ID="P21_SP00009" HPOS="469" VPOS="314" WIDTH="18"/>
						<String ID="P21_ST00012" HPOS="487" VPOS="284" WIDTH="151" HEIGHT="33" CONTENT="mis-rule," WC="0.77" CC="004025070"/>
					</TextLine>
				</TextBlock>
				<TextBlock ID="P21_TB00004" HPOS="403" VPOS="345" WIDTH="484" HEIGHT="40" STYLEREFS="TXT_0 PAR_RIGHT">
					<TextLine ID="P21_TL00004" HPOS="404" VPOS="346" WIDTH="483" HEIGHT="39">
						<String ID="P21_ST00013" HPOS="404" VPOS="347" WIDTH="62" HEIGHT="29" CONTENT="and" WC="0.66" CC="360"/>
						<SP ID="P21_SP00010" HPOS="466" VPOS="376" WIDTH="16"/>
						<String ID="P21_ST00014" HPOS="482" VPOS="346" WIDTH="227" HEIGHT="39" CONTENT="half-hanging," WC="0.58" CC="6023200776483"/>
						<SP ID="P21_SP00011" HPOS="709" VPOS="385" WIDTH="12"/>
						<String ID="P21_ST00015" HPOS="721" VPOS="346" WIDTH="61" HEIGHT="30" CONTENT="and" WC="0.51" CC="077"/>
						<SP ID="P21_SP00012" HPOS="782" VPOS="385" WIDTH="15"/>
						<String ID="P21_ST00016" HPOS="797" VPOS="346" WIDTH="90" HEIGHT="30" CONTENT="flame" WC="0.99" CC="00000"/>
					</TextLine>
				</TextBlock>
				<TextBlock ID="P21_TB00005" HPOS="152" VPOS="406" WIDTH="789" HEIGHT="32" STYLEREFS="TXT_0 PAR_CENTER">
					<TextLine ID="P21_TL00005" HPOS="153" VPOS="407" WIDTH="788" HEIGHT="31">
						<String ID="P21_ST00017" HPOS="153" VPOS="408" WIDTH="73" HEIGHT="30" CONTENT="And" WC="0.43" CC="484"/>
						<SP ID="P21_SP00013" HPOS="226" VPOS="438" WIDTH="15"/>
						<String ID="P21_ST00018" HPOS="241" VPOS="408" WIDTH="74" HEIGHT="30" CONTENT="that" WC="0.83" CC="0042"/>
						<SP ID="P21_SP00014" HPOS="315" VPOS="438" WIDTH="15"/>
						<String ID="P21_ST00019" HPOS="330" VPOS="409" WIDTH="26" HEIGHT="29" CONTENT="is" WC="0.59" CC="08"/>
						<SP ID="P21_SP00015" HPOS="356" VPOS="438" WIDTH="22"/>
						<String ID="P21_ST00020" HPOS="378" VPOS="407" WIDTH="92" HEIGHT="31" CONTENT="THE" WC="0.86" CC="040"/>
						<SP ID="P21_SP00016" HPOS="470" VPOS="438" WIDTH="23"/>
						<String ID="P21_ST00021" HPOS="493" VPOS="407" WIDTH="200" HEIGHT="31" CONTENT="SPOUTER" WC="0.63" CC="3266005"/>
						<SP ID="P21_SP00017" HPOS="693" VPOS="438" WIDTH="22"/>
						<String ID="P21_ST00022" HPOS="715" VPOS="407" WIDTH="55" HEIGHT="31" CONTENT="OF" WC="0.82" CC="03"/>
						<SP ID="P21_SP00018" HPOS="770" VPOS="438" WIDTH="25"/>
						<String ID="P21_ST00023" HPOS="795" VPOS="407" WIDTH="146" HEIGHT="31" CONTENT="FROTH" WC="0.53" CC="46605"/>
					</TextLine>
				</TextBlock>
				<TextBlock ID="P21_TB00006" HPOS="404" VPOS="468" WIDTH="327" HEIGHT="35" STYLEREFS="TXT_0 PAR_CENTER">
					<TextLine ID="P21_TL00006" HPOS="405" VPOS="469" WIDTH="326" HEIGHT="34">
						<String ID="P21_ST00024" HPOS="405" VPOS="469" WIDTH="58" HEIGHT="30" CONTENT="BY" WC="0.95" CC="00"/>
						<SP ID="P21_SP00019" HPOS="463" VPOS="499" WIDTH="23"/>
						<String ID="P21_ST00025" HPOS="486" VPOS="469" WIDTH="91" HEIGHT="31" CONTENT="THE" WC="1.00" CC="000"/>
						<SP ID="P21_SP00020" HPOS="577" VPOS="500" WIDTH="23"/>
						<String ID="P21_ST00026" HPOS="600" VPOS="469" WIDTH="131" HEIGHT="34" CONTENT="HOUR," WC="0.65" CC="06640"/>
					</TextLine>
				</TextBlock>
				<TextBlock ID="P21_TB00007" HPOS="154" VPOS="532" WIDTH="427" HEIGHT="39" STYLEREFS="TXT_0 PAR_LEFT">
					<TextLine ID="P21_TL00007" HPOS="154" VPOS="533" WIDTH="427" HEIGHT="38">
						<String ID="P21_ST00027" HPOS="154" VPOS="533" WIDTH="72" HEIGHT="29" CONTENT="The" WC="0.73" CC="070"/>
						<SP ID="P21_SP00021" HPOS="226" VPOS="562" WIDTH="16"/>
						<String ID="P21_ST00028" HPOS="242" VPOS="534" WIDTH="163" HEIGHT="29" CONTENT="worthless" WC="0.65" CC="730533043"/>
						<SP ID="P21_SP00022" HPOS="405" VPOS="563" WIDTH="16"/>
						<String ID="P21_ST00029" HPOS="421" VPOS="534" WIDTH="160" HEIGHT="37" CONTENT="colleague" WC="0.74" CC="014600820"/>
					</TextLine>
				</TextBlock>
				<TextBlock ID="P21_TB00008" HPOS="406" VPOS="596" WIDTH="437" HEIGHT="39" STYLEREFS="TXT_0 PAR_RIGHT">
					<TextLine ID="P21_TL00008" HPOS="407" VPOS="596" WIDTH="436" HEIGHT="39">
						<String ID="P21_ST00030" HPOS="407" VPOS="597" WIDTH="36" HEIGHT="29" CONTENT="of" WC="1.00" CC="00"/>
						<SP ID="P21_SP00023" HPOS="443" VPOS="626" WIDTH="17"/>
						<String ID="P21_ST00031" HPOS="460" VPOS="596" WIDTH="81" HEIGHT="30" CONTENT="their" WC="0.89" CC="00005"/>
						<SP ID="P21_SP00024" HPOS="541" VPOS="626" WIDTH="15"/>
						<String ID="P21_ST00032" HPOS="556" VPOS="596" WIDTH="154" HEIGHT="31" CONTENT="infamous" WC="0.81" CC="04000037"/>
						<SP ID="P21_SP00025" HPOS="710" VPOS="627" WIDTH="15"/>
						<String ID="P21_ST00033" HPOS="725" VPOS="607" WIDTH="104" HEIGHT="28" CONTENT="power" WC="0.66" CC="32332"/>
						<String ID="P21_ST00034" HPOS="837" VPOS="611" WIDTH="6" HEIGHT="23" CONTENT=";" WC="0.96" CC="0"/>
					</TextLine>
				</TextBlock>
				<TextBlock ID="P21_TB00009" HPOS="160" VPOS="657" WIDTH="540" HEIGHT="31" STYLEREFS="TXT_0 PAR_LEFT">
					<TextLine ID="P21_TL00009" HPOS="161" VPOS="658" WIDTH="539" HEIGHT="30">
						<String ID="P21_ST00035" HPOS="161" VPOS="658" WIDTH="83" HEIGHT="30" CONTENT="Who" WC="0.46" CC="573"/>
						<SP ID="P21_SP00026" HPOS="244" VPOS="688" WIDTH="14"/>
						<String ID="P21_ST00036" HPOS="258" VPOS="658" WIDTH="123" HEIGHT="30" CONTENT="dubb'd" WC="0.56" CC="517641"/>
						<SP ID="P21_SP00027" HPOS="381" VPOS="688" WIDTH="15"/>
						<String ID="P21_ST00037" HPOS="396" VPOS="658" WIDTH="67" HEIGHT="30" CONTENT="him" WC="0.80" CC="005"/>
						<SP ID="P21_SP00028" HPOS="463" VPOS="688" WIDTH="16"/>
						<String ID="P21_ST00038" HPOS="479" VPOS="662" WIDTH="7" HEIGHT="13" CONTENT="'" WC="0.58" CC="4"/>
						<SP ID="P21_SP00029" HPOS="486" VPOS="688" WIDTH="17"/>
						<String ID="P21_ST00039" HPOS="503" VPOS="658" WIDTH="52" HEIGHT="30" CONTENT="the" WC="1.00" CC="000"/>
						<SP ID="P21_SP00030" HPOS="555" VPOS="688" WIDTH="16"/>
						<String ID="P21_ST00040" HPOS="571" VPOS="659" WIDTH="129" HEIGHT="29" CONTENT="Doctor'" WC="0.82" CC="3400002"/>
					</TextLine>
				</TextBlock>
				<TextBlock ID="P21_TB00010" HPOS="411" VPOS="721" WIDTH="522" HEIGHT="35" STYLEREFS="TXT_0 PAR_RIGHT">
					<TextLine ID="P21_TL00010" HPOS="411" VPOS="722" WIDTH="522" HEIGHT="34">
						<String ID="P21_ST00041" HPOS="411" VPOS="722" WIDTH="105" HEIGHT="29" CONTENT="whom" WC="0.78" CC="7000"/>
						<SP ID="P21_SP00031" HPOS="516" VPOS="751" WIDTH="16"/>
						<String ID="P21_ST00042" HPOS="532" VPOS="732" WIDTH="72" HEIGHT="19" CONTENT="now" WC="0.49" CC="734"/>
						<SP ID="P21_SP00032" HPOS="604" VPOS="751" WIDTH="15"/>
						<String ID="P21_ST00043" HPOS="619" VPOS="722" WIDTH="40" HEIGHT="28" CONTENT="he" WC="0.63" CC="70"/>
						<SP ID="P21_SP00033" HPOS="659" VPOS="751" WIDTH="14"/>
						<String ID="P21_ST00044" HPOS="673" VPOS="723" WIDTH="74" HEIGHT="29" CONTENT="calls" WC="0.41" CC="60768"/>
						<SP ID="P21_SP00034" HPOS="747" VPOS="752" WIDTH="17"/>
						<String ID="P21_ST00045" HPOS="764" VPOS="727" WIDTH="7" HEIGHT="12" CONTENT="'" WC="0.46" CC="5"/>
						<SP ID="P21_SP00035" HPOS="771" VPOS="752" WIDTH="17"/>
						<String ID="P21_ST00046" HPOS="788" VPOS="722" WIDTH="145" HEIGHT="34" CONTENT="brother'," WC="0.75" CC="413000650"/>
					</TextLine>
				</TextBlock>
				<TextBlock ID="P21_TB00011" HPOS="155" VPOS="783" WIDTH="427" HEIGHT="39" STYLEREFS="TXT_0 PAR_LEFT">
					<TextLine ID="P21_TL00011" HPOS="156" VPOS="783" WIDTH="426" HEIGHT="39">
						<String ID="P21_ST00047" HPOS="156" VPOS="783" WIDTH="83" HEIGHT="37" CONTENT="And," WC="0.73" CC="0270"/>
						<SP ID="P21_SP00036" HPOS="239" VPOS="820" WIDTH="14"/>
						<String ID="P21_ST00048" HPOS="253" VPOS="788" WIDTH="33" HEIGHT="25" CONTENT="to" WC="0.77" CC="04"/>
						<SP ID="P21_SP00037" HPOS="286" VPOS="820" WIDTH="14"/>
						<String ID="P21_ST00049" HPOS="300" VPOS="789" WIDTH="53" HEIGHT="33" CONTENT="get" WC="0.83" CC="500"/>
						<SP ID="P21_SP00038" HPOS="353" VPOS="822" WIDTH="15"/>
						<String ID="P21_ST00050" HPOS="368" VPOS="788" WIDTH="30" HEIGHT="25" CONTENT="at" WC="0.68" CC="06"/>
						<SP ID="P21_SP00039" HPOS="398" VPOS="822" WIDTH="15"/>
						<String ID="P21_ST00051" HPOS="413" VPOS="784" WIDTH="48" HEIGHT="30" CONTENT="his" WC="0.44" CC="636"/>
						<SP ID="P21_SP00040" HPOS="461" VPOS="822" WIDTH="19"/>
						<String ID="P21_ST00052" HPOS="480" VPOS="783" WIDTH="102" HEIGHT="36" CONTENT="Place," WC="0.84" CC="301400"/>
					</TextLine>
				</TextBlock>
				<TextBlock ID="P21_TB00012" HPOS="404" VPOS="844" WIDTH="429" HEIGHT="36" STYLEREFS="TXT_0 PAR_RIGHT">
					<TextLine ID="P21_TL00012" HPOS="405" VPOS="845" WIDTH="428" HEIGHT="35">
						<String ID="P21_ST00053" HPOS="405" VPOS="846" WIDTH="77" HEIGHT="29" CONTENT="took" WC="0.84" CC="0230"/>
						<SP ID="P21_SP00041" HPOS="482" VPOS="875" WIDTH="15"/>
						<String ID="P21_ST00054" HPOS="497" VPOS="855" WIDTH="18" HEIGHT="19" CONTENT="a" WC="1.00" CC="0"/>
						<SP ID="P21_SP00042" HPOS="515" VPOS="875" WIDTH="13"/>
						<String ID="P21_ST00055" HPOS="528" VPOS="845" WIDTH="71" HEIGHT="30" CONTENT="shot" WC="0.65" CC="7510"/>
						<SP ID="P21_SP00043" HPOS="599" VPOS="875" WIDTH="14"/>
						<String ID="P21_ST00056" HPOS="613" VPOS="849" WIDTH="32" HEIGHT="25" CONTENT="at" WC="1.00" CC="00"/>
						<SP ID="P21_SP00044" HPOS="645" VPOS="875" WIDTH="15"/>
						<String ID="P21_ST00057" HPOS="660" VPOS="845" WIDTH="53" HEIGHT="31" CONTENT="the" WC="0.97" CC="000"/>
						<SP ID="P21_SP00045" HPOS="713" VPOS="876" WIDTH="14"/>
						<String ID="P21_ST00058" HPOS="727" VPOS="846" WIDTH="88" HEIGHT="31" CONTENT="other" WC="0.81" CC="20042"/>
						<SP ID="P21_SP00046" HPOS="815" VPOS="877" WIDTH="13"/>
						<String ID="P21_ST00059" HPOS="828" VPOS="860" WIDTH="5" HEIGHT="20" CONTENT=";" WC="0.54" CC="4"/>
					</TextLine>
				</TextBlock>
				<TextBlock ID="P21_TB00013" HPOS="155" VPOS="905" WIDTH="547" HEIGHT="37" STYLEREFS="TXT_0 PAR_LEFT">
					<TextLine ID="P21_TL00013" HPOS="156" VPOS="906" WIDTH="546" HEIGHT="36">
						<String ID="P21_ST00060" HPOS="156" VPOS="907" WIDTH="85" HEIGHT="31" CONTENT="Who" WC="0.48" CC="635"/>
						<SP ID="P21_SP00047" HPOS="241" VPOS="938" WIDTH="14"/>
						<String ID="P21_ST00061" HPOS="255" VPOS="907" WIDTH="115" HEIGHT="30" CONTENT="haunts" WC="0.57" CC="602707"/>
						<SP ID="P21_SP00048" HPOS="370" VPOS="938" WIDTH="15"/>
						<String ID="P21_ST00062" HPOS="385" VPOS="906" WIDTH="82" HEIGHT="30" CONTENT="their" WC="0.88" CC="05000"/>
						<SP ID="P21_SP00049" HPOS="467" VPOS="938" WIDTH="14"/>
						<String ID="P21_ST00063" HPOS="481" VPOS="906" WIDTH="84" HEIGHT="31" CONTENT="Bad" WC="0.74" CC="700"/>
						<SP ID="P21_SP00050" HPOS="565" VPOS="938" WIDTH="14"/>
						<String ID="P21_ST00064" HPOS="579" VPOS="906" WIDTH="123" HEIGHT="36" CONTENT="House," WC="0.63" CC="552205"/>
					</TextLine>
				</TextBlock>
				<TextBlock ID="P21_TB00014" HPOS="407" VPOS="967" WIDTH="369" HEIGHT="39" STYLEREFS="TXT_0 PAR_RIGHT">
					<TextLine ID="P21_TL00014" HPOS="407" VPOS="968" WIDTH="369" HEIGHT="38">
						<String ID="P21_ST00065" HPOS="407" VPOS="979" WIDTH="20" HEIGHT="19" CONTENT="a" WC="1.00" CC="0"/>
						<SP ID="P21_SP00051" HPOS="427" VPOS="998" WIDTH="12"/>
						<String ID="P21_ST00066" HPOS="439" VPOS="969" WIDTH="75" HEIGHT="29" CONTENT="base" WC="0.68" CC="6060"/>
						<SP ID="P21_SP00052" HPOS="514" VPOS="998" WIDTH="16"/>
						<String ID="P21_ST00067" HPOS="530" VPOS="968" WIDTH="101" HEIGHT="38" CONTENT="living" WC="0.62" CC="117064"/>
						<SP ID="P21_SP00053" HPOS="631" VPOS="1006" WIDTH="14"/>
						<String ID="P21_ST00068" HPOS="645" VPOS="973" WIDTH="32" HEIGHT="26" CONTENT="to" WC="0.72" CC="05"/>
						<SP ID="P21_SP00054" HPOS="677" VPOS="1006" WIDTH="15"/>
						<String ID="P21_ST00069" HPOS="692" VPOS="979" WIDTH="84" HEIGHT="25" CONTENT="earn," WC="0.64" CC="00556"/>
					</TextLine>
				</TextBlock>
				<TextBlock ID="P21_TB00015" HPOS="167" VPOS="1029" WIDTH="680" HEIGHT="43" STYLEREFS="TXT_0 PAR_LEFT">
					<TextLine ID="P21_TL00015" HPOS="167" VPOS="1030" WIDTH="680" HEIGHT="42">
						<String ID="P21_ST00070" HPOS="167" VPOS="1035" WIDTH="43" HEIGHT="37" CONTENT="by" WC="0.33" CC="84"/>
						<SP ID="P21_SP00055" HPOS="210" VPOS="1072" WIDTH="14"/>
						<String ID="P21_ST00071" HPOS="224" VPOS="1034" WIDTH="132" HEIGHT="38" CONTENT="playing" WC="0.63" CC="5007066"/>
						<SP ID="P21_SP00056" HPOS="356" VPOS="1072" WIDTH="14"/>
						<String ID="P21_ST00072" HPOS="370" VPOS="1030" WIDTH="253" HEIGHT="40" CONTENT="Jack-pudding," WC="0.65" CC="4050166130670"/>
						<SP ID="P21_SP00057" HPOS="623" VPOS="1072" WIDTH="15"/>
						<String ID="P21_ST00073" HPOS="638" VPOS="1030" WIDTH="61" HEIGHT="30" CONTENT="and" WC="0.74" CC="025"/>
						<SP ID="P21_SP00058" HPOS="699" VPOS="1072" WIDTH="13"/>
						<String ID="P21_ST00074" HPOS="712" VPOS="1031" WIDTH="135" HEIGHT="36" CONTENT="Ruffian," WC="0.52" CC="27786050"/>
					</TextLine>
				</TextBlock>
				<TextBlock ID="P21_TB00016" HPOS="408" VPOS="1097" WIDTH="140" HEIGHT="30" STYLEREFS="TXT_0 PAR_LEFT">
					<TextLine ID="P21_TL00016" HPOS="408" VPOS="1097" WIDTH="140" HEIGHT="30">
						<String ID="P21_ST00075" HPOS="408" VPOS="1097" WIDTH="32" HEIGHT="26" CONTENT="in" WC="0.47" CC="28"/>
						<SP ID="P21_SP00059" HPOS="440" VPOS="1123" WIDTH="17"/>
						<String ID="P21_ST00076" HPOS="457" VPOS="1098" WIDTH="70" HEIGHT="27" CONTENT="turn" WC="0.57" CC="3228"/>
						<SP ID="P21_SP00060" HPOS="527" VPOS="1125" WIDTH="15"/>
						<String ID="P21_ST00077" HPOS="542" VPOS="1107" WIDTH="6" HEIGHT="20" CONTENT=";" WC="0.39" CC="6"/>
					</TextLine>
				</TextBlock>
				<TextBlock ID="P21_TB00017" HPOS="156" VPOS="1155" WIDTH="394" HEIGHT="36" STYLEREFS="TXT_0 PAR_LEFT">
					<TextLine ID="P21_TL00017" HPOS="156" VPOS="1156" WIDTH="394" HEIGHT="35">
						<String ID="P21_ST00078" HPOS="156" VPOS="1157" WIDTH="83" HEIGHT="32" CONTENT="Who" WC="0.50" CC="860"/>
						<SP ID="P21_SP00061" HPOS="239" VPOS="1189" WIDTH="17"/>
						<String ID="P21_ST00079" HPOS="256" VPOS="1157" WIDTH="127" HEIGHT="34" CONTENT="bullies," WC="0.54" CC="05725274"/>
						<SP ID="P21_SP00062" HPOS="383" VPOS="1191" WIDTH="15"/>
						<String ID="P21_ST00080" HPOS="398" VPOS="1157" WIDTH="48" HEIGHT="29" CONTENT="for" WC="0.99" CC="000"/>
						<SP ID="P21_SP00063" HPOS="446" VPOS="1191" WIDTH="16"/>
						<String ID="P21_ST00081" HPOS="462" VPOS="1156" WIDTH="88" HEIGHT="30" CONTENT="those" WC="0.84" CC="00070"/>
					</TextLine>
				</TextBlock>
				<TextBlock ID="P21_TB00018" HPOS="409" VPOS="1216" WIDTH="429" HEIGHT="36" STYLEREFS="TXT_0 PAR_RIGHT">
					<TextLine ID="P21_TL00018" HPOS="410" VPOS="1217" WIDTH="428" HEIGHT="35">
						<String ID="P21_ST00082" HPOS="410" VPOS="1218" WIDTH="105" HEIGHT="29" CONTENT="whom" WC="0.83" CC="5000"/>
						<SP ID="P21_SP00064" HPOS="515" VPOS="1247" WIDTH="14"/>
						<String ID="P21_ST00083" HPOS="529" VPOS="1217" WIDTH="41" HEIGHT="30" CONTENT="he" WC="1.00" CC="00"/>
						<SP ID="P21_SP00065" HPOS="570" VPOS="1247" WIDTH="14"/>
						<String ID="P21_ST00084" HPOS="584" VPOS="1217" WIDTH="119" HEIGHT="30" CONTENT="bullied" WC="0.53" CC="5486008"/>
						<SP ID="P21_SP00066" HPOS="703" VPOS="1247" WIDTH="15"/>
						<String ID="P21_ST00085" HPOS="718" VPOS="1218" WIDTH="104" HEIGHT="30" CONTENT="before" WC="0.54" CC="840364"/>
						<String ID="P21_ST00086" HPOS="832" VPOS="1231" WIDTH="6" HEIGHT="21" CONTENT=";" WC="0.89" CC="1"/>
					</TextLine>
				</TextBlock>
				<TextBlock ID="P21_TB00019" HPOS="156" VPOS="1279" WIDTH="554" HEIGHT="36" STYLEREFS="TXT_0 PAR_LEFT">
					<TextLine ID="P21_TL00019" HPOS="156" VPOS="1280" WIDTH="554" HEIGHT="35">
						<String ID="P21_ST00087" HPOS="156" VPOS="1282" WIDTH="100" HEIGHT="31" CONTENT="Their" WC="0.64" CC="07046"/>
						<SP ID="P21_SP00067" HPOS="256" VPOS="1313" WIDTH="23"/>
						<String ID="P21_ST00088" HPOS="279" VPOS="1280" WIDTH="208" HEIGHT="35" CONTENT="Flash-man," WC="0.50" CC="5403348683"/>
						<SP ID="P21_SP00068" HPOS="487" VPOS="1315" WIDTH="15"/>
						<String ID="P21_ST00089" HPOS="502" VPOS="1280" WIDTH="82" HEIGHT="29" CONTENT="their" WC="0.94" CC="00030"/>
						<SP ID="P21_SP00069" HPOS="584" VPOS="1315" WIDTH="15"/>
						<String ID="P21_ST00090" HPOS="599" VPOS="1280" WIDTH="111" HEIGHT="35" CONTENT="Bravo," WC="0.70" CC="340223"/>
					</TextLine>
				</TextBlock>
				<TextBlock ID="P21_TB00020" HPOS="412" VPOS="1342" WIDTH="331" HEIGHT="33" STYLEREFS="TXT_0 PAR_RIGHT">
					<TextLine ID="P21_TL00020" HPOS="413" VPOS="1343" WIDTH="330" HEIGHT="32">
						<String ID="P21_ST00091" HPOS="413" VPOS="1354" WIDTH="18" HEIGHT="21" CONTENT="a" WC="0.15" CC="8"/>
						<SP ID="P21_SP00070" HPOS="431" VPOS="1375" WIDTH="13"/>
						<String ID="P21_ST00092" HPOS="444" VPOS="1354" WIDTH="59" HEIGHT="20" CONTENT="son" WC="0.72" CC="602"/>
						<SP ID="P21_SP00071" HPOS="503" VPOS="1375" WIDTH="13"/>
						<String ID="P21_ST00093" HPOS="516" VPOS="1343" WIDTH="36" HEIGHT="31" CONTENT="of" WC="0.79" CC="04"/>
						<SP ID="P21_SP00072" HPOS="552" VPOS="1375" WIDTH="17"/>
						<String ID="P21_ST00094" HPOS="569" VPOS="1354" WIDTH="18" HEIGHT="20" CONTENT="a" WC="1.00" CC="0"/>
						<SP ID="P21_SP00073" HPOS="587" VPOS="1375" WIDTH="12"/>
						<String ID="P21_ST00095" HPOS="599" VPOS="1360" WIDTH="42" HEIGHT="6" CONTENT="—" WC="0.20" CC="8"/>
						<SP ID="P21_SP00074" HPOS="641" VPOS="1375" WIDTH="96"/>
						<String ID="P21_ST00096" HPOS="737" VPOS="1355" WIDTH="6" HEIGHT="20" CONTENT=";" WC="0.55" CC="4"/>
					</TextLine>
				</TextBlock>
				<TextBlock ID="P21_TB00021" HPOS="158" VPOS="1405" WIDTH="422" HEIGHT="39" STYLEREFS="TXT_0 PAR_LEFT">
					<TextLine ID="P21_TL00021" HPOS="158" VPOS="1406" WIDTH="422" HEIGHT="38">
						<String ID="P21_ST00097" HPOS="158" VPOS="1407" WIDTH="70" HEIGHT="31" CONTENT="The" WC="0.72" CC="080"/>
						<SP ID="P21_SP00075" HPOS="228" VPOS="1438" WIDTH="17"/>
						<String ID="P21_ST00098" HPOS="245" VPOS="1407" WIDTH="71" HEIGHT="30" CONTENT="hate" WC="0.72" CC="6220"/>
						<SP ID="P21_SP00076" HPOS="316" VPOS="1438" WIDTH="15"/>
						<String ID="P21_ST00099" HPOS="331" VPOS="1407" WIDTH="35" HEIGHT="28" CONTENT="of" WC="1.00" CC="00"/>
						<SP ID="P21_SP00077" HPOS="366" VPOS="1438" WIDTH="17"/>
						<String ID="P21_ST00100" HPOS="383" VPOS="1406" WIDTH="53" HEIGHT="29" CONTENT="the" WC="0.83" CC="050"/>
						<SP ID="P21_SP00078" HPOS="436" VPOS="1438" WIDTH="16"/>
						<String ID="P21_ST00101" HPOS="452" VPOS="1406" WIDTH="128" HEIGHT="38" CONTENT="People," WC="0.72" CC="0052604"/>
					</TextLine>
				</TextBlock>
				<TextBlock ID="P21_TB00022" HPOS="410" VPOS="1466" WIDTH="353" HEIGHT="35" STYLEREFS="TXT_0 PAR_RIGHT">
					<TextLine ID="P21_TL00022" HPOS="410" VPOS="1467" WIDTH="353" HEIGHT="34">
						<String ID="P21_ST00102" HPOS="410" VPOS="1469" WIDTH="44" HEIGHT="31" CONTENT="all" WC="0.65" CC="810"/>
						<SP ID="P21_SP00079" HPOS="454" VPOS="1500" WIDTH="15"/>
						<String ID="P21_ST00103" HPOS="469" VPOS="1468" WIDTH="122" HEIGHT="31" CONTENT="tatter'd" WC="0.78" CC="00025107"/>
						<SP ID="P21_SP00080" HPOS="591" VPOS="1500" WIDTH="16"/>
						<String ID="P21_ST00104" HPOS="607" VPOS="1467" WIDTH="61" HEIGHT="30" CONTENT="and" WC="0.68" CC="062"/>
						<SP ID="P21_SP00081" HPOS="668" VPOS="1500" WIDTH="15"/>
						<String ID="P21_ST00105" HPOS="683" VPOS="1471" WIDTH="80" HEIGHT="30" CONTENT="torn," WC="0.80" CC="00044"/>
					</TextLine>
				</TextBlock>
				<TextBlock ID="P21_TB00023" HPOS="160" VPOS="1529" WIDTH="335" HEIGHT="39" STYLEREFS="TXT_0 PAR_LEFT">
					<TextLine ID="P21_TL00023" HPOS="160" VPOS="1530" WIDTH="335" HEIGHT="38">
						<String ID="P21_ST00106" HPOS="160" VPOS="1535" WIDTH="86" HEIGHT="31" CONTENT="Who" WC="0.52" CC="615"/>
						<SP ID="P21_SP00082" HPOS="246" VPOS="1566" WIDTH="15"/>
						<String ID="P21_ST00107" HPOS="261" VPOS="1544" WIDTH="92" HEIGHT="20" CONTENT="curse" WC="0.53" CC="83560"/>
						<SP ID="P21_SP00083" HPOS="353" VPOS="1566" WIDTH="13"/>
						<String ID="P21_ST00108" HPOS="366" VPOS="1532" WIDTH="54" HEIGHT="30" CONTENT="the" WC="0.67" CC="081"/>
						<SP ID="P21_SP00084" HPOS="420" VPOS="1566" WIDTH="16"/>
						<String ID="P21_ST00109" HPOS="436" VPOS="1530" WIDTH="59" HEIGHT="38" CONTENT="day" WC="0.69" CC="701"/>
					</TextLine>
				</TextBlock>
				<TextBlock ID="P21_TB00024" HPOS="412" VPOS="1591" WIDTH="427" HEIGHT="40" STYLEREFS="TXT_0 PAR_RIGHT">
					<TextLine ID="P21_TL00024" HPOS="412" VPOS="1592" WIDTH="427" HEIGHT="39">
						<String ID="P21_ST00110" HPOS="412" VPOS="1594" WIDTH="139" HEIGHT="29" CONTENT="wherein" WC="0.58" CC="8405028"/>
						<SP ID="P21_SP00085" HPOS="551" VPOS="1623" WIDTH="14"/>
						<String ID="P21_ST00111" HPOS="565" VPOS="1593" WIDTH="74" HEIGHT="38" CONTENT="they" WC="0.84" CC="3002"/>
						<SP ID="P21_SP00086" HPOS="639" VPOS="1631" WIDTH="16"/>
						<String ID="P21_ST00112" HPOS="655" VPOS="1601" WIDTH="81" HEIGHT="21" CONTENT="were" WC="0.82" CC="3020"/>
						<SP ID="P21_SP00087" HPOS="736" VPOS="1631" WIDTH="14"/>
						<String ID="P21_ST00113" HPOS="750" VPOS="1592" WIDTH="89" HEIGHT="35" CONTENT="born," WC="0.49" CC="83670"/>
					</TextLine>
				</TextBlock>
				<TextBlock ID="P21_TB00025" HPOS="160" VPOS="1655" WIDTH="422" HEIGHT="36" STYLEREFS="TXT_0 PAR_LEFT">
					<TextLine ID="P21_TL00025" HPOS="161" VPOS="1656" WIDTH="421" HEIGHT="35">
						<String ID="P21_ST00114" HPOS="161" VPOS="1662" WIDTH="52" HEIGHT="29" CONTENT="On" WC="0.28" CC="76"/>
						<SP ID="P21_SP00088" HPOS="213" VPOS="1691" WIDTH="13"/>
						<String ID="P21_ST00115" HPOS="226" VPOS="1663" WIDTH="136" HEIGHT="28" CONTENT="account" WC="0.44" CC="6762870"/>
						<SP ID="P21_SP00089" HPOS="362" VPOS="1691" WIDTH="15"/>
						<String ID="P21_ST00116" HPOS="377" VPOS="1658" WIDTH="36" HEIGHT="30" CONTENT="of" WC="0.70" CC="32"/>
						<SP ID="P21_SP00090" HPOS="413" VPOS="1691" WIDTH="16"/>
						<String ID="P21_ST00117" HPOS="429" VPOS="1656" WIDTH="153" HEIGHT="30" CONTENT="Taxation" WC="0.67" CC="00205548"/>
					</TextLine>
				</TextBlock>
				<TextBlock ID="P21_TB00026" HPOS="413" VPOS="1717" WIDTH="376" HEIGHT="42" STYLEREFS="TXT_0 PAR_RIGHT">
					<TextLine ID="P21_TL00026" HPOS="414" VPOS="1718" WIDTH="375" HEIGHT="41">
						<String ID="P21_ST00118" HPOS="414" VPOS="1726" WIDTH="52" HEIGHT="24" CONTENT="too" WC="0.84" CC="201"/>
						<SP ID="P21_SP00091" HPOS="466" VPOS="1750" WIDTH="14"/>
						<String ID="P21_ST00119" HPOS="480" VPOS="1724" WIDTH="88" HEIGHT="35" CONTENT="great" WC="0.78" CC="37000"/>
						<SP ID="P21_SP00092" HPOS="568" VPOS="1759" WIDTH="14"/>
						<String ID="P21_ST00120" HPOS="582" VPOS="1724" WIDTH="32" HEIGHT="25" CONTENT="to" WC="0.63" CC="24"/>
						<SP ID="P21_SP00093" HPOS="614" VPOS="1759" WIDTH="14"/>
						<String ID="P21_ST00121" HPOS="628" VPOS="1718" WIDTH="41" HEIGHT="31" CONTENT="be" WC="1.00" CC="00"/>
						<SP ID="P21_SP00094" HPOS="669" VPOS="1759" WIDTH="13"/>
						<String ID="P21_ST00122" HPOS="682" VPOS="1719" WIDTH="107" HEIGHT="33" CONTENT="borne," WC="0.64" CC="454700"/>
					</TextLine>
				</TextBlock>
				<TextBlock ID="P21_TB00027" HPOS="160" VPOS="1781" WIDTH="342" HEIGHT="43" STYLEREFS="TXT_0 PAR_LEFT">
					<TextLine ID="P21_TL00027" HPOS="160" VPOS="1783" WIDTH="342" HEIGHT="41">
						<String ID="P21_ST00123" HPOS="160" VPOS="1786" WIDTH="74" HEIGHT="33" CONTENT="And" WC="0.30" CC="767"/>
						<SP ID="P21_SP00095" HPOS="234" VPOS="1819" WIDTH="16"/>
						<String ID="P21_ST00124" HPOS="250" VPOS="1794" WIDTH="76" HEIGHT="30" CONTENT="pray" WC="0.56" CC="5326"/>
						<SP ID="P21_SP00096" HPOS="326" VPOS="1824" WIDTH="18"/>
						<String ID="P21_ST00125" HPOS="344" VPOS="1783" WIDTH="50" HEIGHT="31" CONTENT="for" WC="0.69" CC="035"/>
						<SP ID="P21_SP00097" HPOS="394" VPOS="1824" WIDTH="14"/>
						<String ID="P21_ST00126" HPOS="408" VPOS="1783" WIDTH="94" HEIGHT="30" CONTENT="relief" WC="0.84" CC="305000"/>
					</TextLine>
				</TextBlock>
				<TextBlock ID="P21_TB00028" HPOS="417" VPOS="1844" WIDTH="354" HEIGHT="38" STYLEREFS="TXT_0 PAR_RIGHT">
					<TextLine ID="P21_TL00028" HPOS="417" VPOS="1844" WIDTH="354" HEIGHT="38">
						<String ID="P21_ST00127" HPOS="417" VPOS="1846" WIDTH="78" HEIGHT="30" CONTENT="from" WC="0.49" CC="8380"/>
						<SP ID="P21_SP00098" HPOS="495" VPOS="1876" WIDTH="16"/>
						<String ID="P21_ST00128" HPOS="511" VPOS="1844" WIDTH="91" HEIGHT="38" CONTENT="night" WC="0.53" CC="70770"/>
						<SP ID="P21_SP00099" HPOS="602" VPOS="1882" WIDTH="15"/>
						<String ID="P21_ST00129" HPOS="617" VPOS="1848" WIDTH="30" HEIGHT="26" CONTENT="to" WC="0.53" CC="36"/>
						<SP ID="P21_SP00100" HPOS="647" VPOS="1882" WIDTH="15"/>
						<String ID="P21_ST00130" HPOS="662" VPOS="1853" WIDTH="89" HEIGHT="21" CONTENT="morn" WC="0.50" CC="6237"/>
						<SP ID="P21_SP00101" HPOS="751" VPOS="1882" WIDTH="15"/>
						<String ID="P21_ST00131" HPOS="766" VPOS="1855" WIDTH="5" HEIGHT="23" CONTENT=";" WC="0.65" CC="3"/>
					</TextLine>
				</TextBlock>
			</PrintSpace>
		</Page>
	</Layout>
</alto>
