<?xml version="1.0" encoding="UTF-8"?>
<alto xmlns:xsi="http://www.w3.org/2001/XMLSchema-instance" xsi:noNamespaceSchemaLocation="http://www.bl.uk/schemas/alto/alto-1-4.xsd" xmlns:xlink="http://www.w3.org/1999/xlink">
	<Description>
		<MeasurementUnit>mm10</MeasurementUnit>
		<sourceImageInformation>
			<fileName>//head1/IN/2007-34/A0010556622/004786.jp2</fileName>
		</sourceImageInformation>
		<OCRProcessing ID="OCRPROCESSING_1">
			<preProcessingStep>
				<processingSoftware>
					<softwareCreator>CCS Content Conversion Specialists GmbH, Germany</softwareCreator>
					<softwareName>CCS docWORKS</softwareName>
					<softwareVersion>6.1-0.54</softwareVersion>
				</processingSoftware>
			</preProcessingStep>
			<ocrProcessingStep>
				<processingSoftware>
					<softwareCreator>ABBYY (BIT Software), Russia</softwareCreator>
					<softwareName>Finereader</softwareName>
				</processingSoftware>
			</ocrProcessingStep>
		</OCRProcessing>
	</Description>
	<Styles>
		<TextStyle ID="TXT_0" FONTSIZE="9" FONTFAMILY="Courier New"/>
		<TextStyle ID="TXT_1" FONTSIZE="12" FONTFAMILY="Times New Roman"/>
		<TextStyle ID="TXT_2" FONTSIZE="10" FONTFAMILY="Courier New"/>
		<TextStyle ID="TXT_3" FONTSIZE="11" FONTFAMILY="Courier New"/>
		<ParagraphStyle ID="PAR_LEFT" ALIGN="Left"/>
		<ParagraphStyle ID="PAR_CENTER" ALIGN="Center"/>
		<ParagraphStyle ID="PAR_RIGHT" ALIGN="Right"/>
	</Styles>
	<Layout>
		<Page ID="P26" PHYSICAL_IMG_NR="26" HEIGHT="1999" WIDTH="1190" QUALITY="Damaged" POSITION="Left" ACCURACY="55.24">
			<TopMargin ID="P26_TM00001" HPOS="0" VPOS="0" WIDTH="1190" HEIGHT="193"/>
			<LeftMargin ID="P26_LM00001" HPOS="0" VPOS="193" WIDTH="265" HEIGHT="1602"/>
			<RightMargin ID="P26_RM00001" HPOS="1095" VPOS="193" WIDTH="95" HEIGHT="1602">
				<TextBlock ID="P26_TB00001" HPOS="1099" VPOS="403" WIDTH="6" HEIGHT="11" STYLEREFS="TXT_0 PAR_LEFT">
					<TextLine ID="P26_TL00001" HPOS="1100" VPOS="411" WIDTH="5" HEIGHT="3">
						<String ID="P26_ST00001" HPOS="1100" VPOS="411" WIDTH="5" HEIGHT="3" CONTENT="." WC="0.24" CC="7" STYLEREFS="TXT_1"/>
					</TextLine>
				</TextBlock>
			</RightMargin>
			<BottomMargin ID="P26_BM00001" HPOS="0" VPOS="1795" WIDTH="1190" HEIGHT="204">
				<TextBlock ID="P26_TB00002" HPOS="5" VPOS="1982" WIDTH="5" HEIGHT="10" STYLEREFS="TXT_2 PAR_LEFT">
					<TextLine ID="P26_TL00002" HPOS="5" VPOS="1982" WIDTH="5" HEIGHT="10">
						<String ID="P26_ST00002" HPOS="5" VPOS="1982" WIDTH="5" HEIGHT="10" CONTENT="\" WC="0.14" CC="8"/>
					</TextLine>
				</TextBlock>
			</BottomMargin>
			<PrintSpace ID="P26_PS00001" HPOS="265" VPOS="193" WIDTH="830" HEIGHT="1602">
				<TextBlock ID="P26_TB00003" HPOS="265" VPOS="193" WIDTH="537" HEIGHT="38" STYLEREFS="TXT_2 PAR_LEFT">
					<TextLine ID="P26_TL00003" HPOS="267" VPOS="194" WIDTH="535" HEIGHT="37">
						<String ID="P26_ST00003" HPOS="267" VPOS="196" WIDTH="70" HEIGHT="31" CONTENT="And" WC="0.29" CC="488"/>
						<SP ID="P26_SP00001" HPOS="337" VPOS="227" WIDTH="25"/>
						<String ID="P26_ST00004" HPOS="362" VPOS="196" WIDTH="53" HEIGHT="30" CONTENT="has" WC="0.38" CC="728"/>
						<SP ID="P26_SP00002" HPOS="415" VPOS="227" WIDTH="14"/>
						<String ID="P26_ST00005" HPOS="429" VPOS="200" WIDTH="87" HEIGHT="26" CONTENT="taste" WC="0.47" CC="07738"/>
						<SP ID="P26_SP00003" HPOS="516" VPOS="227" WIDTH="14"/>
						<String ID="P26_ST00006" HPOS="530" VPOS="195" WIDTH="30" HEIGHT="27" CONTENT="in" WC="0.50" CC="18"/>
						<SP ID="P26_SP00004" HPOS="560" VPOS="227" WIDTH="19"/>
						<String ID="P26_ST00007" HPOS="579" VPOS="194" WIDTH="88" HEIGHT="37" CONTENT="wigs," WC="0.33" CC="83884"/>
						<SP ID="P26_SP00005" HPOS="667" VPOS="231" WIDTH="15"/>
						<String ID="P26_ST00008" HPOS="682" VPOS="194" WIDTH="120" HEIGHT="34" CONTENT="collars," WC="0.54" CC="87332380"/>
					</TextLine>
				</TextBlock>
				<TextBlock ID="P26_TB00004" HPOS="527" VPOS="255" WIDTH="337" HEIGHT="36" STYLEREFS="TXT_2 PAR_CENTER">
					<TextLine ID="P26_TL00004" HPOS="527" VPOS="256" WIDTH="337" HEIGHT="35">
						<String ID="P26_ST00009" HPOS="527" VPOS="257" WIDTH="162" HEIGHT="34" CONTENT="cuirasses," WC="0.60" CC="0771076070"/>
						<SP ID="P26_SP00006" HPOS="689" VPOS="291" WIDTH="13"/>
						<String ID="P26_ST00010" HPOS="702" VPOS="256" WIDTH="61" HEIGHT="29" CONTENT="and" WC="0.52" CC="184"/>
						<SP ID="P26_SP00007" HPOS="763" VPOS="291" WIDTH="15"/>
						<String ID="P26_ST00011" HPOS="778" VPOS="256" WIDTH="66" HEIGHT="29" CONTENT="lace" WC="0.55" CC="4543"/>
						<String ID="P26_ST00012" HPOS="857" VPOS="268" WIDTH="7" HEIGHT="22" CONTENT=";" WC="0.73" CC="2"/>
					</TextLine>
				</TextBlock>
				<TextBlock ID="P26_TB00005" HPOS="280" VPOS="318" WIDTH="507" HEIGHT="38" STYLEREFS="TXT_2 PAR_LEFT">
					<TextLine ID="P26_TL00005" HPOS="280" VPOS="318" WIDTH="507" HEIGHT="38">
						<String ID="P26_ST00013" HPOS="280" VPOS="322" WIDTH="93" HEIGHT="34" CONTENT="Who," WC="0.39" CC="7870"/>
						<SP ID="P26_SP00008" HPOS="373" VPOS="356" WIDTH="17"/>
						<String ID="P26_ST00014" HPOS="390" VPOS="326" WIDTH="32" HEIGHT="24" CONTENT="to" WC="0.22" CC="78"/>
						<SP ID="P26_SP00009" HPOS="422" VPOS="356" WIDTH="15"/>
						<String ID="P26_ST00015" HPOS="437" VPOS="321" WIDTH="168" HEIGHT="34" CONTENT="tricksters," WC="0.46" CC="44377870680"/>
						<SP ID="P26_SP00010" HPOS="605" VPOS="356" WIDTH="16"/>
						<String ID="P26_ST00016" HPOS="621" VPOS="318" WIDTH="62" HEIGHT="30" CONTENT="and" WC="0.17" CC="887"/>
						<SP ID="P26_SP00011" HPOS="683" VPOS="356" WIDTH="15"/>
						<String ID="P26_ST00017" HPOS="698" VPOS="318" WIDTH="89" HEIGHT="36" CONTENT="fools," WC="0.81" CC="201070"/>
					</TextLine>
				</TextBlock>
				<TextBlock ID="P26_TB00006" HPOS="538" VPOS="380" WIDTH="557" HEIGHT="30" STYLEREFS="TXT_2 PAR_RIGHT">
					<TextLine ID="P26_TL00006" HPOS="538" VPOS="380" WIDTH="557" HEIGHT="30">
						<String ID="P26_ST00018" HPOS="538" VPOS="383" WIDTH="104" HEIGHT="27" CONTENT="leaves" WC="0.71" CC="400507"/>
						<SP ID="P26_SP00012" HPOS="642" VPOS="410" WIDTH="13"/>
						<String ID="P26_ST00019" HPOS="655" VPOS="381" WIDTH="54" HEIGHT="29" CONTENT="the" WC="0.73" CC="340"/>
						<SP ID="P26_SP00013" HPOS="709" VPOS="410" WIDTH="14"/>
						<String ID="P26_ST00020" HPOS="723" VPOS="381" WIDTH="86" HEIGHT="29" CONTENT="State" WC="0.97" CC="10000"/>
						<SP ID="P26_SP00014" HPOS="809" VPOS="410" WIDTH="13"/>
						<String ID="P26_ST00021" HPOS="822" VPOS="380" WIDTH="62" HEIGHT="30" CONTENT="and" WC="0.38" CC="665"/>
						<SP ID="P26_SP00015" HPOS="884" VPOS="410" WIDTH="16"/>
						<String ID="P26_ST00022" HPOS="900" VPOS="380" WIDTH="40" HEIGHT="30" CONTENT="its" WC="0.81" CC="104"/>
						<SP ID="P26_SP00016" HPOS="940" VPOS="410" WIDTH="17"/>
						<String ID="P26_ST00023" HPOS="957" VPOS="384" WIDTH="138" HEIGHT="26" CONTENT="treasure" WC="0.66" CC="00038661"/>
					</TextLine>
				</TextBlock>
				<TextBlock ID="P26_TB00007" HPOS="285" VPOS="443" WIDTH="497" HEIGHT="37" STYLEREFS="TXT_2 PAR_LEFT">
					<TextLine ID="P26_TL00007" HPOS="286" VPOS="443" WIDTH="496" HEIGHT="37">
						<String ID="P26_ST00024" HPOS="286" VPOS="447" WIDTH="84" HEIGHT="33" CONTENT="And," WC="0.38" CC="7880"/>
						<SP ID="P26_SP00017" HPOS="370" VPOS="480" WIDTH="14"/>
						<String ID="P26_ST00025" HPOS="384" VPOS="445" WIDTH="90" HEIGHT="30" CONTENT="when" WC="0.22" CC="8768"/>
						<SP ID="P26_SP00018" HPOS="474" VPOS="480" WIDTH="19"/>
						<String ID="P26_ST00026" HPOS="493" VPOS="443" WIDTH="148" HEIGHT="31" CONTENT="Britain's" WC="0.31" CC="764686858"/>
						<SP ID="P26_SP00019" HPOS="641" VPOS="480" WIDTH="13"/>
						<String ID="P26_ST00027" HPOS="654" VPOS="444" WIDTH="32" HEIGHT="29" CONTENT="in" WC="0.46" CC="37"/>
						<SP ID="P26_SP00020" HPOS="686" VPOS="480" WIDTH="16"/>
						<String ID="P26_ST00028" HPOS="702" VPOS="448" WIDTH="80" HEIGHT="25" CONTENT="tears" WC="0.71" CC="00607"/>
					</TextLine>
				</TextBlock>
				<TextBlock ID="P26_TB00008" HPOS="539" VPOS="505" WIDTH="458" HEIGHT="39" STYLEREFS="TXT_2 PAR_RIGHT">
					<TextLine ID="P26_TL00008" HPOS="539" VPOS="505" WIDTH="458" HEIGHT="39">
						<String ID="P26_ST00029" HPOS="539" VPOS="506" WIDTH="73" HEIGHT="30" CONTENT="sails" WC="0.27" CC="88387"/>
						<SP ID="P26_SP00021" HPOS="612" VPOS="536" WIDTH="13"/>
						<String ID="P26_ST00030" HPOS="625" VPOS="506" WIDTH="96" HEIGHT="31" CONTENT="about" WC="0.52" CC="68080"/>
						<SP ID="P26_SP00022" HPOS="721" VPOS="537" WIDTH="11"/>
						<String ID="P26_ST00031" HPOS="732" VPOS="510" WIDTH="29" HEIGHT="24" CONTENT="at" WC="0.36" CC="57"/>
						<SP ID="P26_SP00023" HPOS="761" VPOS="537" WIDTH="16"/>
						<String ID="P26_ST00032" HPOS="777" VPOS="505" WIDTH="49" HEIGHT="30" CONTENT="his" WC="0.41" CC="818"/>
						<SP ID="P26_SP00024" HPOS="826" VPOS="537" WIDTH="13"/>
						<String ID="P26_ST00033" HPOS="839" VPOS="506" WIDTH="142" HEIGHT="38" CONTENT="pleasure" WC="0.28" CC="70878788"/>
						<SP ID="P26_SP00025" HPOS="981" VPOS="544" WIDTH="11"/>
						<String ID="P26_ST00034" HPOS="992" VPOS="518" WIDTH="5" HEIGHT="22" CONTENT=";" WC="1.00" CC="0"/>
					</TextLine>
				</TextBlock>
				<TextBlock ID="P26_TB00009" HPOS="287" VPOS="568" WIDTH="553" HEIGHT="41" STYLEREFS="TXT_2 PAR_LEFT">
					<TextLine ID="P26_TL00009" HPOS="289" VPOS="569" WIDTH="551" HEIGHT="40">
						<String ID="P26_ST00035" HPOS="289" VPOS="571" WIDTH="81" HEIGHT="29" CONTENT="Who" WC="0.51" CC="706"/>
						<SP ID="P26_SP00026" HPOS="370" VPOS="600" WIDTH="13"/>
						<String ID="P26_ST00036" HPOS="383" VPOS="570" WIDTH="132" HEIGHT="39" CONTENT="spurn'd" WC="0.29" CC="8888806"/>
						<SP ID="P26_SP00027" HPOS="515" VPOS="609" WIDTH="14"/>
						<String ID="P26_ST00037" HPOS="529" VPOS="570" WIDTH="81" HEIGHT="29" CONTENT="from" WC="0.50" CC="7452"/>
						<SP ID="P26_SP00028" HPOS="610" VPOS="609" WIDTH="17"/>
						<String ID="P26_ST00038" HPOS="627" VPOS="569" WIDTH="49" HEIGHT="29" CONTENT="his" WC="0.36" CC="828"/>
						<SP ID="P26_SP00029" HPOS="676" VPOS="609" WIDTH="15"/>
						<String ID="P26_ST00039" HPOS="691" VPOS="578" WIDTH="149" HEIGHT="31" CONTENT="presence" WC="0.28" CC="88770887"/>
					</TextLine>
				</TextBlock>
				<TextBlock ID="P26_TB00010" HPOS="537" VPOS="632" WIDTH="452" HEIGHT="35" STYLEREFS="TXT_2 PAR_RIGHT">
					<TextLine ID="P26_TL00010" HPOS="538" VPOS="632" WIDTH="451" HEIGHT="35">
						<String ID="P26_ST00040" HPOS="538" VPOS="633" WIDTH="53" HEIGHT="29" CONTENT="the" WC="0.34" CC="576"/>
						<SP ID="P26_SP00030" HPOS="591" VPOS="662" WIDTH="17"/>
						<String ID="P26_ST00041" HPOS="608" VPOS="632" WIDTH="131" HEIGHT="30" CONTENT="Friends" WC="0.34" CC="4707888"/>
						<SP ID="P26_SP00031" HPOS="739" VPOS="662" WIDTH="15"/>
						<String ID="P26_ST00042" HPOS="754" VPOS="632" WIDTH="35" HEIGHT="30" CONTENT="of" WC="0.66" CC="60"/>
						<SP ID="P26_SP00032" HPOS="789" VPOS="662" WIDTH="18"/>
						<String ID="P26_ST00043" HPOS="807" VPOS="632" WIDTH="49" HEIGHT="30" CONTENT="his" WC="0.49" CC="806"/>
						<SP ID="P26_SP00033" HPOS="856" VPOS="662" WIDTH="15"/>
						<String ID="P26_ST00044" HPOS="871" VPOS="633" WIDTH="118" HEIGHT="34" CONTENT="Youth," WC="0.47" CC="787212"/>
					</TextLine>
				</TextBlock>
				<TextBlock ID="P26_TB00011" HPOS="290" VPOS="695" WIDTH="376" HEIGHT="32" STYLEREFS="TXT_2 PAR_LEFT">
					<TextLine ID="P26_TL00011" HPOS="290" VPOS="697" WIDTH="376" HEIGHT="30">
						<String ID="P26_ST00045" HPOS="290" VPOS="697" WIDTH="69" HEIGHT="30" CONTENT="And" WC="0.31" CC="388"/>
						<SP ID="P26_SP00034" HPOS="359" VPOS="727" WIDTH="19"/>
						<String ID="P26_ST00046" HPOS="378" VPOS="708" WIDTH="68" HEIGHT="18" CONTENT="now" WC="0.26" CC="768"/>
						<SP ID="P26_SP00035" HPOS="446" VPOS="727" WIDTH="17"/>
						<String ID="P26_ST00047" HPOS="463" VPOS="697" WIDTH="55" HEIGHT="28" CONTENT="has" WC="0.40" CC="358"/>
						<SP ID="P26_SP00036" HPOS="518" VPOS="727" WIDTH="17"/>
						<String ID="P26_ST00048" HPOS="535" VPOS="700" WIDTH="54" HEIGHT="25" CONTENT="not" WC="0.36" CC="773"/>
						<SP ID="P26_SP00037" HPOS="589" VPOS="727" WIDTH="15"/>
						<String ID="P26_ST00049" HPOS="604" VPOS="706" WIDTH="62" HEIGHT="19" CONTENT="one" WC="0.16" CC="887"/>
					</TextLine>
				</TextBlock>
				<TextBlock ID="P26_TB00012" HPOS="542" VPOS="759" WIDTH="510" HEIGHT="35" STYLEREFS="TXT_2 PAR_RIGHT">
					<TextLine ID="P26_TL00012" HPOS="543" VPOS="759" WIDTH="509" HEIGHT="35">
						<String ID="P26_ST00050" HPOS="543" VPOS="759" WIDTH="71" HEIGHT="30" CONTENT="who" WC="0.43" CC="808"/>
						<SP ID="P26_SP00038" HPOS="614" VPOS="789" WIDTH="17"/>
						<String ID="P26_ST00051" HPOS="631" VPOS="760" WIDTH="62" HEIGHT="29" CONTENT="will" WC="0.56" CC="8503"/>
						<SP ID="P26_SP00039" HPOS="693" VPOS="789" WIDTH="17"/>
						<String ID="P26_ST00052" HPOS="710" VPOS="760" WIDTH="53" HEIGHT="29" CONTENT="tell" WC="0.33" CC="6657"/>
						<SP ID="P26_SP00040" HPOS="763" VPOS="789" WIDTH="14"/>
						<String ID="P26_ST00053" HPOS="777" VPOS="759" WIDTH="67" HEIGHT="30" CONTENT="him" WC="0.45" CC="618"/>
						<SP ID="P26_SP00041" HPOS="844" VPOS="789" WIDTH="17"/>
						<String ID="P26_ST00054" HPOS="861" VPOS="759" WIDTH="53" HEIGHT="30" CONTENT="the" WC="0.33" CC="577"/>
						<SP ID="P26_SP00042" HPOS="914" VPOS="789" WIDTH="16"/>
						<String ID="P26_ST00055" HPOS="930" VPOS="760" WIDTH="103" HEIGHT="29" CONTENT="Truth" WC="0.27" CC="47868"/>
						<SP ID="P26_SP00043" HPOS="1033" VPOS="789" WIDTH="14"/>
						<String ID="P26_ST00056" HPOS="1047" VPOS="774" WIDTH="5" HEIGHT="20" CONTENT=";" WC="0.69" CC="3"/>
					</TextLine>
				</TextBlock>
				<TextBlock ID="P26_TB00013" HPOS="291" VPOS="822" WIDTH="466" HEIGHT="35" STYLEREFS="TXT_2 PAR_LEFT">
					<TextLine ID="P26_TL00013" HPOS="291" VPOS="822" WIDTH="466" HEIGHT="35">
						<String ID="P26_ST00057" HPOS="291" VPOS="824" WIDTH="84" HEIGHT="30" CONTENT="Who" WC="0.59" CC="705"/>
						<SP ID="P26_SP00044" HPOS="375" VPOS="854" WIDTH="15"/>
						<String ID="P26_ST00058" HPOS="390" VPOS="824" WIDTH="75" HEIGHT="28" CONTENT="took" WC="0.79" CC="0440"/>
						<SP ID="P26_SP00045" HPOS="465" VPOS="854" WIDTH="14"/>
						<String ID="P26_ST00059" HPOS="479" VPOS="828" WIDTH="32" HEIGHT="24" CONTENT="to" WC="1.00" CC="00"/>
						<SP ID="P26_SP00046" HPOS="511" VPOS="854" WIDTH="16"/>
						<String ID="P26_ST00060" HPOS="527" VPOS="822" WIDTH="49" HEIGHT="30" CONTENT="his" WC="0.49" CC="708"/>
						<SP ID="P26_SP00047" HPOS="576" VPOS="854" WIDTH="16"/>
						<String ID="P26_ST00061" HPOS="592" VPOS="822" WIDTH="165" HEIGHT="35" CONTENT="Counsels," WC="0.42" CC="607880776"/>
					</TextLine>
				</TextBlock>
				<TextBlock ID="P26_TB00014" HPOS="545" VPOS="885" WIDTH="219" HEIGHT="31" STYLEREFS="TXT_2 PAR_LEFT">
					<TextLine ID="P26_TL00014" HPOS="546" VPOS="885" WIDTH="218" HEIGHT="31">
						<String ID="P26_ST00062" HPOS="546" VPOS="886" WIDTH="32" HEIGHT="29" CONTENT="in" WC="0.59" CC="08"/>
						<SP ID="P26_SP00048" HPOS="578" VPOS="915" WIDTH="17"/>
						<String ID="P26_ST00063" HPOS="595" VPOS="886" WIDTH="61" HEIGHT="29" CONTENT="evil" WC="0.91" CC="0210"/>
						<SP ID="P26_SP00049" HPOS="656" VPOS="915" WIDTH="18"/>
						<String ID="P26_ST00064" HPOS="674" VPOS="885" WIDTH="90" HEIGHT="31" CONTENT="hour." WC="0.47" CC="34827"/>
					</TextLine>
				</TextBlock>
				<TextBlock ID="P26_TB00015" HPOS="294" VPOS="948" WIDTH="490" HEIGHT="33" STYLEREFS="TXT_2 PAR_LEFT">
					<TextLine ID="P26_TL00015" HPOS="295" VPOS="948" WIDTH="489" HEIGHT="33">
						<String ID="P26_ST00065" HPOS="295" VPOS="952" WIDTH="70" HEIGHT="29" CONTENT="The" WC="0.64" CC="046"/>
						<SP ID="P26_SP00050" HPOS="365" VPOS="981" WIDTH="15"/>
						<String ID="P26_ST00066" HPOS="380" VPOS="949" WIDTH="134" HEIGHT="32" CONTENT="Friends" WC="0.57" CC="5303375"/>
						<SP ID="P26_SP00051" HPOS="514" VPOS="981" WIDTH="14"/>
						<String ID="P26_ST00067" HPOS="528" VPOS="954" WIDTH="32" HEIGHT="25" CONTENT="to" WC="0.81" CC="03"/>
						<SP ID="P26_SP00052" HPOS="560" VPOS="981" WIDTH="15"/>
						<String ID="P26_ST00068" HPOS="575" VPOS="949" WIDTH="54" HEIGHT="30" CONTENT="the" WC="0.64" CC="460"/>
						<SP ID="P26_SP00053" HPOS="629" VPOS="981" WIDTH="14"/>
						<String ID="P26_ST00069" HPOS="643" VPOS="948" WIDTH="141" HEIGHT="31" CONTENT="Reasons" WC="0.56" CC="1048357"/>
					</TextLine>
				</TextBlock>
				<TextBlock ID="P26_TB00016" HPOS="549" VPOS="1010" WIDTH="325" HEIGHT="39" STYLEREFS="TXT_2 PAR_RIGHT">
					<TextLine ID="P26_TL00016" HPOS="549" VPOS="1011" WIDTH="325" HEIGHT="38">
						<String ID="P26_ST00070" HPOS="549" VPOS="1012" WIDTH="36" HEIGHT="30" CONTENT="of" WC="0.69" CC="32"/>
						<SP ID="P26_SP00054" HPOS="585" VPOS="1042" WIDTH="16"/>
						<String ID="P26_ST00071" HPOS="601" VPOS="1012" WIDTH="120" HEIGHT="30" CONTENT="lawless" WC="0.53" CC="1086078"/>
						<SP ID="P26_SP00055" HPOS="721" VPOS="1042" WIDTH="16"/>
						<String ID="P26_ST00072" HPOS="737" VPOS="1011" WIDTH="113" HEIGHT="34" CONTENT="Power" WC="0.55" CC="50843"/>
						<SP ID="P26_SP00056" HPOS="850" VPOS="1045" WIDTH="18"/>
						<String ID="P26_ST00073" HPOS="868" VPOS="1029" WIDTH="6" HEIGHT="20" CONTENT=";" WC="0.39" CC="6"/>
					</TextLine>
				</TextBlock>
				<TextBlock ID="P26_TB00017" HPOS="297" VPOS="1075" WIDTH="558" HEIGHT="37" STYLEREFS="TXT_2 PAR_LEFT">
					<TextLine ID="P26_TL00017" HPOS="298" VPOS="1075" WIDTH="557" HEIGHT="37">
						<String ID="P26_ST00074" HPOS="298" VPOS="1075" WIDTH="85" HEIGHT="31" CONTENT="That" WC="0.71" CC="4150"/>
						<SP ID="P26_SP00057" HPOS="383" VPOS="1106" WIDTH="14"/>
						<String ID="P26_ST00075" HPOS="397" VPOS="1077" WIDTH="81" HEIGHT="29" CONTENT="back" WC="0.48" CC="8803"/>
						<SP ID="P26_SP00058" HPOS="478" VPOS="1106" WIDTH="14"/>
						<String ID="P26_ST00076" HPOS="492" VPOS="1076" WIDTH="53" HEIGHT="30" CONTENT="the" WC="0.91" CC="020"/>
						<SP ID="P26_SP00059" HPOS="545" VPOS="1106" WIDTH="15"/>
						<String ID="P26_ST00077" HPOS="560" VPOS="1076" WIDTH="116" HEIGHT="30" CONTENT="Public" WC="0.75" CC="008600"/>
						<SP ID="P26_SP00060" HPOS="676" VPOS="1106" WIDTH="13"/>
						<String ID="P26_ST00078" HPOS="689" VPOS="1077" WIDTH="166" HEIGHT="35" CONTENT="Informer," WC="0.68" CC="052312561"/>
					</TextLine>
				</TextBlock>
				<TextBlock ID="P26_TB00018" HPOS="561" VPOS="1138" WIDTH="72" HEIGHT="32" STYLEREFS="TXT_2 PAR_LEFT">
					<TextLine ID="P26_TL00018" HPOS="562" VPOS="1140" WIDTH="71" HEIGHT="30">
						<String ID="P26_ST00079" HPOS="562" VPOS="1140" WIDTH="71" HEIGHT="30" CONTENT="who" WC="0.72" CC="800"/>
					</TextLine>
				</TextBlock>
				<TextBlock ID="P26_TB00019" HPOS="296" VPOS="1202" WIDTH="497" HEIGHT="41" STYLEREFS="TXT_2 PAR_LEFT">
					<TextLine ID="P26_TL00019" HPOS="296" VPOS="1202" WIDTH="497" HEIGHT="41">
						<String ID="P26_ST00080" HPOS="296" VPOS="1202" WIDTH="115" HEIGHT="30" CONTENT="Would" WC="0.28" CC="67858"/>
						<SP ID="P26_SP00061" HPOS="411" VPOS="1232" WIDTH="17"/>
						<String ID="P26_ST00081" HPOS="428" VPOS="1208" WIDTH="55" HEIGHT="35" CONTENT="put" WC="0.61" CC="380"/>
						<SP ID="P26_SP00062" HPOS="483" VPOS="1243" WIDTH="12"/>
						<String ID="P26_ST00082" HPOS="495" VPOS="1204" WIDTH="94" HEIGHT="29" CONTENT="down" WC="0.34" CC="8288"/>
						<SP ID="P26_SP00063" HPOS="589" VPOS="1243" WIDTH="16"/>
						<String ID="P26_ST00083" HPOS="605" VPOS="1205" WIDTH="53" HEIGHT="29" CONTENT="the" WC="0.80" CC="500"/>
						<SP ID="P26_SP00064" HPOS="658" VPOS="1243" WIDTH="15"/>
						<String ID="P26_ST00084" HPOS="673" VPOS="1205" WIDTH="120" HEIGHT="38" CONTENT="Thing," WC="0.78" CC="120080"/>
					</TextLine>
				</TextBlock>
				<TextBlock ID="P26_TB00020" HPOS="299" VPOS="1264" WIDTH="707" HEIGHT="103" STYLEREFS="TXT_2 PAR_LEFT">
					<TextLine ID="P26_TL00020" HPOS="554" VPOS="1265" WIDTH="452" HEIGHT="43">
						<String ID="P26_ST00085" HPOS="554" VPOS="1265" WIDTH="77" HEIGHT="38" CONTENT="that," WC="0.71" CC="08600"/>
						<SP ID="P26_SP00065" HPOS="631" VPOS="1303" WIDTH="17"/>
						<String ID="P26_ST00086" HPOS="648" VPOS="1266" WIDTH="33" HEIGHT="30" CONTENT="in" WC="0.86" CC="02"/>
						<SP ID="P26_SP00066" HPOS="681" VPOS="1303" WIDTH="15"/>
						<String ID="P26_ST00087" HPOS="696" VPOS="1268" WIDTH="80" HEIGHT="40" CONTENT="spite" WC="0.59" CC="66006"/>
						<SP ID="P26_SP00067" HPOS="776" VPOS="1308" WIDTH="16"/>
						<String ID="P26_ST00088" HPOS="792" VPOS="1268" WIDTH="36" HEIGHT="30" CONTENT="of" WC="0.92" CC="10"/>
						<SP ID="P26_SP00068" HPOS="828" VPOS="1308" WIDTH="7"/>
						<String ID="P26_ST00089" HPOS="835" VPOS="1277" WIDTH="68" HEIGHT="20" CONTENT="new" WC="0.37" CC="818"/>
						<SP ID="P26_SP00069" HPOS="903" VPOS="1308" WIDTH="17"/>
						<String ID="P26_ST00090" HPOS="920" VPOS="1267" WIDTH="86" HEIGHT="36" CONTENT="Acts," WC="0.73" CC="40170"/>
					</TextLine>
					<TextLine ID="P26_TL00021" HPOS="300" VPOS="1328" WIDTH="465" HEIGHT="39">
						<String ID="P26_ST00091" HPOS="300" VPOS="1328" WIDTH="72" HEIGHT="30" CONTENT="And" WC="0.22" CC="877"/>
						<SP ID="P26_SP00070" HPOS="372" VPOS="1358" WIDTH="16"/>
						<String ID="P26_ST00092" HPOS="388" VPOS="1332" WIDTH="145" HEIGHT="35" CONTENT="attempts" WC="0.76" CC="00002528"/>
						<SP ID="P26_SP00071" HPOS="533" VPOS="1367" WIDTH="14"/>
						<String ID="P26_ST00093" HPOS="547" VPOS="1334" WIDTH="31" HEIGHT="25" CONTENT="to" WC="0.66" CC="15"/>
						<SP ID="P26_SP00072" HPOS="578" VPOS="1367" WIDTH="16"/>
						<String ID="P26_ST00094" HPOS="594" VPOS="1331" WIDTH="132" HEIGHT="29" CONTENT="restrain" WC="0.40" CC="30768768"/>
						<SP ID="P26_SP00073" HPOS="726" VPOS="1367" WIDTH="14"/>
						<String ID="P26_ST00095" HPOS="740" VPOS="1331" WIDTH="25" HEIGHT="29" CONTENT="it" WC="1.00" CC="00"/>
					</TextLine>
				</TextBlock>
				<TextBlock ID="P26_TB00021" HPOS="550" VPOS="1392" WIDTH="340" HEIGHT="40" STYLEREFS="TXT_2 PAR_RIGHT">
					<TextLine ID="P26_TL00022" HPOS="550" VPOS="1393" WIDTH="340" HEIGHT="39">
						<String ID="P26_ST00096" HPOS="550" VPOS="1393" WIDTH="44" HEIGHT="39" CONTENT="by" WC="0.47" CC="54"/>
						<SP ID="P26_SP00074" HPOS="594" VPOS="1432" WIDTH="12"/>
						<String ID="P26_ST00097" HPOS="606" VPOS="1393" WIDTH="139" HEIGHT="30" CONTENT="Soldiers" WC="0.67" CC="07750006"/>
						<SP ID="P26_SP00075" HPOS="745" VPOS="1432" WIDTH="15"/>
						<String ID="P26_ST00098" HPOS="760" VPOS="1404" WIDTH="35" HEIGHT="20" CONTENT="or" WC="1.00" CC="00"/>
						<SP ID="P26_SP00076" HPOS="795" VPOS="1432" WIDTH="14"/>
						<String ID="P26_ST00099" HPOS="809" VPOS="1394" WIDTH="81" HEIGHT="36" CONTENT="Tax," WC="0.77" CC="0430"/>
					</TextLine>
				</TextBlock>
				<TextBlock ID="P26_TB00022" HPOS="301" VPOS="1454" WIDTH="448" HEIGHT="219" STYLEREFS="TXT_2 PAR_LEFT">
					<TextLine ID="P26_TL00023" HPOS="301" VPOS="1454" WIDTH="428" HEIGHT="40">
						<String ID="P26_ST00100" HPOS="301" VPOS="1454" WIDTH="75" HEIGHT="30" CONTENT="Will" WC="0.64" CC="7105"/>
						<SP ID="P26_SP00077" HPOS="376" VPOS="1484" WIDTH="13"/>
						<String ID="P26_ST00101" HPOS="389" VPOS="1456" WIDTH="117" HEIGHT="38" CONTENT="poison" WC="0.61" CC="000678"/>
						<SP ID="P26_SP00078" HPOS="506" VPOS="1494" WIDTH="15"/>
						<String ID="P26_ST00102" HPOS="521" VPOS="1456" WIDTH="53" HEIGHT="30" CONTENT="the" WC="0.65" CC="640"/>
						<SP ID="P26_SP00079" HPOS="574" VPOS="1494" WIDTH="14"/>
						<String ID="P26_ST00103" HPOS="588" VPOS="1456" WIDTH="141" HEIGHT="37" CONTENT="Vermin," WC="0.59" CC="6085080"/>
					</TextLine>
					<TextLine ID="P26_TL00024" HPOS="302" VPOS="1515" WIDTH="447" HEIGHT="41">
						<String ID="P26_ST00104" HPOS="302" VPOS="1515" WIDTH="83" HEIGHT="30" CONTENT="That" WC="0.94" CC="0200"/>
						<SP ID="P26_SP00080" HPOS="385" VPOS="1545" WIDTH="14"/>
						<String ID="P26_ST00105" HPOS="399" VPOS="1517" WIDTH="135" HEIGHT="39" CONTENT="plunder" WC="0.70" CC="2206801"/>
						<SP ID="P26_SP00081" HPOS="534" VPOS="1556" WIDTH="12"/>
						<String ID="P26_ST00106" HPOS="546" VPOS="1519" WIDTH="52" HEIGHT="29" CONTENT="the" WC="0.89" CC="030"/>
						<SP ID="P26_SP00082" HPOS="598" VPOS="1556" WIDTH="16"/>
						<String ID="P26_ST00107" HPOS="614" VPOS="1519" WIDTH="135" HEIGHT="35" CONTENT="Wealth," WC="0.85" CC="3010004"/>
					</TextLine>
					<TextLine ID="P26_TL00025" HPOS="302" VPOS="1579" WIDTH="397" HEIGHT="40">
						<String ID="P26_ST00108" HPOS="302" VPOS="1579" WIDTH="85" HEIGHT="29" CONTENT="That" WC="0.96" CC="1000"/>
						<SP ID="P26_SP00083" HPOS="387" VPOS="1608" WIDTH="13"/>
						<String ID="P26_ST00109" HPOS="400" VPOS="1580" WIDTH="50" HEIGHT="39" CONTENT="lay" WC="0.78" CC="024"/>
						<SP ID="P26_SP00084" HPOS="450" VPOS="1619" WIDTH="15"/>
						<String ID="P26_ST00110" HPOS="465" VPOS="1581" WIDTH="31" HEIGHT="29" CONTENT="in" WC="0.57" CC="08"/>
						<SP ID="P26_SP00085" HPOS="496" VPOS="1619" WIDTH="15"/>
						<String ID="P26_ST00111" HPOS="511" VPOS="1581" WIDTH="52" HEIGHT="29" CONTENT="the" WC="0.77" CC="410"/>
						<SP ID="P26_SP00086" HPOS="563" VPOS="1619" WIDTH="17"/>
						<String ID="P26_ST00112" HPOS="580" VPOS="1581" WIDTH="119" HEIGHT="37" CONTENT="House," WC="0.60" CC="706260"/>
					</TextLine>
					<TextLine ID="P26_TL00026" HPOS="304" VPOS="1640" WIDTH="285" HEIGHT="33">
						<String ID="P26_ST00113" HPOS="304" VPOS="1642" WIDTH="83" HEIGHT="29" CONTENT="That" WC="0.93" CC="0200"/>
						<SP ID="P26_SP00087" HPOS="387" VPOS="1671" WIDTH="13"/>
						<String ID="P26_ST00114" HPOS="400" VPOS="1640" WIDTH="81" HEIGHT="32" CONTENT="Jack" WC="0.44" CC="7508"/>
						<SP ID="P26_SP00088" HPOS="481" VPOS="1672" WIDTH="15"/>
						<String ID="P26_ST00115" HPOS="496" VPOS="1643" WIDTH="93" HEIGHT="30" CONTENT="built." WC="0.63" CC="053660"/>
					</TextLine>
				</TextBlock>
				<TextBlock ID="P26_TB00023" HPOS="305" VPOS="1756" WIDTH="705" HEIGHT="39" STYLEREFS="TXT_3 PAR_CENTER">
					<TextLine ID="P26_TL00027" HPOS="306" VPOS="1757" WIDTH="704" HEIGHT="38">
						<String ID="P26_ST00116" HPOS="306" VPOS="1757" WIDTH="73" HEIGHT="30" CONTENT="End" WC="0.47" CC="077"/>
						<SP ID="P26_SP00089" HPOS="379" VPOS="1787" WIDTH="17"/>
						<String ID="P26_ST00117" HPOS="396" VPOS="1769" WIDTH="41" HEIGHT="18" CONTENT="of" WC="0.30" CC="58"/>
						<SP ID="P26_SP00090" HPOS="437" VPOS="1787" WIDTH="17"/>
						<String ID="P26_ST00118" HPOS="454" VPOS="1769" WIDTH="68" HEIGHT="21" CONTENT="the" WC="0.52" CC="068"/>
						<SP ID="P26_SP00091" HPOS="522" VPOS="1790" WIDTH="16"/>
						<String ID="P26_ST00119" HPOS="538" VPOS="1760" WIDTH="119" HEIGHT="31" CONTENT="House" WC="0.31" CC="77675"/>
						<SP ID="P26_SP00092" HPOS="657" VPOS="1791" WIDTH="18"/>
						<String ID="P26_ST00120" HPOS="675" VPOS="1771" WIDTH="94" HEIGHT="22" CONTENT="that" WC="0.46" CC="6553"/>
						<SP ID="P26_SP00093" HPOS="769" VPOS="1793" WIDTH="15"/>
						<String ID="P26_ST00121" HPOS="784" VPOS="1763" WIDTH="90" HEIGHT="31" CONTENT="Jack" WC="0.22" CC="7887"/>
						<SP ID="P26_SP00094" HPOS="874" VPOS="1794" WIDTH="17"/>
						<String ID="P26_ST00122" HPOS="891" VPOS="1775" WIDTH="119" HEIGHT="20" CONTENT="built." WC="0.46" CC="858720"/>
					</TextLine>
				</TextBlock>
			</PrintSpace>
		</Page>
	</Layout>
</alto>
