<?xml version="1.0" encoding="UTF-8"?>
<alto xmlns:xsi="http://www.w3.org/2001/XMLSchema-instance" xsi:noNamespaceSchemaLocation="http://www.bl.uk/schemas/alto/alto-1-4.xsd" xmlns:xlink="http://www.w3.org/1999/xlink">
	<Description>
		<MeasurementUnit>mm10</MeasurementUnit>
		<sourceImageInformation>
			<fileName>//head1/IN/2007-34/A0010556622/004777.jp2</fileName>
		</sourceImageInformation>
		<OCRProcessing ID="OCRPROCESSING_1">
			<preProcessingStep>
				<processingSoftware>
					<softwareCreator>CCS Content Conversion Specialists GmbH, Germany</softwareCreator>
					<softwareName>CCS docWORKS</softwareName>
					<softwareVersion>6.1-0.54</softwareVersion>
				</processingSoftware>
			</preProcessingStep>
			<ocrProcessingStep>
				<processingSoftware>
					<softwareCreator>ABBYY (BIT Software), Russia</softwareCreator>
					<softwareName>Finereader</softwareName>
				</processingSoftware>
			</ocrProcessingStep>
		</OCRProcessing>
	</Description>
	<Styles>
		<TextStyle ID="TXT_0" FONTSIZE="10" FONTFAMILY="Courier New"/>
		<ParagraphStyle ID="PAR_LEFT" ALIGN="Left"/>
		<ParagraphStyle ID="PAR_RIGHT" ALIGN="Right"/>
		<ParagraphStyle ID="PAR_CENTER" ALIGN="Center"/>
	</Styles>
	<Layout>
		<Page ID="P17" PHYSICAL_IMG_NR="17" HEIGHT="1999" WIDTH="1190" POSITION="Right" ACCURACY="69.63">
			<TopMargin ID="P17_TM00001" HPOS="0" VPOS="0" WIDTH="1190" HEIGHT="217"/>
			<LeftMargin ID="P17_LM00001" HPOS="0" VPOS="217" WIDTH="149" HEIGHT="1594"/>
			<RightMargin ID="P17_RM00001" HPOS="960" VPOS="217" WIDTH="230" HEIGHT="1594"/>
			<BottomMargin ID="P17_BM00001" HPOS="0" VPOS="1811" WIDTH="1190" HEIGHT="188"/>
			<PrintSpace ID="P17_PS00001" HPOS="149" VPOS="217" WIDTH="811" HEIGHT="1594">
				<TextBlock ID="P17_TB00001" HPOS="149" VPOS="217" WIDTH="505" HEIGHT="34" STYLEREFS="TXT_0 PAR_LEFT">
					<TextLine ID="P17_TL00001" HPOS="149" VPOS="218" WIDTH="505" HEIGHT="33">
						<String ID="P17_ST00001" HPOS="149" VPOS="220" WIDTH="90" HEIGHT="31" CONTENT="THE" WC="0.59" CC="047"/>
						<SP ID="P17_SP00001" HPOS="239" VPOS="251" WIDTH="17"/>
						<String ID="P17_ST00002" HPOS="256" VPOS="219" WIDTH="154" HEIGHT="31" CONTENT="DANDY" WC="0.31" CC="48875"/>
						<SP ID="P17_SP00002" HPOS="410" VPOS="251" WIDTH="26"/>
						<String ID="P17_ST00003" HPOS="436" VPOS="219" WIDTH="55" HEIGHT="30" CONTENT="OF" WC="0.42" CC="83"/>
						<SP ID="P17_SP00003" HPOS="491" VPOS="251" WIDTH="23"/>
						<String ID="P17_ST00004" HPOS="514" VPOS="218" WIDTH="140" HEIGHT="33" CONTENT="SIXTY," WC="0.60" CC="770072"/>
					</TextLine>
				</TextBlock>
				<TextBlock ID="P17_TB00002" HPOS="401" VPOS="279" WIDTH="408" HEIGHT="38" STYLEREFS="TXT_0 PAR_RIGHT">
					<TextLine ID="P17_TL00002" HPOS="402" VPOS="280" WIDTH="407" HEIGHT="37">
						<String ID="P17_ST00005" HPOS="402" VPOS="282" WIDTH="68" HEIGHT="30" CONTENT="who" WC="0.78" CC="600"/>
						<SP ID="P17_SP00004" HPOS="470" VPOS="312" WIDTH="16"/>
						<String ID="P17_ST00006" HPOS="486" VPOS="282" WIDTH="85" HEIGHT="29" CONTENT="bows" WC="0.47" CC="7076"/>
						<SP ID="P17_SP00005" HPOS="571" VPOS="312" WIDTH="15"/>
						<String ID="P17_ST00007" HPOS="586" VPOS="280" WIDTH="74" HEIGHT="30" CONTENT="with" WC="0.65" CC="6500"/>
						<SP ID="P17_SP00006" HPOS="660" VPOS="312" WIDTH="14"/>
						<String ID="P17_ST00008" HPOS="674" VPOS="290" WIDTH="18" HEIGHT="19" CONTENT="a" WC="0.89" CC="1"/>
						<SP ID="P17_SP00007" HPOS="692" VPOS="312" WIDTH="15"/>
						<String ID="P17_ST00009" HPOS="707" VPOS="289" WIDTH="102" HEIGHT="28" CONTENT="grace," WC="0.59" CC="750280"/>
					</TextLine>
				</TextBlock>
				<TextBlock ID="P17_TB00003" HPOS="151" VPOS="345" WIDTH="523" HEIGHT="38" STYLEREFS="TXT_0 PAR_LEFT">
					<TextLine ID="P17_TL00003" HPOS="151" VPOS="346" WIDTH="523" HEIGHT="37">
						<String ID="P17_ST00010" HPOS="151" VPOS="347" WIDTH="74" HEIGHT="30" CONTENT="And" WC="0.49" CC="383"/>
						<SP ID="P17_SP00008" HPOS="225" VPOS="377" WIDTH="13"/>
						<String ID="P17_ST00011" HPOS="238" VPOS="347" WIDTH="55" HEIGHT="29" CONTENT="has" WC="0.69" CC="107"/>
						<SP ID="P17_SP00009" HPOS="293" VPOS="377" WIDTH="13"/>
						<String ID="P17_ST00012" HPOS="306" VPOS="350" WIDTH="86" HEIGHT="27" CONTENT="taste" WC="0.89" CC="20300"/>
						<SP ID="P17_SP00010" HPOS="392" VPOS="377" WIDTH="12"/>
						<String ID="P17_ST00013" HPOS="404" VPOS="347" WIDTH="33" HEIGHT="29" CONTENT="in" WC="0.60" CC="07"/>
						<SP ID="P17_SP00011" HPOS="437" VPOS="377" WIDTH="16"/>
						<String ID="P17_ST00014" HPOS="453" VPOS="346" WIDTH="87" HEIGHT="37" CONTENT="wigs," WC="0.54" CC="50474"/>
						<SP ID="P17_SP00012" HPOS="540" VPOS="383" WIDTH="15"/>
						<String ID="P17_ST00015" HPOS="555" VPOS="346" WIDTH="119" HEIGHT="33" CONTENT="collars," WC="0.72" CC="40512070"/>
					</TextLine>
				</TextBlock>
				<TextBlock ID="P17_TB00004" HPOS="406" VPOS="407" WIDTH="325" HEIGHT="33" STYLEREFS="TXT_0 PAR_CENTER">
					<TextLine ID="P17_TL00004" HPOS="406" VPOS="407" WIDTH="325" HEIGHT="33">
						<String ID="P17_ST00016" HPOS="406" VPOS="408" WIDTH="150" HEIGHT="31" CONTENT="cuirasses" WC="0.66" CC="050407507"/>
						<SP ID="P17_SP00013" HPOS="556" VPOS="439" WIDTH="15"/>
						<String ID="P17_ST00017" HPOS="571" VPOS="407" WIDTH="61" HEIGHT="30" CONTENT="and" WC="0.80" CC="140"/>
						<SP ID="P17_SP00014" HPOS="632" VPOS="439" WIDTH="14"/>
						<String ID="P17_ST00018" HPOS="646" VPOS="407" WIDTH="67" HEIGHT="28" CONTENT="lace" WC="0.68" CC="7050"/>
						<String ID="P17_ST00019" HPOS="725" VPOS="419" WIDTH="6" HEIGHT="21" CONTENT=";" WC="1.00" CC="0"/>
					</TextLine>
				</TextBlock>
				<TextBlock ID="P17_TB00005" HPOS="154" VPOS="468" WIDTH="508" HEIGHT="39" STYLEREFS="TXT_0 PAR_LEFT">
					<TextLine ID="P17_TL00005" HPOS="154" VPOS="469" WIDTH="508" HEIGHT="38">
						<String ID="P17_ST00020" HPOS="154" VPOS="472" WIDTH="95" HEIGHT="35" CONTENT="Who," WC="0.64" CC="3541"/>
						<SP ID="P17_SP00015" HPOS="249" VPOS="507" WIDTH="14"/>
						<String ID="P17_ST00021" HPOS="263" VPOS="477" WIDTH="32" HEIGHT="24" CONTENT="to" WC="0.78" CC="04"/>
						<SP ID="P17_SP00016" HPOS="295" VPOS="507" WIDTH="15"/>
						<String ID="P17_ST00022" HPOS="310" VPOS="472" WIDTH="172" HEIGHT="34" CONTENT="tricksters," WC="0.84" CC="02000700320"/>
						<SP ID="P17_SP00017" HPOS="482" VPOS="507" WIDTH="17"/>
						<String ID="P17_ST00023" HPOS="499" VPOS="469" WIDTH="60" HEIGHT="31" CONTENT="and" WC="0.62" CC="235"/>
						<SP ID="P17_SP00018" HPOS="559" VPOS="507" WIDTH="15"/>
						<String ID="P17_ST00024" HPOS="574" VPOS="469" WIDTH="88" HEIGHT="35" CONTENT="fools," WC="0.76" CC="000670"/>
					</TextLine>
				</TextBlock>
				<TextBlock ID="P17_TB00006" HPOS="159" VPOS="529" WIDTH="801" HEIGHT="100" STYLEREFS="TXT_0 PAR_LEFT">
					<TextLine ID="P17_TL00006" HPOS="405" VPOS="529" WIDTH="555" HEIGHT="34">
						<String ID="P17_ST00025" HPOS="405" VPOS="534" WIDTH="101" HEIGHT="29" CONTENT="leaves" WC="0.85" CC="000305"/>
						<SP ID="P17_SP00019" HPOS="506" VPOS="563" WIDTH="12"/>
						<String ID="P17_ST00026" HPOS="518" VPOS="532" WIDTH="53" HEIGHT="29" CONTENT="the" WC="0.92" CC="020"/>
						<SP ID="P17_SP00020" HPOS="571" VPOS="563" WIDTH="15"/>
						<String ID="P17_ST00027" HPOS="586" VPOS="532" WIDTH="83" HEIGHT="29" CONTENT="State" WC="0.84" CC="80000"/>
						<SP ID="P17_SP00021" HPOS="669" VPOS="563" WIDTH="14"/>
						<String ID="P17_ST00028" HPOS="683" VPOS="529" WIDTH="61" HEIGHT="30" CONTENT="and" WC="0.66" CC="161"/>
						<SP ID="P17_SP00022" HPOS="744" VPOS="563" WIDTH="16"/>
						<String ID="P17_ST00029" HPOS="760" VPOS="531" WIDTH="38" HEIGHT="27" CONTENT="its" WC="0.68" CC="107"/>
						<SP ID="P17_SP00023" HPOS="798" VPOS="563" WIDTH="14"/>
						<String ID="P17_ST00030" HPOS="812" VPOS="532" WIDTH="148" HEIGHT="29" CONTENT="treasure," WC="0.81" CC="020070060"/>
					</TextLine>
					<TextLine ID="P17_TL00007" HPOS="159" VPOS="594" WIDTH="505" HEIGHT="35">
						<String ID="P17_ST00031" HPOS="159" VPOS="595" WIDTH="84" HEIGHT="34" CONTENT="And," WC="0.66" CC="0371"/>
						<SP ID="P17_SP00024" HPOS="243" VPOS="629" WIDTH="17"/>
						<String ID="P17_ST00032" HPOS="260" VPOS="594" WIDTH="92" HEIGHT="31" CONTENT="when" WC="0.60" CC="5027"/>
						<SP ID="P17_SP00025" HPOS="352" VPOS="629" WIDTH="15"/>
						<String ID="P17_ST00033" HPOS="367" VPOS="595" WIDTH="147" HEIGHT="31" CONTENT="Britain's" WC="0.72" CC="060000674"/>
						<SP ID="P17_SP00026" HPOS="514" VPOS="629" WIDTH="13"/>
						<String ID="P17_ST00034" HPOS="527" VPOS="595" WIDTH="32" HEIGHT="29" CONTENT="in" WC="0.76" CC="04"/>
						<SP ID="P17_SP00027" HPOS="559" VPOS="629" WIDTH="16"/>
						<String ID="P17_ST00035" HPOS="575" VPOS="599" WIDTH="89" HEIGHT="29" CONTENT="tears," WC="0.80" CC="400070"/>
					</TextLine>
				</TextBlock>
				<TextBlock ID="P17_TB00007" HPOS="409" VPOS="653" WIDTH="458" HEIGHT="39" STYLEREFS="TXT_0 PAR_RIGHT">
					<TextLine ID="P17_TL00008" HPOS="410" VPOS="654" WIDTH="457" HEIGHT="38">
						<String ID="P17_ST00036" HPOS="410" VPOS="658" WIDTH="73" HEIGHT="29" CONTENT="sails" WC="0.59" CC="80046"/>
						<SP ID="P17_SP00028" HPOS="483" VPOS="687" WIDTH="15"/>
						<String ID="P17_ST00037" HPOS="498" VPOS="657" WIDTH="94" HEIGHT="29" CONTENT="about" WC="0.83" CC="00080"/>
						<SP ID="P17_SP00029" HPOS="592" VPOS="687" WIDTH="13"/>
						<String ID="P17_ST00038" HPOS="605" VPOS="659" WIDTH="31" HEIGHT="25" CONTENT="at" WC="1.00" CC="00"/>
						<SP ID="P17_SP00030" HPOS="636" VPOS="687" WIDTH="15"/>
						<String ID="P17_ST00039" HPOS="651" VPOS="655" WIDTH="48" HEIGHT="28" CONTENT="his" WC="0.63" CC="037"/>
						<SP ID="P17_SP00031" HPOS="699" VPOS="687" WIDTH="15"/>
						<String ID="P17_ST00040" HPOS="714" VPOS="654" WIDTH="153" HEIGHT="38" CONTENT="pleasure:" WC="0.86" CC="000060203"/>
					</TextLine>
				</TextBlock>
				<TextBlock ID="P17_TB00008" HPOS="160" VPOS="717" WIDTH="553" HEIGHT="40" STYLEREFS="TXT_0 PAR_LEFT">
					<TextLine ID="P17_TL00009" HPOS="161" VPOS="717" WIDTH="552" HEIGHT="40">
						<String ID="P17_ST00041" HPOS="161" VPOS="717" WIDTH="83" HEIGHT="32" CONTENT="Who" WC="0.65" CC="531"/>
						<SP ID="P17_SP00032" HPOS="244" VPOS="749" WIDTH="15"/>
						<String ID="P17_ST00042" HPOS="259" VPOS="720" WIDTH="130" HEIGHT="37" CONTENT="spurn'd" WC="0.39" CC="7751865"/>
						<SP ID="P17_SP00033" HPOS="389" VPOS="757" WIDTH="15"/>
						<String ID="P17_ST00043" HPOS="404" VPOS="720" WIDTH="81" HEIGHT="29" CONTENT="from" WC="0.79" CC="0503"/>
						<SP ID="P17_SP00034" HPOS="485" VPOS="757" WIDTH="18"/>
						<String ID="P17_ST00044" HPOS="503" VPOS="719" WIDTH="47" HEIGHT="30" CONTENT="his" WC="0.73" CC="008"/>
						<SP ID="P17_SP00035" HPOS="550" VPOS="757" WIDTH="14"/>
						<String ID="P17_ST00045" HPOS="564" VPOS="727" WIDTH="149" HEIGHT="30" CONTENT="presence" WC="0.59" CC="67740600"/>
					</TextLine>
				</TextBlock>
				<TextBlock ID="P17_TB00009" HPOS="409" VPOS="778" WIDTH="422" HEIGHT="40" STYLEREFS="TXT_0 PAR_RIGHT">
					<TextLine ID="P17_TL00010" HPOS="409" VPOS="779" WIDTH="422" HEIGHT="39">
						<String ID="P17_ST00046" HPOS="409" VPOS="782" WIDTH="53" HEIGHT="29" CONTENT="the" WC="0.75" CC="007"/>
						<SP ID="P17_SP00036" HPOS="462" VPOS="811" WIDTH="14"/>
						<String ID="P17_ST00047" HPOS="476" VPOS="781" WIDTH="128" HEIGHT="30" CONTENT="Friends" WC="0.76" CC="0300616"/>
						<SP ID="P17_SP00037" HPOS="604" VPOS="811" WIDTH="15"/>
						<String ID="P17_ST00048" HPOS="619" VPOS="782" WIDTH="35" HEIGHT="28" CONTENT="of" WC="0.55" CC="26"/>
						<SP ID="P17_SP00038" HPOS="654" VPOS="811" WIDTH="10"/>
						<String ID="P17_ST00049" HPOS="664" VPOS="781" WIDTH="49" HEIGHT="29" CONTENT="his" WC="0.59" CC="048"/>
						<SP ID="P17_SP00039" HPOS="713" VPOS="811" WIDTH="11"/>
						<String ID="P17_ST00050" HPOS="724" VPOS="779" WIDTH="107" HEIGHT="39" CONTENT="youth," WC="0.79" CC="107030"/>
					</TextLine>
				</TextBlock>
				<TextBlock ID="P17_TB00010" HPOS="164" VPOS="842" WIDTH="375" HEIGHT="30" STYLEREFS="TXT_0 PAR_LEFT">
					<TextLine ID="P17_TL00011" HPOS="165" VPOS="843" WIDTH="374" HEIGHT="29">
						<String ID="P17_ST00051" HPOS="165" VPOS="843" WIDTH="72" HEIGHT="29" CONTENT="And" WC="0.55" CC="084"/>
						<SP ID="P17_SP00040" HPOS="237" VPOS="872" WIDTH="17"/>
						<String ID="P17_ST00052" HPOS="254" VPOS="854" WIDTH="69" HEIGHT="18" CONTENT="now" WC="0.58" CC="507"/>
						<SP ID="P17_SP00041" HPOS="323" VPOS="872" WIDTH="17"/>
						<String ID="P17_ST00053" HPOS="340" VPOS="843" WIDTH="55" HEIGHT="29" CONTENT="has" WC="0.29" CC="857"/>
						<SP ID="P17_SP00042" HPOS="395" VPOS="872" WIDTH="16"/>
						<String ID="P17_ST00054" HPOS="411" VPOS="848" WIDTH="54" HEIGHT="24" CONTENT="not" WC="0.55" CC="850"/>
						<SP ID="P17_SP00043" HPOS="465" VPOS="872" WIDTH="13"/>
						<String ID="P17_ST00055" HPOS="478" VPOS="853" WIDTH="61" HEIGHT="19" CONTENT="one" WC="0.59" CC="380"/>
					</TextLine>
				</TextBlock>
				<TextBlock ID="P17_TB00011" HPOS="413" VPOS="899" WIDTH="487" HEIGHT="34" STYLEREFS="TXT_0 PAR_RIGHT">
					<TextLine ID="P17_TL00012" HPOS="413" VPOS="899" WIDTH="487" HEIGHT="34">
						<String ID="P17_ST00056" HPOS="413" VPOS="906" WIDTH="71" HEIGHT="27" CONTENT="who" WC="0.64" CC="720"/>
						<SP ID="P17_SP00044" HPOS="484" VPOS="933" WIDTH="15"/>
						<String ID="P17_ST00057" HPOS="499" VPOS="906" WIDTH="63" HEIGHT="27" CONTENT="will" WC="0.78" CC="7001"/>
						<SP ID="P17_SP00045" HPOS="562" VPOS="933" WIDTH="15"/>
						<String ID="P17_ST00058" HPOS="577" VPOS="905" WIDTH="53" HEIGHT="28" CONTENT="tell" WC="0.71" CC="0056"/>
						<SP ID="P17_SP00046" HPOS="630" VPOS="933" WIDTH="17"/>
						<String ID="P17_ST00059" HPOS="647" VPOS="904" WIDTH="65" HEIGHT="29" CONTENT="him" WC="0.36" CC="737"/>
						<SP ID="P17_SP00047" HPOS="712" VPOS="933" WIDTH="17"/>
						<String ID="P17_ST00060" HPOS="729" VPOS="902" WIDTH="53" HEIGHT="29" CONTENT="the" WC="0.60" CC="280"/>
						<SP ID="P17_SP00048" HPOS="782" VPOS="933" WIDTH="12"/>
						<String ID="P17_ST00061" HPOS="794" VPOS="899" WIDTH="86" HEIGHT="32" CONTENT="truth" WC="0.80" CC="24002"/>
						<SP ID="P17_SP00049" HPOS="880" VPOS="933" WIDTH="15"/>
						<String ID="P17_ST00062" HPOS="895" VPOS="912" WIDTH="5" HEIGHT="21" CONTENT=";" WC="0.55" CC="4"/>
					</TextLine>
				</TextBlock>
				<TextBlock ID="P17_TB00012" HPOS="162" VPOS="968" WIDTH="457" HEIGHT="34" STYLEREFS="TXT_0 PAR_LEFT">
					<TextLine ID="P17_TL00013" HPOS="162" VPOS="969" WIDTH="457" HEIGHT="33">
						<String ID="P17_ST00063" HPOS="162" VPOS="970" WIDTH="84" HEIGHT="30" CONTENT="Who" WC="0.65" CC="505"/>
						<SP ID="P17_SP00050" HPOS="246" VPOS="1000" WIDTH="15"/>
						<String ID="P17_ST00064" HPOS="261" VPOS="970" WIDTH="76" HEIGHT="29" CONTENT="took" WC="0.88" CC="0201"/>
						<SP ID="P17_SP00051" HPOS="337" VPOS="1000" WIDTH="16"/>
						<String ID="P17_ST00065" HPOS="353" VPOS="975" WIDTH="32" HEIGHT="24" CONTENT="to" WC="0.66" CC="06"/>
						<SP ID="P17_SP00052" HPOS="385" VPOS="1000" WIDTH="15"/>
						<String ID="P17_ST00066" HPOS="400" VPOS="970" WIDTH="50" HEIGHT="28" CONTENT="his" WC="0.77" CC="006"/>
						<SP ID="P17_SP00053" HPOS="450" VPOS="1000" WIDTH="15"/>
						<String ID="P17_ST00067" HPOS="465" VPOS="969" WIDTH="154" HEIGHT="33" CONTENT="counsels," WC="0.67" CC="000870075"/>
					</TextLine>
				</TextBlock>
				<TextBlock ID="P17_TB00013" HPOS="415" VPOS="1029" WIDTH="214" HEIGHT="36" STYLEREFS="TXT_0 PAR_LEFT">
					<TextLine ID="P17_TL00014" HPOS="415" VPOS="1030" WIDTH="214" HEIGHT="35">
						<String ID="P17_ST00068" HPOS="415" VPOS="1033" WIDTH="33" HEIGHT="27" CONTENT="in" WC="0.65" CC="42"/>
						<SP ID="P17_SP00054" HPOS="448" VPOS="1060" WIDTH="14"/>
						<String ID="P17_ST00069" HPOS="462" VPOS="1031" WIDTH="59" HEIGHT="29" CONTENT="evil" WC="0.88" CC="0111"/>
						<SP ID="P17_SP00055" HPOS="521" VPOS="1060" WIDTH="18"/>
						<String ID="P17_ST00070" HPOS="539" VPOS="1030" WIDTH="90" HEIGHT="35" CONTENT="hour," WC="0.80" CC="60021"/>
					</TextLine>
				</TextBlock>
				<TextBlock ID="P17_TB00014" HPOS="163" VPOS="1091" WIDTH="486" HEIGHT="31" STYLEREFS="TXT_0 PAR_LEFT">
					<TextLine ID="P17_TL00015" HPOS="163" VPOS="1091" WIDTH="486" HEIGHT="31">
						<String ID="P17_ST00071" HPOS="163" VPOS="1093" WIDTH="70" HEIGHT="29" CONTENT="The" WC="1.00" CC="000"/>
						<SP ID="P17_SP00056" HPOS="233" VPOS="1122" WIDTH="16"/>
						<String ID="P17_ST00072" HPOS="249" VPOS="1092" WIDTH="133" HEIGHT="30" CONTENT="Friends" WC="0.63" CC="2200747"/>
						<SP ID="P17_SP00057" HPOS="382" VPOS="1122" WIDTH="14"/>
						<String ID="P17_ST00073" HPOS="396" VPOS="1097" WIDTH="31" HEIGHT="24" CONTENT="to" WC="1.00" CC="00"/>
						<SP ID="P17_SP00058" HPOS="427" VPOS="1122" WIDTH="17"/>
						<String ID="P17_ST00074" HPOS="444" VPOS="1091" WIDTH="54" HEIGHT="30" CONTENT="the" WC="0.99" CC="000"/>
						<SP ID="P17_SP00059" HPOS="498" VPOS="1122" WIDTH="14"/>
						<String ID="P17_ST00075" HPOS="512" VPOS="1091" WIDTH="137" HEIGHT="30" CONTENT="Reasons" WC="0.69" CC="0006087"/>
					</TextLine>
				</TextBlock>
				<TextBlock ID="P17_TB00015" HPOS="422" VPOS="1152" WIDTH="310" HEIGHT="33" STYLEREFS="TXT_0 PAR_CENTER">
					<TextLine ID="P17_TL00016" HPOS="422" VPOS="1152" WIDTH="310" HEIGHT="33">
						<String ID="P17_ST00076" HPOS="422" VPOS="1154" WIDTH="36" HEIGHT="29" CONTENT="of" WC="0.98" CC="00"/>
						<SP ID="P17_SP00060" HPOS="458" VPOS="1183" WIDTH="12"/>
						<String ID="P17_ST00077" HPOS="470" VPOS="1154" WIDTH="121" HEIGHT="29" CONTENT="lawless" WC="0.70" CC="0060076"/>
						<SP ID="P17_SP00061" HPOS="591" VPOS="1183" WIDTH="12"/>
						<String ID="P17_ST00078" HPOS="603" VPOS="1152" WIDTH="111" HEIGHT="30" CONTENT="Power" WC="0.93" CC="00200"/>
						<String ID="P17_ST00079" HPOS="726" VPOS="1164" WIDTH="6" HEIGHT="21" CONTENT=";" WC="0.95" CC="0"/>
					</TextLine>
				</TextBlock>
				<TextBlock ID="P17_TB00016" HPOS="166" VPOS="1214" WIDTH="559" HEIGHT="33" STYLEREFS="TXT_0 PAR_LEFT">
					<TextLine ID="P17_TL00017" HPOS="166" VPOS="1215" WIDTH="559" HEIGHT="32">
						<String ID="P17_ST00080" HPOS="166" VPOS="1218" WIDTH="83" HEIGHT="29" CONTENT="That" WC="0.63" CC="0680"/>
						<SP ID="P17_SP00062" HPOS="249" VPOS="1247" WIDTH="18"/>
						<String ID="P17_ST00081" HPOS="267" VPOS="1218" WIDTH="80" HEIGHT="29" CONTENT="back" WC="0.54" CC="0485"/>
						<SP ID="P17_SP00063" HPOS="347" VPOS="1247" WIDTH="16"/>
						<String ID="P17_ST00082" HPOS="363" VPOS="1217" WIDTH="52" HEIGHT="29" CONTENT="the" WC="0.97" CC="000"/>
						<SP ID="P17_SP00064" HPOS="415" VPOS="1247" WIDTH="16"/>
						<String ID="P17_ST00083" HPOS="431" VPOS="1216" WIDTH="114" HEIGHT="30" CONTENT="Public" WC="0.78" CC="006240"/>
						<SP ID="P17_SP00065" HPOS="545" VPOS="1247" WIDTH="16"/>
						<String ID="P17_ST00084" HPOS="561" VPOS="1215" WIDTH="164" HEIGHT="32" CONTENT="Informer," WC="0.81" CC="000125033"/>
					</TextLine>
				</TextBlock>
				<TextBlock ID="P17_TB00017" HPOS="420" VPOS="1278" WIDTH="322" HEIGHT="32" STYLEREFS="TXT_0 PAR_RIGHT">
					<TextLine ID="P17_TL00018" HPOS="420" VPOS="1279" WIDTH="322" HEIGHT="29">
						<String ID="P17_ST00085" HPOS="420" VPOS="1279" WIDTH="72" HEIGHT="29" CONTENT="who" WC="0.74" CC="700"/>
						<SP ID="P17_SP00066" HPOS="492" VPOS="1308" WIDTH="248"/>
						<String ID="P17_ST00086" HPOS="740" VPOS="1298" WIDTH="2" HEIGHT="9" CONTENT="-" WC="0.22" CC="7"/>
					</TextLine>
				</TextBlock>
				<TextBlock ID="P17_TB00018" HPOS="170" VPOS="1338" WIDTH="499" HEIGHT="43" STYLEREFS="TXT_0 PAR_LEFT">
					<TextLine ID="P17_TL00019" HPOS="170" VPOS="1339" WIDTH="499" HEIGHT="42">
						<String ID="P17_ST00087" HPOS="170" VPOS="1343" WIDTH="115" HEIGHT="30" CONTENT="Would" WC="0.51" CC="74407"/>
						<SP ID="P17_SP00067" HPOS="285" VPOS="1373" WIDTH="17"/>
						<String ID="P17_ST00088" HPOS="302" VPOS="1346" WIDTH="57" HEIGHT="35" CONTENT="put" WC="0.64" CC="370"/>
						<SP ID="P17_SP00068" HPOS="359" VPOS="1381" WIDTH="14"/>
						<String ID="P17_ST00089" HPOS="373" VPOS="1342" WIDTH="92" HEIGHT="29" CONTENT="down" WC="0.70" CC="3160"/>
						<SP ID="P17_SP00069" HPOS="465" VPOS="1381" WIDTH="16"/>
						<String ID="P17_ST00090" HPOS="481" VPOS="1340" WIDTH="53" HEIGHT="29" CONTENT="the" WC="0.92" CC="020"/>
						<SP ID="P17_SP00070" HPOS="534" VPOS="1381" WIDTH="18"/>
						<String ID="P17_ST00091" HPOS="552" VPOS="1339" WIDTH="117" HEIGHT="39" CONTENT="Thing," WC="0.68" CC="300545"/>
					</TextLine>
				</TextBlock>
				<TextBlock ID="P17_TB00019" HPOS="171" VPOS="1398" WIDTH="701" HEIGHT="111" STYLEREFS="TXT_0 PAR_LEFT">
					<TextLine ID="P17_TL00020" HPOS="421" VPOS="1399" WIDTH="451" HEIGHT="43">
						<String ID="P17_ST00092" HPOS="421" VPOS="1404" WIDTH="76" HEIGHT="35" CONTENT="that," WC="0.73" CC="00706"/>
						<SP ID="P17_SP00071" HPOS="497" VPOS="1439" WIDTH="16"/>
						<String ID="P17_ST00093" HPOS="513" VPOS="1404" WIDTH="33" HEIGHT="28" CONTENT="in" WC="0.58" CC="08"/>
						<SP ID="P17_SP00072" HPOS="546" VPOS="1439" WIDTH="14"/>
						<String ID="P17_ST00094" HPOS="560" VPOS="1402" WIDTH="80" HEIGHT="40" CONTENT="spite" WC="0.74" CC="71400"/>
						<SP ID="P17_SP00073" HPOS="640" VPOS="1442" WIDTH="15"/>
						<String ID="P17_ST00095" HPOS="655" VPOS="1400" WIDTH="36" HEIGHT="31" CONTENT="of" WC="0.89" CC="01"/>
						<SP ID="P17_SP00074" HPOS="691" VPOS="1442" WIDTH="11"/>
						<String ID="P17_ST00096" HPOS="702" VPOS="1410" WIDTH="67" HEIGHT="19" CONTENT="new" WC="0.47" CC="347"/>
						<SP ID="P17_SP00075" HPOS="769" VPOS="1442" WIDTH="16"/>
						<String ID="P17_ST00097" HPOS="785" VPOS="1399" WIDTH="87" HEIGHT="34" CONTENT="Acts," WC="0.58" CC="21483"/>
					</TextLine>
					<TextLine ID="P17_TL00021" HPOS="172" VPOS="1465" WIDTH="477" HEIGHT="42">
						<String ID="P17_ST00098" HPOS="172" VPOS="1468" WIDTH="73" HEIGHT="32" CONTENT="And" WC="0.35" CC="756"/>
						<SP ID="P17_SP00076" HPOS="245" VPOS="1500" WIDTH="16"/>
						<String ID="P17_ST00099" HPOS="261" VPOS="1472" WIDTH="148" HEIGHT="35" CONTENT="attempts" WC="0.71" CC="50308014"/>
						<SP ID="P17_SP00077" HPOS="409" VPOS="1507" WIDTH="15"/>
						<String ID="P17_ST00100" HPOS="424" VPOS="1470" WIDTH="30" HEIGHT="25" CONTENT="to" WC="0.93" CC="01"/>
						<SP ID="P17_SP00078" HPOS="454" VPOS="1507" WIDTH="16"/>
						<String ID="P17_ST00101" HPOS="470" VPOS="1465" WIDTH="130" HEIGHT="29" CONTENT="restrain" WC="0.71" CC="10807005"/>
						<SP ID="P17_SP00079" HPOS="600" VPOS="1507" WIDTH="16"/>
						<String ID="P17_ST00102" HPOS="616" VPOS="1465" WIDTH="33" HEIGHT="34" CONTENT="it," WC="0.98" CC="000"/>
					</TextLine>
				</TextBlock>
				<TextBlock ID="P17_TB00020" HPOS="427" VPOS="1524" WIDTH="335" HEIGHT="42" STYLEREFS="TXT_0 PAR_RIGHT">
					<TextLine ID="P17_TL00022" HPOS="427" VPOS="1525" WIDTH="335" HEIGHT="41">
						<String ID="P17_ST00103" HPOS="427" VPOS="1529" WIDTH="38" HEIGHT="37" CONTENT="by" WC="0.19" CC="78"/>
						<SP ID="P17_SP00080" HPOS="465" VPOS="1566" WIDTH="17"/>
						<String ID="P17_ST00104" HPOS="482" VPOS="1527" WIDTH="138" HEIGHT="30" CONTENT="Soldiers" WC="0.70" CC="20000785"/>
						<SP ID="P17_SP00081" HPOS="620" VPOS="1566" WIDTH="16"/>
						<String ID="P17_ST00105" HPOS="636" VPOS="1536" WIDTH="34" HEIGHT="19" CONTENT="or" WC="0.85" CC="02"/>
						<SP ID="P17_SP00082" HPOS="670" VPOS="1566" WIDTH="15"/>
						<String ID="P17_ST00106" HPOS="685" VPOS="1525" WIDTH="77" HEIGHT="34" CONTENT="Tax," WC="0.95" CC="0002"/>
					</TextLine>
				</TextBlock>
				<TextBlock ID="P17_TB00021" HPOS="174" VPOS="1590" WIDTH="450" HEIGHT="221" STYLEREFS="TXT_0 PAR_LEFT">
					<TextLine ID="P17_TL00023" HPOS="175" VPOS="1591" WIDTH="425" HEIGHT="43">
						<String ID="P17_ST00107" HPOS="175" VPOS="1594" WIDTH="74" HEIGHT="30" CONTENT="Will" WC="0.65" CC="6042"/>
						<SP ID="P17_SP00083" HPOS="249" VPOS="1624" WIDTH="10"/>
						<String ID="P17_ST00108" HPOS="259" VPOS="1594" WIDTH="118" HEIGHT="40" CONTENT="poison" WC="0.61" CC="180336"/>
						<SP ID="P17_SP00084" HPOS="377" VPOS="1634" WIDTH="15"/>
						<String ID="P17_ST00109" HPOS="392" VPOS="1591" WIDTH="52" HEIGHT="30" CONTENT="the" WC="0.77" CC="501"/>
						<SP ID="P17_SP00085" HPOS="444" VPOS="1634" WIDTH="15"/>
						<String ID="P17_ST00110" HPOS="459" VPOS="1591" WIDTH="141" HEIGHT="34" CONTENT="Vermin," WC="0.52" CC="7085271"/>
					</TextLine>
					<TextLine ID="P17_TL00024" HPOS="176" VPOS="1651" WIDTH="448" HEIGHT="45">
						<String ID="P17_ST00111" HPOS="176" VPOS="1657" WIDTH="84" HEIGHT="30" CONTENT="That" WC="1.00" CC="0000"/>
						<SP ID="P17_SP00086" HPOS="260" VPOS="1687" WIDTH="14"/>
						<String ID="P17_ST00112" HPOS="274" VPOS="1654" WIDTH="135" HEIGHT="42" CONTENT="plunder" WC="0.78" CC="0205420"/>
						<SP ID="P17_SP00087" HPOS="409" VPOS="1696" WIDTH="13"/>
						<String ID="P17_ST00113" HPOS="422" VPOS="1653" WIDTH="54" HEIGHT="29" CONTENT="the" WC="1.00" CC="000"/>
						<SP ID="P17_SP00088" HPOS="476" VPOS="1696" WIDTH="15"/>
						<String ID="P17_ST00114" HPOS="491" VPOS="1651" WIDTH="133" HEIGHT="35" CONTENT="Wealth," WC="0.78" CC="5001430"/>
					</TextLine>
					<TextLine ID="P17_TL00025" HPOS="177" VPOS="1714" WIDTH="396" HEIGHT="43">
						<String ID="P17_ST00115" HPOS="177" VPOS="1720" WIDTH="84" HEIGHT="29" CONTENT="That" WC="0.80" CC="0106"/>
						<SP ID="P17_SP00089" HPOS="261" VPOS="1749" WIDTH="12"/>
						<String ID="P17_ST00116" HPOS="273" VPOS="1718" WIDTH="48" HEIGHT="39" CONTENT="lay" WC="0.66" CC="036"/>
						<SP ID="P17_SP00090" HPOS="321" VPOS="1757" WIDTH="16"/>
						<String ID="P17_ST00117" HPOS="337" VPOS="1717" WIDTH="32" HEIGHT="29" CONTENT="in" WC="0.45" CC="46"/>
						<SP ID="P17_SP00091" HPOS="369" VPOS="1757" WIDTH="16"/>
						<String ID="P17_ST00118" HPOS="385" VPOS="1715" WIDTH="52" HEIGHT="30" CONTENT="the" WC="0.79" CC="500"/>
						<SP ID="P17_SP00092" HPOS="437" VPOS="1757" WIDTH="17"/>
						<String ID="P17_ST00119" HPOS="454" VPOS="1714" WIDTH="119" HEIGHT="34" CONTENT="House," WC="0.60" CC="740804"/>
					</TextLine>
					<TextLine ID="P17_TL00026" HPOS="177" VPOS="1778" WIDTH="283" HEIGHT="33">
						<String ID="P17_ST00120" HPOS="177" VPOS="1782" WIDTH="83" HEIGHT="29" CONTENT="That" WC="0.60" CC="0780"/>
						<SP ID="P17_SP00093" HPOS="260" VPOS="1811" WIDTH="16"/>
						<String ID="P17_ST00121" HPOS="276" VPOS="1780" WIDTH="78" HEIGHT="31" CONTENT="Jack" WC="0.38" CC="4486"/>
						<SP ID="P17_SP00094" HPOS="354" VPOS="1811" WIDTH="17"/>
						<String ID="P17_ST00122" HPOS="371" VPOS="1778" WIDTH="89" HEIGHT="31" CONTENT="built." WC="0.52" CC="880570"/>
					</TextLine>
				</TextBlock>
			</PrintSpace>
		</Page>
	</Layout>
</alto>
