<?xml version="1.0" encoding="UTF-8"?>
<alto xmlns:xsi="http://www.w3.org/2001/XMLSchema-instance" xsi:noNamespaceSchemaLocation="http://www.bl.uk/schemas/alto/alto-1-4.xsd" xmlns:xlink="http://www.w3.org/1999/xlink">
	<Description>
		<MeasurementUnit>mm10</MeasurementUnit>
		<sourceImageInformation>
			<fileName>//head1/IN/2007-34/A0010556622/004782.jp2</fileName>
		</sourceImageInformation>
		<OCRProcessing ID="OCRPROCESSING_1">
			<preProcessingStep>
				<processingSoftware>
					<softwareCreator>CCS Content Conversion Specialists GmbH, Germany</softwareCreator>
					<softwareName>CCS docWORKS</softwareName>
					<softwareVersion>6.1-0.54</softwareVersion>
				</processingSoftware>
			</preProcessingStep>
			<ocrProcessingStep>
				<processingSoftware>
					<softwareCreator>ABBYY (BIT Software), Russia</softwareCreator>
					<softwareName>Finereader</softwareName>
				</processingSoftware>
			</ocrProcessingStep>
		</OCRProcessing>
	</Description>
	<Styles>
		<TextStyle ID="TXT_0" FONTSIZE="10" FONTFAMILY="Courier New"/>
		<ParagraphStyle ID="PAR_LEFT" ALIGN="Left"/>
		<ParagraphStyle ID="PAR_CENTER" ALIGN="Center"/>
		<ParagraphStyle ID="PAR_RIGHT" ALIGN="Right"/>
	</Styles>
	<Layout>
		<Page ID="P22" PHYSICAL_IMG_NR="22" HEIGHT="1999" WIDTH="1190" QUALITY="Damaged" POSITION="Left" ACCURACY="60.09">
			<TopMargin ID="P22_TM00001" HPOS="0" VPOS="0" WIDTH="1190" HEIGHT="160"/>
			<LeftMargin ID="P22_LM00001" HPOS="0" VPOS="160" WIDTH="216" HEIGHT="1771"/>
			<RightMargin ID="P22_RM00001" HPOS="1159" VPOS="160" WIDTH="31" HEIGHT="1771"/>
			<BottomMargin ID="P22_BM00001" HPOS="0" VPOS="1931" WIDTH="1190" HEIGHT="68"/>
			<PrintSpace ID="P22_PS00001" HPOS="216" VPOS="160" WIDTH="954" HEIGHT="1777">
				<TextBlock ID="P22_TB00001" HPOS="297" VPOS="160" WIDTH="390" HEIGHT="38" STYLEREFS="TXT_0 PAR_LEFT">
					<TextLine ID="P22_TL00001" HPOS="297" VPOS="160" WIDTH="390" HEIGHT="38">
						<String ID="P22_ST00001" HPOS="297" VPOS="164" WIDTH="93" HEIGHT="34" CONTENT="Who," WC="0.48" CC="7704"/>
						<SP ID="P22_SP00001" HPOS="390" VPOS="198" WIDTH="17"/>
						<String ID="P22_ST00002" HPOS="407" VPOS="164" WIDTH="32" HEIGHT="29" CONTENT="in" WC="0.29" CC="58"/>
						<SP ID="P22_SP00002" HPOS="439" VPOS="198" WIDTH="15"/>
						<String ID="P22_ST00003" HPOS="454" VPOS="163" WIDTH="82" HEIGHT="33" CONTENT="vain," WC="0.34" CC="77583"/>
						<SP ID="P22_SP00003" HPOS="536" VPOS="198" WIDTH="17"/>
						<String ID="P22_ST00004" HPOS="553" VPOS="160" WIDTH="134" HEIGHT="29" CONTENT="Petition" WC="0.59" CC="16008078"/>
					</TextLine>
				</TextBlock>
				<TextBlock ID="P22_TB00002" HPOS="546" VPOS="219" WIDTH="244" HEIGHT="39" STYLEREFS="TXT_0 PAR_CENTER">
					<TextLine ID="P22_TL00002" HPOS="546" VPOS="219" WIDTH="244" HEIGHT="39">
						<String ID="P22_ST00005" HPOS="546" VPOS="221" WIDTH="32" HEIGHT="29" CONTENT="in" WC="0.81" CC="03"/>
						<SP ID="P22_SP00004" HPOS="578" VPOS="250" WIDTH="16"/>
						<String ID="P22_ST00006" HPOS="594" VPOS="229" WIDTH="92" HEIGHT="29" CONTENT="every" WC="0.79" CC="01061"/>
						<SP ID="P22_SP00005" HPOS="686" VPOS="258" WIDTH="16"/>
						<String ID="P22_ST00007" HPOS="702" VPOS="219" WIDTH="88" HEIGHT="34" CONTENT="form," WC="0.64" CC="36033"/>
					</TextLine>
				</TextBlock>
				<TextBlock ID="P22_TB00003" HPOS="296" VPOS="280" WIDTH="433" HEIGHT="43" STYLEREFS="TXT_0 PAR_LEFT">
					<TextLine ID="P22_TL00003" HPOS="297" VPOS="280" WIDTH="432" HEIGHT="43">
						<String ID="P22_ST00008" HPOS="297" VPOS="286" WIDTH="82" HEIGHT="29" CONTENT="Who" WC="0.65" CC="603"/>
						<SP ID="P22_SP00006" HPOS="379" VPOS="315" WIDTH="15"/>
						<String ID="P22_ST00009" HPOS="394" VPOS="282" WIDTH="168" HEIGHT="41" CONTENT="peaceably" WC="0.70" CC="600000667"/>
						<SP ID="P22_SP00007" HPOS="562" VPOS="323" WIDTH="15"/>
						<String ID="P22_ST00010" HPOS="577" VPOS="280" WIDTH="152" HEIGHT="39" CONTENT="Meeting," WC="0.79" CC="00304080"/>
					</TextLine>
				</TextBlock>
				<TextBlock ID="P22_TB00004" HPOS="297" VPOS="341" WIDTH="628" HEIGHT="104" STYLEREFS="TXT_0 PAR_LEFT">
					<TextLine ID="P22_TL00004" HPOS="545" VPOS="341" WIDTH="320" HEIGHT="34">
						<String ID="P22_ST00011" HPOS="545" VPOS="349" WIDTH="33" HEIGHT="25" CONTENT="to" WC="0.54" CC="44"/>
						<SP ID="P22_SP00008" HPOS="578" VPOS="374" WIDTH="14"/>
						<String ID="P22_ST00012" HPOS="592" VPOS="345" WIDTH="55" HEIGHT="30" CONTENT="ask" WC="0.56" CC="164"/>
						<SP ID="P22_SP00009" HPOS="647" VPOS="375" WIDTH="14"/>
						<String ID="P22_ST00013" HPOS="661" VPOS="344" WIDTH="49" HEIGHT="30" CONTENT="for" WC="0.68" CC="405"/>
						<SP ID="P22_SP00010" HPOS="710" VPOS="375" WIDTH="12"/>
						<String ID="P22_ST00014" HPOS="722" VPOS="341" WIDTH="143" HEIGHT="34" CONTENT="Reform," WC="0.49" CC="4825076"/>
					</TextLine>
					<TextLine ID="P22_TL00005" HPOS="297" VPOS="400" WIDTH="628" HEIGHT="45">
						<String ID="P22_ST00015" HPOS="297" VPOS="407" WIDTH="93" HEIGHT="30" CONTENT="Were" WC="0.52" CC="6660"/>
						<SP ID="P22_SP00011" HPOS="390" VPOS="437" WIDTH="11"/>
						<String ID="P22_ST00016" HPOS="401" VPOS="405" WIDTH="113" HEIGHT="31" CONTENT="sabred" WC="0.59" CC="806502"/>
						<SP ID="P22_SP00012" HPOS="514" VPOS="437" WIDTH="15"/>
						<String ID="P22_ST00017" HPOS="529" VPOS="406" WIDTH="42" HEIGHT="39" CONTENT="by" WC="0.90" CC="01"/>
						<SP ID="P22_SP00013" HPOS="571" VPOS="445" WIDTH="15"/>
						<String ID="P22_ST00018" HPOS="586" VPOS="406" WIDTH="180" HEIGHT="36" CONTENT="Yeomanry" WC="0.62" CC="02840437"/>
						<SP ID="P22_SP00014" HPOS="766" VPOS="445" WIDTH="15"/>
						<String ID="P22_ST00019" HPOS="781" VPOS="400" WIDTH="144" HEIGHT="38" CONTENT="Cavalry," WC="0.44" CC="63345874"/>
					</TextLine>
				</TextBlock>
				<TextBlock ID="P22_TB00005" HPOS="545" VPOS="466" WIDTH="83" HEIGHT="35" STYLEREFS="TXT_0 PAR_LEFT">
					<TextLine ID="P22_TL00006" HPOS="545" VPOS="467" WIDTH="83" HEIGHT="34">
						<String ID="P22_ST00020" HPOS="545" VPOS="467" WIDTH="83" HEIGHT="34" CONTENT="who," WC="0.38" CC="5377"/>
					</TextLine>
				</TextBlock>
				<TextBlock ID="P22_TB00006" HPOS="297" VPOS="524" WIDTH="618" HEIGHT="96" STYLEREFS="TXT_0 PAR_LEFT">
					<TextLine ID="P22_TL00007" HPOS="297" VPOS="524" WIDTH="535" HEIGHT="44">
						<String ID="P22_ST00021" HPOS="297" VPOS="530" WIDTH="94" HEIGHT="30" CONTENT="Were" WC="0.56" CC="5254"/>
						<SP ID="P22_SP00015" HPOS="391" VPOS="560" WIDTH="14"/>
						<String ID="P22_ST00022" HPOS="405" VPOS="529" WIDTH="129" HEIGHT="30" CONTENT="thank'd" WC="0.51" CC="0475663"/>
						<SP ID="P22_SP00016" HPOS="534" VPOS="560" WIDTH="15"/>
						<String ID="P22_ST00023" HPOS="549" VPOS="529" WIDTH="42" HEIGHT="39" CONTENT="by" WC="0.64" CC="07"/>
						<SP ID="P22_SP00017" HPOS="591" VPOS="568" WIDTH="15"/>
						<String ID="P22_ST00024" HPOS="606" VPOS="526" WIDTH="92" HEIGHT="32" CONTENT="THE" WC="0.82" CC="050"/>
						<SP ID="P22_SP00018" HPOS="698" VPOS="568" WIDTH="22"/>
						<String ID="P22_ST00025" HPOS="720" VPOS="524" WIDTH="112" HEIGHT="35" CONTENT="MAN," WC="0.46" CC="3773"/>
					</TextLine>
					<TextLine ID="P22_TL00008" HPOS="546" VPOS="586" WIDTH="369" HEIGHT="34">
						<String ID="P22_ST00026" HPOS="546" VPOS="592" WIDTH="42" HEIGHT="28" CONTENT="all" WC="0.90" CC="200"/>
						<SP ID="P22_SP00019" HPOS="588" VPOS="620" WIDTH="12"/>
						<String ID="P22_ST00027" HPOS="600" VPOS="591" WIDTH="116" HEIGHT="29" CONTENT="shaven" WC="0.67" CC="740601"/>
						<SP ID="P22_SP00020" HPOS="716" VPOS="620" WIDTH="16"/>
						<String ID="P22_ST00028" HPOS="732" VPOS="587" WIDTH="62" HEIGHT="32" CONTENT="and" WC="0.67" CC="027"/>
						<SP ID="P22_SP00021" HPOS="794" VPOS="620" WIDTH="12"/>
						<String ID="P22_ST00029" HPOS="806" VPOS="586" WIDTH="109" HEIGHT="34" CONTENT="shorn," WC="0.53" CC="502477"/>
					</TextLine>
				</TextBlock>
				<TextBlock ID="P22_TB00007" HPOS="299" VPOS="651" WIDTH="457" HEIGHT="33" STYLEREFS="TXT_0 PAR_LEFT">
					<TextLine ID="P22_TL00009" HPOS="300" VPOS="651" WIDTH="456" HEIGHT="33">
						<String ID="P22_ST00030" HPOS="300" VPOS="654" WIDTH="52" HEIGHT="30" CONTENT="All" WC="0.90" CC="300"/>
						<SP ID="P22_SP00022" HPOS="352" VPOS="684" WIDTH="11"/>
						<String ID="P22_ST00031" HPOS="363" VPOS="653" WIDTH="124" HEIGHT="31" CONTENT="cover'd" WC="0.65" CC="4020357"/>
						<SP ID="P22_SP00023" HPOS="487" VPOS="684" WIDTH="17"/>
						<String ID="P22_ST00032" HPOS="504" VPOS="652" WIDTH="76" HEIGHT="30" CONTENT="with" WC="0.79" CC="8000"/>
						<SP ID="P22_SP00024" HPOS="580" VPOS="684" WIDTH="16"/>
						<String ID="P22_ST00033" HPOS="596" VPOS="651" WIDTH="119" HEIGHT="30" CONTENT="Orders" WC="0.54" CC="128067"/>
						<String ID="P22_ST00034" HPOS="716" VPOS="668" WIDTH="40" HEIGHT="5" CONTENT="—" WC="0.20" CC="8"/>
					</TextLine>
				</TextBlock>
				<TextBlock ID="P22_TB00008" HPOS="549" VPOS="713" WIDTH="270" HEIGHT="35" STYLEREFS="TXT_0 PAR_CENTER">
					<TextLine ID="P22_TL00010" HPOS="550" VPOS="714" WIDTH="269" HEIGHT="34">
						<String ID="P22_ST00035" HPOS="550" VPOS="715" WIDTH="61" HEIGHT="30" CONTENT="and" WC="0.69" CC="026"/>
						<SP ID="P22_SP00025" HPOS="611" VPOS="745" WIDTH="15"/>
						<String ID="P22_ST00036" HPOS="626" VPOS="715" WIDTH="40" HEIGHT="29" CONTENT="all" WC="0.80" CC="005"/>
						<SP ID="P22_SP00026" HPOS="666" VPOS="745" WIDTH="15"/>
						<String ID="P22_ST00037" HPOS="681" VPOS="714" WIDTH="118" HEIGHT="30" CONTENT="forlorn" WC="0.49" CC="0076578"/>
						<SP ID="P22_SP00027" HPOS="799" VPOS="745" WIDTH="13"/>
						<String ID="P22_ST00038" HPOS="812" VPOS="726" WIDTH="7" HEIGHT="22" CONTENT=";" WC="0.29" CC="7"/>
					</TextLine>
				</TextBlock>
				<TextBlock ID="P22_TB00009" HPOS="299" VPOS="773" WIDTH="516" HEIGHT="37" STYLEREFS="TXT_0 PAR_LEFT">
					<TextLine ID="P22_TL00011" HPOS="300" VPOS="775" WIDTH="515" HEIGHT="35">
						<String ID="P22_ST00039" HPOS="300" VPOS="779" WIDTH="92" HEIGHT="29" CONTENT="THE" WC="0.84" CC="040"/>
						<SP ID="P22_SP00028" HPOS="392" VPOS="808" WIDTH="21"/>
						<String ID="P22_ST00040" HPOS="413" VPOS="777" WIDTH="157" HEIGHT="30" CONTENT="DANDY" WC="0.54" CC="80680"/>
						<SP ID="P22_SP00029" HPOS="570" VPOS="808" WIDTH="24"/>
						<String ID="P22_ST00041" HPOS="594" VPOS="777" WIDTH="56" HEIGHT="30" CONTENT="OF" WC="0.50" CC="27"/>
						<SP ID="P22_SP00030" HPOS="650" VPOS="808" WIDTH="22"/>
						<String ID="P22_ST00042" HPOS="672" VPOS="775" WIDTH="143" HEIGHT="35" CONTENT="SIXTY," WC="0.70" CC="540061"/>
					</TextLine>
				</TextBlock>
				<TextBlock ID="P22_TB00010" HPOS="554" VPOS="837" WIDTH="412" HEIGHT="40" STYLEREFS="TXT_0 PAR_RIGHT">
					<TextLine ID="P22_TL00012" HPOS="555" VPOS="838" WIDTH="411" HEIGHT="39">
						<String ID="P22_ST00043" HPOS="555" VPOS="838" WIDTH="70" HEIGHT="30" CONTENT="who" WC="0.53" CC="822"/>
						<SP ID="P22_SP00031" HPOS="625" VPOS="868" WIDTH="14"/>
						<String ID="P22_ST00044" HPOS="639" VPOS="839" WIDTH="87" HEIGHT="29" CONTENT="bows" WC="0.26" CC="8767"/>
						<SP ID="P22_SP00032" HPOS="726" VPOS="868" WIDTH="14"/>
						<String ID="P22_ST00045" HPOS="740" VPOS="838" WIDTH="76" HEIGHT="30" CONTENT="with" WC="0.83" CC="5100"/>
						<SP ID="P22_SP00033" HPOS="816" VPOS="868" WIDTH="14"/>
						<String ID="P22_ST00046" HPOS="830" VPOS="848" WIDTH="19" HEIGHT="20" CONTENT="a" WC="0.43" CC="5"/>
						<SP ID="P22_SP00034" HPOS="849" VPOS="868" WIDTH="15"/>
						<String ID="P22_ST00047" HPOS="864" VPOS="846" WIDTH="102" HEIGHT="31" CONTENT="grace," WC="0.45" CC="782607"/>
					</TextLine>
				</TextBlock>
				<TextBlock ID="P22_TB00011" HPOS="304" VPOS="899" WIDTH="540" HEIGHT="39" STYLEREFS="TXT_0 PAR_LEFT">
					<TextLine ID="P22_TL00013" HPOS="305" VPOS="900" WIDTH="539" HEIGHT="38">
						<String ID="P22_ST00048" HPOS="305" VPOS="901" WIDTH="74" HEIGHT="30" CONTENT="And" WC="0.60" CC="074"/>
						<SP ID="P22_SP00035" HPOS="379" VPOS="931" WIDTH="15"/>
						<String ID="P22_ST00049" HPOS="394" VPOS="901" WIDTH="55" HEIGHT="28" CONTENT="has" WC="0.50" CC="707"/>
						<SP ID="P22_SP00036" HPOS="449" VPOS="931" WIDTH="16"/>
						<String ID="P22_ST00050" HPOS="465" VPOS="903" WIDTH="86" HEIGHT="27" CONTENT="taste" WC="0.69" CC="44005"/>
						<SP ID="P22_SP00037" HPOS="551" VPOS="931" WIDTH="21"/>
						<String ID="P22_ST00051" HPOS="572" VPOS="900" WIDTH="32" HEIGHT="29" CONTENT="in" WC="0.47" CC="27"/>
						<SP ID="P22_SP00038" HPOS="604" VPOS="931" WIDTH="14"/>
						<String ID="P22_ST00052" HPOS="618" VPOS="900" WIDTH="89" HEIGHT="38" CONTENT="wigs," WC="0.56" CC="60870"/>
						<SP ID="P22_SP00039" HPOS="707" VPOS="938" WIDTH="16"/>
						<String ID="P22_ST00053" HPOS="723" VPOS="900" WIDTH="121" HEIGHT="34" CONTENT="collars," WC="0.43" CC="57554582"/>
					</TextLine>
				</TextBlock>
				<TextBlock ID="P22_TB00012" HPOS="555" VPOS="962" WIDTH="330" HEIGHT="36" STYLEREFS="TXT_0 PAR_RIGHT">
					<TextLine ID="P22_TL00014" HPOS="556" VPOS="962" WIDTH="329" HEIGHT="36">
						<String ID="P22_ST00054" HPOS="556" VPOS="962" WIDTH="160" HEIGHT="36" CONTENT="cuirasses," WC="0.56" CC="6860056153"/>
						<SP ID="P22_SP00040" HPOS="716" VPOS="998" WIDTH="16"/>
						<String ID="P22_ST00055" HPOS="732" VPOS="963" WIDTH="60" HEIGHT="30" CONTENT="and" WC="0.49" CC="680"/>
						<SP ID="P22_SP00041" HPOS="792" VPOS="998" WIDTH="13"/>
						<String ID="P22_ST00056" HPOS="805" VPOS="963" WIDTH="80" HEIGHT="30" CONTENT="lace:" WC="0.81" CC="20105"/>
					</TextLine>
				</TextBlock>
				<TextBlock ID="P22_TB00013" HPOS="303" VPOS="1023" WIDTH="476" HEIGHT="38" STYLEREFS="TXT_0 PAR_LEFT">
					<TextLine ID="P22_TL00015" HPOS="304" VPOS="1024" WIDTH="475" HEIGHT="37">
						<String ID="P22_ST00057" HPOS="304" VPOS="1026" WIDTH="81" HEIGHT="29" CONTENT="Who" WC="0.79" CC="600"/>
						<SP ID="P22_SP00042" HPOS="385" VPOS="1055" WIDTH="14"/>
						<String ID="P22_ST00058" HPOS="399" VPOS="1030" WIDTH="31" HEIGHT="25" CONTENT="to" WC="1.00" CC="00"/>
						<SP ID="P22_SP00043" HPOS="430" VPOS="1055" WIDTH="12"/>
						<String ID="P22_ST00059" HPOS="442" VPOS="1024" WIDTH="160" HEIGHT="31" CONTENT="tricksters" WC="0.51" CC="7450080858"/>
						<SP ID="P22_SP00044" HPOS="602" VPOS="1055" WIDTH="15"/>
						<String ID="P22_ST00060" HPOS="617" VPOS="1025" WIDTH="61" HEIGHT="30" CONTENT="and" WC="0.28" CC="588"/>
						<SP ID="P22_SP00045" HPOS="678" VPOS="1055" WIDTH="14"/>
						<String ID="P22_ST00061" HPOS="692" VPOS="1026" WIDTH="87" HEIGHT="35" CONTENT="fools," WC="0.43" CC="607676"/>
					</TextLine>
				</TextBlock>
				<TextBlock ID="P22_TB00014" HPOS="303" VPOS="1087" WIDTH="800" HEIGHT="99" STYLEREFS="TXT_0 PAR_LEFT">
					<TextLine ID="P22_TL00016" HPOS="551" VPOS="1087" WIDTH="552" HEIGHT="34">
						<String ID="P22_ST00062" HPOS="551" VPOS="1088" WIDTH="103" HEIGHT="30" CONTENT="leaves" WC="0.72" CC="132206"/>
						<SP ID="P22_SP00046" HPOS="654" VPOS="1118" WIDTH="13"/>
						<String ID="P22_ST00063" HPOS="667" VPOS="1088" WIDTH="54" HEIGHT="30" CONTENT="the" WC="0.98" CC="000"/>
						<SP ID="P22_SP00047" HPOS="721" VPOS="1118" WIDTH="15"/>
						<String ID="P22_ST00064" HPOS="736" VPOS="1088" WIDTH="84" HEIGHT="30" CONTENT="State" WC="0.86" CC="60000"/>
						<SP ID="P22_SP00048" HPOS="820" VPOS="1118" WIDTH="14"/>
						<String ID="P22_ST00065" HPOS="834" VPOS="1087" WIDTH="62" HEIGHT="31" CONTENT="and" WC="0.35" CC="685"/>
						<SP ID="P22_SP00049" HPOS="896" VPOS="1118" WIDTH="14"/>
						<String ID="P22_ST00066" HPOS="910" VPOS="1088" WIDTH="39" HEIGHT="29" CONTENT="its" WC="0.53" CC="237"/>
						<SP ID="P22_SP00050" HPOS="949" VPOS="1118" WIDTH="16"/>
						<String ID="P22_ST00067" HPOS="965" VPOS="1091" WIDTH="138" HEIGHT="30" CONTENT="treasure," WC="0.68" CC="016270451"/>
					</TextLine>
					<TextLine ID="P22_TL00017" HPOS="304" VPOS="1150" WIDTH="508" HEIGHT="36">
						<String ID="P22_ST00068" HPOS="304" VPOS="1151" WIDTH="84" HEIGHT="35" CONTENT="And," WC="0.35" CC="7772"/>
						<SP ID="P22_SP00051" HPOS="388" VPOS="1186" WIDTH="17"/>
						<String ID="P22_ST00069" HPOS="405" VPOS="1150" WIDTH="90" HEIGHT="31" CONTENT="when" WC="0.53" CC="7308"/>
						<SP ID="P22_SP00052" HPOS="495" VPOS="1186" WIDTH="17"/>
						<String ID="P22_ST00070" HPOS="512" VPOS="1150" WIDTH="146" HEIGHT="31" CONTENT="Britain's" WC="0.58" CC="660002757"/>
						<SP ID="P22_SP00053" HPOS="658" VPOS="1186" WIDTH="14"/>
						<String ID="P22_ST00071" HPOS="672" VPOS="1151" WIDTH="34" HEIGHT="29" CONTENT="in" WC="0.59" CC="07"/>
						<SP ID="P22_SP00054" HPOS="706" VPOS="1186" WIDTH="15"/>
						<String ID="P22_ST00072" HPOS="721" VPOS="1154" WIDTH="91" HEIGHT="32" CONTENT="tears," WC="0.64" CC="500662"/>
					</TextLine>
				</TextBlock>
				<TextBlock ID="P22_TB00015" HPOS="304" VPOS="1212" WIDTH="704" HEIGHT="104" STYLEREFS="TXT_0 PAR_LEFT">
					<TextLine ID="P22_TL00018" HPOS="556" VPOS="1213" WIDTH="452" HEIGHT="40">
						<String ID="P22_ST00073" HPOS="556" VPOS="1213" WIDTH="71" HEIGHT="30" CONTENT="sails" WC="0.63" CC="60055"/>
						<SP ID="P22_SP00055" HPOS="627" VPOS="1243" WIDTH="12"/>
						<String ID="P22_ST00074" HPOS="639" VPOS="1214" WIDTH="94" HEIGHT="29" CONTENT="about" WC="0.65" CC="08180"/>
						<SP ID="P22_SP00056" HPOS="733" VPOS="1243" WIDTH="12"/>
						<String ID="P22_ST00075" HPOS="745" VPOS="1217" WIDTH="32" HEIGHT="25" CONTENT="at" WC="0.75" CC="50"/>
						<SP ID="P22_SP00057" HPOS="777" VPOS="1243" WIDTH="12"/>
						<String ID="P22_ST00076" HPOS="789" VPOS="1213" WIDTH="50" HEIGHT="30" CONTENT="his" WC="0.61" CC="343"/>
						<SP ID="P22_SP00058" HPOS="839" VPOS="1243" WIDTH="14"/>
						<String ID="P22_ST00077" HPOS="853" VPOS="1213" WIDTH="155" HEIGHT="40" CONTENT="pleasure:" WC="0.64" CC="610074236"/>
					</TextLine>
					<TextLine ID="P22_TL00019" HPOS="306" VPOS="1276" WIDTH="543" HEIGHT="40">
						<String ID="P22_ST00078" HPOS="306" VPOS="1276" WIDTH="81" HEIGHT="30" CONTENT="Who" WC="0.56" CC="840"/>
						<SP ID="P22_SP00059" HPOS="387" VPOS="1306" WIDTH="16"/>
						<String ID="P22_ST00079" HPOS="403" VPOS="1276" WIDTH="129" HEIGHT="40" CONTENT="spurn'd" WC="0.36" CC="6667762"/>
						<SP ID="P22_SP00060" HPOS="532" VPOS="1316" WIDTH="12"/>
						<String ID="P22_ST00080" HPOS="544" VPOS="1276" WIDTH="80" HEIGHT="30" CONTENT="from" WC="0.54" CC="4750"/>
						<SP ID="P22_SP00061" HPOS="624" VPOS="1316" WIDTH="12"/>
						<String ID="P22_ST00081" HPOS="636" VPOS="1276" WIDTH="49" HEIGHT="30" CONTENT="his" WC="0.63" CC="064"/>
						<SP ID="P22_SP00062" HPOS="685" VPOS="1316" WIDTH="14"/>
						<String ID="P22_ST00082" HPOS="699" VPOS="1286" WIDTH="150" HEIGHT="30" CONTENT="presence" WC="0.56" CC="36080718"/>
					</TextLine>
				</TextBlock>
				<TextBlock ID="P22_TB00016" HPOS="548" VPOS="1338" WIDTH="429" HEIGHT="39" STYLEREFS="TXT_0 PAR_RIGHT">
					<TextLine ID="P22_TL00020" HPOS="549" VPOS="1338" WIDTH="428" HEIGHT="39">
						<String ID="P22_ST00083" HPOS="549" VPOS="1340" WIDTH="55" HEIGHT="30" CONTENT="the" WC="0.60" CC="740"/>
						<SP ID="P22_SP00063" HPOS="604" VPOS="1370" WIDTH="16"/>
						<String ID="P22_ST00084" HPOS="620" VPOS="1340" WIDTH="130" HEIGHT="30" CONTENT="Friends" WC="0.47" CC="2624874"/>
						<SP ID="P22_SP00064" HPOS="750" VPOS="1370" WIDTH="14"/>
						<String ID="P22_ST00085" HPOS="764" VPOS="1339" WIDTH="36" HEIGHT="30" CONTENT="of" WC="0.60" CC="25"/>
						<SP ID="P22_SP00065" HPOS="800" VPOS="1370" WIDTH="7"/>
						<String ID="P22_ST00086" HPOS="807" VPOS="1339" WIDTH="49" HEIGHT="30" CONTENT="his" WC="0.51" CC="077"/>
						<SP ID="P22_SP00066" HPOS="856" VPOS="1370" WIDTH="14"/>
						<String ID="P22_ST00087" HPOS="870" VPOS="1338" WIDTH="107" HEIGHT="39" CONTENT="youth," WC="0.44" CC="857470"/>
					</TextLine>
				</TextBlock>
				<TextBlock ID="P22_TB00017" HPOS="303" VPOS="1402" WIDTH="366" HEIGHT="30" STYLEREFS="TXT_0 PAR_LEFT">
					<TextLine ID="P22_TL00021" HPOS="304" VPOS="1403" WIDTH="365" HEIGHT="29">
						<String ID="P22_ST00088" HPOS="304" VPOS="1403" WIDTH="71" HEIGHT="29" CONTENT="And" WC="0.45" CC="087"/>
						<SP ID="P22_SP00067" HPOS="375" VPOS="1432" WIDTH="16"/>
						<String ID="P22_ST00089" HPOS="391" VPOS="1414" WIDTH="69" HEIGHT="18" CONTENT="now" WC="0.47" CC="708"/>
						<SP ID="P22_SP00068" HPOS="460" VPOS="1432" WIDTH="15"/>
						<String ID="P22_ST00090" HPOS="475" VPOS="1403" WIDTH="55" HEIGHT="29" CONTENT="has" WC="0.49" CC="707"/>
						<SP ID="P22_SP00069" HPOS="530" VPOS="1432" WIDTH="11"/>
						<String ID="P22_ST00091" HPOS="541" VPOS="1406" WIDTH="56" HEIGHT="26" CONTENT="not" WC="0.57" CC="650"/>
						<SP ID="P22_SP00070" HPOS="597" VPOS="1432" WIDTH="13"/>
						<String ID="P22_ST00092" HPOS="610" VPOS="1411" WIDTH="59" HEIGHT="20" CONTENT="one" WC="0.46" CC="087"/>
					</TextLine>
				</TextBlock>
				<TextBlock ID="P22_TB00018" HPOS="552" VPOS="1463" WIDTH="486" HEIGHT="35" STYLEREFS="TXT_0 PAR_RIGHT">
					<TextLine ID="P22_TL00022" HPOS="552" VPOS="1464" WIDTH="486" HEIGHT="34">
						<String ID="P22_ST00093" HPOS="552" VPOS="1465" WIDTH="72" HEIGHT="29" CONTENT="who" WC="0.33" CC="757"/>
						<SP ID="P22_SP00071" HPOS="624" VPOS="1494" WIDTH="14"/>
						<String ID="P22_ST00094" HPOS="638" VPOS="1464" WIDTH="63" HEIGHT="30" CONTENT="will" WC="0.47" CC="8370"/>
						<SP ID="P22_SP00072" HPOS="701" VPOS="1494" WIDTH="14"/>
						<String ID="P22_ST00095" HPOS="715" VPOS="1465" WIDTH="52" HEIGHT="29" CONTENT="tell" WC="0.59" CC="0068"/>
						<SP ID="P22_SP00073" HPOS="767" VPOS="1494" WIDTH="17"/>
						<String ID="P22_ST00096" HPOS="784" VPOS="1464" WIDTH="67" HEIGHT="30" CONTENT="him" WC="0.40" CC="466"/>
						<SP ID="P22_SP00074" HPOS="851" VPOS="1494" WIDTH="15"/>
						<String ID="P22_ST00097" HPOS="866" VPOS="1465" WIDTH="54" HEIGHT="29" CONTENT="the" WC="0.80" CC="140"/>
						<SP ID="P22_SP00075" HPOS="920" VPOS="1494" WIDTH="15"/>
						<String ID="P22_ST00098" HPOS="935" VPOS="1464" WIDTH="84" HEIGHT="30" CONTENT="truth" WC="0.63" CC="13417"/>
						<SP ID="P22_SP00076" HPOS="1019" VPOS="1494" WIDTH="12"/>
						<String ID="P22_ST00099" HPOS="1031" VPOS="1477" WIDTH="7" HEIGHT="21" CONTENT=";" WC="0.26" CC="7"/>
					</TextLine>
				</TextBlock>
				<TextBlock ID="P22_TB00019" HPOS="216" VPOS="1512" WIDTH="811" HEIGHT="172" STYLEREFS="TXT_0 PAR_LEFT">
					<TextLine ID="P22_TL00023" HPOS="225" VPOS="1519" WIDTH="679" HEIGHT="44">
						<String ID="P22_ST00100" HPOS="225" VPOS="1525" WIDTH="85" HEIGHT="30" CONTENT="Who" WC="0.25" CC="858"/>
						<SP ID="P22_SP00077" HPOS="310" VPOS="1555" WIDTH="14"/>
						<String ID="P22_ST00101" HPOS="324" VPOS="1526" WIDTH="73" HEIGHT="29" CONTENT="took" WC="0.71" CC="0370"/>
						<SP ID="P22_SP00078" HPOS="397" VPOS="1555" WIDTH="16"/>
						<String ID="P22_ST00102" HPOS="413" VPOS="1530" WIDTH="33" HEIGHT="26" CONTENT="to" WC="0.87" CC="02"/>
						<SP ID="P22_SP00079" HPOS="446" VPOS="1556" WIDTH="14"/>
						<String ID="P22_ST00103" HPOS="460" VPOS="1527" WIDTH="49" HEIGHT="29" CONTENT="his" WC="0.55" CC="705"/>
						<SP ID="P22_SP00080" HPOS="509" VPOS="1556" WIDTH="14"/>
						<String ID="P22_ST00104" HPOS="523" VPOS="1519" WIDTH="154" HEIGHT="44" CONTENT="cb1j.nsfc.fe," WC="0.38" CC="5887067773772"/>
						<SP ID="P22_SP00081" HPOS="677" VPOS="1563" WIDTH="12"/>
						<String ID="P22_ST00105" HPOS="689" VPOS="1527" WIDTH="106" HEIGHT="30" CONTENT="fS^evil" WC="0.46" CC="8881515"/>
						<SP ID="P22_SP00082" HPOS="795" VPOS="1563" WIDTH="16"/>
						<String ID="P22_ST00106" HPOS="811" VPOS="1526" WIDTH="93" HEIGHT="37" CONTENT="hour," WC="0.57" CC="05734"/>
					</TextLine>
					<TextLine ID="P22_TL00024" HPOS="218" VPOS="1587" WIDTH="809" HEIGHT="40">
						<String ID="P22_ST00107" HPOS="218" VPOS="1587" WIDTH="70" HEIGHT="30" CONTENT="The" WC="1.00" CC="000"/>
						<SP ID="P22_SP00083" HPOS="288" VPOS="1617" WIDTH="16"/>
						<String ID="P22_ST00108" HPOS="304" VPOS="1587" WIDTH="131" HEIGHT="30" CONTENT="Friends" WC="0.76" CC="0230603"/>
						<SP ID="P22_SP00084" HPOS="435" VPOS="1617" WIDTH="14"/>
						<String ID="P22_ST00109" HPOS="449" VPOS="1593" WIDTH="31" HEIGHT="24" CONTENT="to" WC="1.00" CC="00"/>
						<SP ID="P22_SP00085" HPOS="480" VPOS="1617" WIDTH="15"/>
						<String ID="P22_ST00110" HPOS="495" VPOS="1588" WIDTH="52" HEIGHT="30" CONTENT="the" WC="0.84" CC="300"/>
						<SP ID="P22_SP00086" HPOS="547" VPOS="1618" WIDTH="15"/>
						<String ID="P22_ST00111" HPOS="562" VPOS="1588" WIDTH="138" HEIGHT="31" CONTENT="Reasons" WC="0.54" CC="3038087"/>
						<SP ID="P22_SP00087" HPOS="700" VPOS="1619" WIDTH="13"/>
						<String ID="P22_ST00112" HPOS="713" VPOS="1589" WIDTH="38" HEIGHT="30" CONTENT="of" WC="0.48" CC="81"/>
						<SP ID="P22_SP00088" HPOS="751" VPOS="1619" WIDTH="11"/>
						<String ID="P22_ST00113" HPOS="762" VPOS="1589" WIDTH="121" HEIGHT="30" CONTENT="lawless" WC="0.64" CC="0060476"/>
						<SP ID="P22_SP00089" HPOS="883" VPOS="1619" WIDTH="16"/>
						<String ID="P22_ST00114" HPOS="899" VPOS="1590" WIDTH="111" HEIGHT="31" CONTENT="Power" WC="0.80" CC="02321"/>
						<SP ID="P22_SP00090" HPOS="1010" VPOS="1621" WIDTH="12"/>
						<String ID="P22_ST00115" HPOS="1022" VPOS="1604" WIDTH="5" HEIGHT="23" CONTENT=";" WC="1.00" CC="0"/>
					</TextLine>
					<TextLine ID="P22_TL00025" HPOS="217" VPOS="1649" WIDTH="643" HEIGHT="35">
						<String ID="P22_ST00116" HPOS="217" VPOS="1649" WIDTH="83" HEIGHT="29" CONTENT="That" WC="0.93" CC="2000"/>
						<SP ID="P22_SP00091" HPOS="300" VPOS="1678" WIDTH="15"/>
						<String ID="P22_ST00117" HPOS="315" VPOS="1650" WIDTH="81" HEIGHT="29" CONTENT="back" WC="0.70" CC="7040"/>
						<SP ID="P22_SP00092" HPOS="396" VPOS="1679" WIDTH="17"/>
						<String ID="P22_ST00118" HPOS="413" VPOS="1649" WIDTH="51" HEIGHT="30" CONTENT="the" WC="0.66" CC="332"/>
						<SP ID="P22_SP00093" HPOS="464" VPOS="1679" WIDTH="15"/>
						<String ID="P22_ST00119" HPOS="479" VPOS="1649" WIDTH="116" HEIGHT="30" CONTENT="Public" WC="0.50" CC="448605"/>
						<SP ID="P22_SP00094" HPOS="595" VPOS="1679" WIDTH="13"/>
						<String ID="P22_ST00120" HPOS="608" VPOS="1649" WIDTH="163" HEIGHT="35" CONTENT="Informer," WC="0.63" CC="180654013"/>
						<SP ID="P22_SP00095" HPOS="771" VPOS="1684" WIDTH="17"/>
						<String ID="P22_ST00121" HPOS="788" VPOS="1651" WIDTH="72" HEIGHT="30" CONTENT="who" WC="0.30" CC="767"/>
					</TextLine>
				</TextBlock>
				<TextBlock ID="P22_TB00020" HPOS="209" VPOS="1705" WIDTH="961" HEIGHT="232" STYLEREFS="TXT_0 PAR_LEFT">
					<TextLine ID="P22_TL00026" HPOS="220" VPOS="1709" WIDTH="949" HEIGHT="45">
						<String ID="P22_ST00122" HPOS="220" VPOS="1709" WIDTH="114" HEIGHT="29" CONTENT="Would" WC="0.67" CC="81204"/>
						<SP ID="P22_SP00096" HPOS="334" VPOS="1738" WIDTH="15"/>
						<String ID="P22_ST00123" HPOS="349" VPOS="1714" WIDTH="57" HEIGHT="35" CONTENT="put" WC="0.76" CC="700"/>
						<SP ID="P22_SP00097" HPOS="406" VPOS="1749" WIDTH="14"/>
						<String ID="P22_ST00124" HPOS="420" VPOS="1710" WIDTH="92" HEIGHT="29" CONTENT="down" WC="0.46" CC="6185"/>
						<SP ID="P22_SP00098" HPOS="512" VPOS="1749" WIDTH="13"/>
						<String ID="P22_ST00125" HPOS="525" VPOS="1711" WIDTH="54" HEIGHT="30" CONTENT="the" WC="0.85" CC="310"/>
						<SP ID="P22_SP00099" HPOS="579" VPOS="1749" WIDTH="16"/>
						<String ID="P22_ST00126" HPOS="595" VPOS="1710" WIDTH="117" HEIGHT="41" CONTENT="Thing," WC="0.78" CC="000066"/>
						<SP ID="P22_SP00100" HPOS="712" VPOS="1751" WIDTH="17"/>
						<String ID="P22_ST00127" HPOS="729" VPOS="1711" WIDTH="76" HEIGHT="36" CONTENT="that," WC="0.67" CC="58002"/>
						<SP ID="P22_SP00101" HPOS="805" VPOS="1751" WIDTH="15"/>
						<String ID="P22_ST00128" HPOS="820" VPOS="1713" WIDTH="32" HEIGHT="29" CONTENT="in" WC="0.51" CC="17"/>
						<SP ID="P22_SP00102" HPOS="852" VPOS="1751" WIDTH="14"/>
						<String ID="P22_ST00129" HPOS="866" VPOS="1714" WIDTH="84" HEIGHT="40" CONTENT="spite" WC="0.85" CC="61000"/>
						<SP ID="P22_SP00103" HPOS="950" VPOS="1754" WIDTH="11"/>
						<String ID="P22_ST00130" HPOS="961" VPOS="1714" WIDTH="38" HEIGHT="30" CONTENT="of" WC="0.35" CC="75"/>
						<SP ID="P22_SP00104" HPOS="999" VPOS="1754" WIDTH="9"/>
						<String ID="P22_ST00131" HPOS="1008" VPOS="1725" WIDTH="70" HEIGHT="20" CONTENT="new" WC="0.32" CC="747"/>
						<SP ID="P22_SP00105" HPOS="1078" VPOS="1754" WIDTH="10"/>
						<String ID="P22_ST00132" HPOS="1088" VPOS="1715" WIDTH="81" HEIGHT="34" CONTENT="Acts," WC="0.63" CC="56310"/>
					</TextLine>
					<TextLine ID="P22_TL00027" HPOS="216" VPOS="1770" WIDTH="824" HEIGHT="44">
						<String ID="P22_ST00133" HPOS="216" VPOS="1770" WIDTH="74" HEIGHT="30" CONTENT="And" WC="0.79" CC="510"/>
						<SP ID="P22_SP00106" HPOS="290" VPOS="1800" WIDTH="13"/>
						<String ID="P22_ST00134" HPOS="303" VPOS="1773" WIDTH="142" HEIGHT="36" CONTENT="attempts" WC="0.63" CC="64016207"/>
						<SP ID="P22_SP00107" HPOS="445" VPOS="1809" WIDTH="15"/>
						<String ID="P22_ST00135" HPOS="460" VPOS="1776" WIDTH="31" HEIGHT="24" CONTENT="to" WC="1.00" CC="00"/>
						<SP ID="P22_SP00108" HPOS="491" VPOS="1809" WIDTH="15"/>
						<String ID="P22_ST00136" HPOS="506" VPOS="1772" WIDTH="129" HEIGHT="29" CONTENT="restrain" WC="0.83" CC="00501006"/>
						<SP ID="P22_SP00109" HPOS="635" VPOS="1809" WIDTH="16"/>
						<String ID="P22_ST00137" HPOS="651" VPOS="1772" WIDTH="34" HEIGHT="35" CONTENT="it," WC="0.76" CC="060"/>
						<SP ID="P22_SP00110" HPOS="685" VPOS="1809" WIDTH="16"/>
						<String ID="P22_ST00138" HPOS="701" VPOS="1772" WIDTH="41" HEIGHT="40" CONTENT="by" WC="0.29" CC="58"/>
						<SP ID="P22_SP00111" HPOS="742" VPOS="1812" WIDTH="15"/>
						<String ID="P22_ST00139" HPOS="757" VPOS="1772" WIDTH="139" HEIGHT="32" CONTENT="Soldiers" WC="0.44" CC="67665046"/>
						<SP ID="P22_SP00112" HPOS="896" VPOS="1812" WIDTH="13"/>
						<String ID="P22_ST00140" HPOS="909" VPOS="1785" WIDTH="36" HEIGHT="20" CONTENT="or" WC="0.25" CC="86"/>
						<SP ID="P22_SP00113" HPOS="945" VPOS="1812" WIDTH="15"/>
						<String ID="P22_ST00141" HPOS="960" VPOS="1777" WIDTH="80" HEIGHT="37" CONTENT="Tax," WC="0.65" CC="4350"/>
					</TextLine>
					<TextLine ID="P22_TL00028" HPOS="218" VPOS="1830" WIDTH="873" HEIGHT="46">
						<String ID="P22_ST00142" HPOS="218" VPOS="1830" WIDTH="76" HEIGHT="30" CONTENT="Will" WC="0.42" CC="8634"/>
						<SP ID="P22_SP00114" HPOS="294" VPOS="1860" WIDTH="11"/>
						<String ID="P22_ST00143" HPOS="305" VPOS="1832" WIDTH="117" HEIGHT="39" CONTENT="poison" WC="0.68" CC="050264"/>
						<SP ID="P22_SP00115" HPOS="422" VPOS="1871" WIDTH="15"/>
						<String ID="P22_ST00144" HPOS="437" VPOS="1832" WIDTH="53" HEIGHT="29" CONTENT="the" WC="0.98" CC="000"/>
						<SP ID="P22_SP00116" HPOS="490" VPOS="1871" WIDTH="14"/>
						<String ID="P22_ST00145" HPOS="504" VPOS="1833" WIDTH="137" HEIGHT="35" CONTENT="Vermin," WC="0.58" CC="5136380"/>
						<SP ID="P22_SP00117" HPOS="641" VPOS="1871" WIDTH="17"/>
						<String ID="P22_ST00146" HPOS="658" VPOS="1833" WIDTH="66" HEIGHT="30" CONTENT="that" WC="0.68" CC="1307"/>
						<SP ID="P22_SP00118" HPOS="724" VPOS="1871" WIDTH="14"/>
						<String ID="P22_ST00147" HPOS="738" VPOS="1835" WIDTH="135" HEIGHT="39" CONTENT="plunder" WC="0.58" CC="7048800"/>
						<SP ID="P22_SP00119" HPOS="873" VPOS="1874" WIDTH="14"/>
						<String ID="P22_ST00148" HPOS="887" VPOS="1837" WIDTH="52" HEIGHT="29" CONTENT="the" WC="0.81" CC="013"/>
						<SP ID="P22_SP00120" HPOS="939" VPOS="1874" WIDTH="16"/>
						<String ID="P22_ST00149" HPOS="955" VPOS="1838" WIDTH="136" HEIGHT="38" CONTENT="Wealth," WC="0.51" CC="5305576"/>
					</TextLine>
					<TextLine ID="P22_TL00029" HPOS="212" VPOS="1892" WIDTH="671" HEIGHT="41">
						<String ID="P22_ST00150" HPOS="212" VPOS="1892" WIDTH="83" HEIGHT="30" CONTENT="That" WC="0.57" CC="8350"/>
						<SP ID="P22_SP00121" HPOS="295" VPOS="1922" WIDTH="15"/>
						<String ID="P22_ST00151" HPOS="310" VPOS="1894" WIDTH="48" HEIGHT="39" CONTENT="lay" WC="0.67" CC="108"/>
						<SP ID="P22_SP00122" HPOS="358" VPOS="1933" WIDTH="13"/>
						<String ID="P22_ST00152" HPOS="371" VPOS="1894" WIDTH="32" HEIGHT="30" CONTENT="in" WC="0.58" CC="08"/>
						<SP ID="P22_SP00123" HPOS="403" VPOS="1933" WIDTH="14"/>
						<String ID="P22_ST00153" HPOS="417" VPOS="1895" WIDTH="52" HEIGHT="31" CONTENT="the" WC="0.49" CC="374"/>
						<SP ID="P22_SP00124" HPOS="469" VPOS="1933" WIDTH="16"/>
						<String ID="P22_ST00154" HPOS="485" VPOS="1895" WIDTH="118" HEIGHT="37" CONTENT="House," WC="0.53" CC="813706"/>
						<SP ID="P22_SP00125" HPOS="603" VPOS="1933" WIDTH="17"/>
						<String ID="P22_ST00155" HPOS="620" VPOS="1895" WIDTH="65" HEIGHT="31" CONTENT="that" WC="0.29" CC="6776"/>
						<SP ID="P22_SP00126" HPOS="685" VPOS="1933" WIDTH="13"/>
						<String ID="P22_ST00156" HPOS="698" VPOS="1896" WIDTH="79" HEIGHT="31" CONTENT="Jack" WC="0.94" CC="2000"/>
						<SP ID="P22_SP00127" HPOS="777" VPOS="1933" WIDTH="16"/>
						<String ID="P22_ST00157" HPOS="793" VPOS="1896" WIDTH="90" HEIGHT="31" CONTENT="built." WC="0.68" CC="016081"/>
					</TextLine>
				</TextBlock>
			</PrintSpace>
		</Page>
	</Layout>
</alto>
