<?xml version="1.0" encoding="UTF-8"?>
<alto xmlns:xsi="http://www.w3.org/2001/XMLSchema-instance" xsi:noNamespaceSchemaLocation="http://www.bl.uk/schemas/alto/alto-1-4.xsd" xmlns:xlink="http://www.w3.org/1999/xlink">
	<Description>
		<MeasurementUnit>mm10</MeasurementUnit>
		<sourceImageInformation>
			<fileName>//head1/IN/2007-34/A0010556622/004768.jp2</fileName>
		</sourceImageInformation>
		<OCRProcessing ID="OCRPROCESSING_1">
			<preProcessingStep>
				<processingSoftware>
					<softwareCreator>CCS Content Conversion Specialists GmbH, Germany</softwareCreator>
					<softwareName>CCS docWORKS</softwareName>
					<softwareVersion>6.1-0.54</softwareVersion>
				</processingSoftware>
			</preProcessingStep>
			<ocrProcessingStep>
				<processingSoftware>
					<softwareCreator>ABBYY (BIT Software), Russia</softwareCreator>
					<softwareName>Finereader</softwareName>
				</processingSoftware>
			</ocrProcessingStep>
		</OCRProcessing>
	</Description>
	<Styles>
		<TextStyle ID="TXT_0" FONTSIZE="9" FONTFAMILY="Courier New"/>
		<ParagraphStyle ID="PAR_LEFT" ALIGN="Left"/>
		<ParagraphStyle ID="PAR_RIGHT" ALIGN="Right"/>
	</Styles>
	<Layout>
		<Page ID="P8" PHYSICAL_IMG_NR="8" HEIGHT="1999" WIDTH="1190" QUALITY="Damaged" POSITION="Left" ACCURACY="61.11">
			<TopMargin ID="P8_TM00001" HPOS="0" VPOS="0" WIDTH="1190" HEIGHT="0"/>
			<LeftMargin ID="P8_LM00001" HPOS="0" VPOS="0" WIDTH="0" HEIGHT="1999"/>
			<RightMargin ID="P8_RM00001" HPOS="1190" VPOS="0" WIDTH="0" HEIGHT="1999"/>
			<BottomMargin ID="P8_BM00001" HPOS="0" VPOS="1999" WIDTH="1190" HEIGHT="0"/>
			<PrintSpace ID="P8_PS00001" HPOS="0" VPOS="0" WIDTH="1190" HEIGHT="1999">
				<TextBlock ID="P8_TB00001" HPOS="288" VPOS="762" WIDTH="634" HEIGHT="301" STYLEREFS="TXT_0 PAR_LEFT">
					<TextLine ID="P8_TL00001" HPOS="411" VPOS="767" WIDTH="420" HEIGHT="33">
						<String ID="P8_ST00001" HPOS="411" VPOS="767" WIDTH="117" HEIGHT="31" CONTENT='"Many,' WC="0.64" CC="712046"/>
						<SP ID="P8_SP00001" HPOS="528" VPOS="798" WIDTH="15"/>
						<String ID="P8_ST00002" HPOS="543" VPOS="768" WIDTH="81" HEIGHT="23" CONTENT="whose" WC="0.58" CC="75340"/>
						<SP ID="P8_SP00002" HPOS="624" VPOS="798" WIDTH="13"/>
						<String ID="P8_ST00003" HPOS="637" VPOS="769" WIDTH="148" HEIGHT="31" CONTENT="sequester'd" WC="0.68" CC="40700770601"/>
						<SP ID="P8_SP00003" HPOS="785" VPOS="800" WIDTH="11"/>
						<String ID="P8_ST00004" HPOS="796" VPOS="769" WIDTH="35" HEIGHT="23" CONTENT="lot" WC="0.72" CC="008"/>
					</TextLine>
					<TextLine ID="P8_TL00002" HPOS="296" VPOS="809" WIDTH="524" HEIGHT="34">
						<String ID="P8_ST00005" HPOS="296" VPOS="809" WIDTH="100" HEIGHT="25" CONTENT="Forbids" WC="0.56" CC="7280074"/>
						<SP ID="P8_SP00004" HPOS="396" VPOS="834" WIDTH="14"/>
						<String ID="P8_ST00006" HPOS="410" VPOS="810" WIDTH="61" HEIGHT="23" CONTENT="their" WC="0.67" CC="05073"/>
						<SP ID="P8_SP00005" HPOS="471" VPOS="834" WIDTH="11"/>
						<String ID="P8_ST00007" HPOS="482" VPOS="810" WIDTH="170" HEIGHT="30" CONTENT="interference," WC="0.74" CC="6030150106017"/>
						<SP ID="P8_SP00006" HPOS="652" VPOS="840" WIDTH="13"/>
						<String ID="P8_ST00008" HPOS="665" VPOS="811" WIDTH="100" HEIGHT="32" CONTENT="looking" WC="0.77" CC="1004053"/>
						<SP ID="P8_SP00007" HPOS="765" VPOS="843" WIDTH="12"/>
						<String ID="P8_ST00009" HPOS="777" VPOS="820" WIDTH="43" HEIGHT="21" CONTENT="on," WC="0.34" CC="387"/>
					</TextLine>
					<TextLine ID="P8_TL00003" HPOS="295" VPOS="853" WIDTH="497" HEIGHT="33">
						<String ID="P8_ST00010" HPOS="295" VPOS="853" WIDTH="138" HEIGHT="32" CONTENT="Anticipate" WC="0.71" CC="0033268040"/>
						<SP ID="P8_SP00008" HPOS="433" VPOS="885" WIDTH="11"/>
						<String ID="P8_ST00011" HPOS="444" VPOS="853" WIDTH="108" HEIGHT="33" CONTENT="perforce" WC="0.61" CC="70632830"/>
						<SP ID="P8_SP00009" HPOS="552" VPOS="886" WIDTH="13"/>
						<String ID="P8_ST00012" HPOS="565" VPOS="862" WIDTH="65" HEIGHT="15" CONTENT="some" WC="0.76" CC="4050"/>
						<SP ID="P8_SP00010" HPOS="630" VPOS="886" WIDTH="13"/>
						<String ID="P8_ST00013" HPOS="643" VPOS="854" WIDTH="50" HEIGHT="24" CONTENT="dire" WC="0.69" CC="5510"/>
						<SP ID="P8_SP00011" HPOS="693" VPOS="886" WIDTH="11"/>
						<String ID="P8_ST00014" HPOS="704" VPOS="859" WIDTH="71" HEIGHT="19" CONTENT="event" WC="0.66" CC="07080"/>
						<String ID="P8_ST00015" HPOS="785" VPOS="865" WIDTH="7" HEIGHT="19" CONTENT=";" WC="0.14" CC="8"/>
					</TextLine>
					<TextLine ID="P8_TL00004" HPOS="294" VPOS="897" WIDTH="520" HEIGHT="32">
						<String ID="P8_ST00016" HPOS="294" VPOS="897" WIDTH="63" HEIGHT="28" CONTENT="And," WC="0.63" CC="0707"/>
						<SP ID="P8_SP00012" HPOS="357" VPOS="925" WIDTH="13"/>
						<String ID="P8_ST00017" HPOS="370" VPOS="897" WIDTH="81" HEIGHT="32" CONTENT="seeing" WC="0.65" CC="400662"/>
						<SP ID="P8_SP00013" HPOS="451" VPOS="929" WIDTH="12"/>
						<String ID="P8_ST00018" HPOS="463" VPOS="898" WIDTH="40" HEIGHT="23" CONTENT="the" WC="0.58" CC="570"/>
						<SP ID="P8_SP00014" HPOS="503" VPOS="929" WIDTH="12"/>
						<String ID="P8_ST00019" HPOS="515" VPOS="897" WIDTH="40" HEIGHT="24" CONTENT="old" WC="0.73" CC="034"/>
						<SP ID="P8_SP00015" HPOS="555" VPOS="929" WIDTH="12"/>
						<String ID="P8_ST00020" HPOS="567" VPOS="897" WIDTH="74" HEIGHT="23" CONTENT="castle" WC="0.83" CC="024200"/>
						<SP ID="P8_SP00016" HPOS="641" VPOS="929" WIDTH="11"/>
						<String ID="P8_ST00021" HPOS="652" VPOS="897" WIDTH="29" HEIGHT="23" CONTENT="of" WC="0.63" CC="15"/>
						<SP ID="P8_SP00017" HPOS="681" VPOS="929" WIDTH="9"/>
						<String ID="P8_ST00022" HPOS="690" VPOS="898" WIDTH="41" HEIGHT="23" CONTENT="the" WC="0.73" CC="070"/>
						<SP ID="P8_SP00018" HPOS="731" VPOS="929" WIDTH="12"/>
						<String ID="P8_ST00023" HPOS="743" VPOS="902" WIDTH="71" HEIGHT="24" CONTENT="state," WC="0.58" CC="802607"/>
					</TextLine>
					<TextLine ID="P8_TL00005" HPOS="294" VPOS="940" WIDTH="626" HEIGHT="33">
						<String ID="P8_ST00024" HPOS="294" VPOS="940" WIDTH="64" HEIGHT="23" CONTENT="That" WC="0.71" CC="2701"/>
						<SP ID="P8_SP00019" HPOS="358" VPOS="963" WIDTH="11"/>
						<String ID="P8_ST00025" HPOS="369" VPOS="941" WIDTH="113" HEIGHT="32" CONTENT="promis'd" WC="0.50" CC="56363508"/>
						<SP ID="P8_SP00020" HPOS="482" VPOS="973" WIDTH="12"/>
						<String ID="P8_ST00026" HPOS="494" VPOS="948" WIDTH="61" HEIGHT="15" CONTENT="once" WC="0.72" CC="2440"/>
						<SP ID="P8_SP00021" HPOS="555" VPOS="973" WIDTH="11"/>
						<String ID="P8_ST00027" HPOS="566" VPOS="948" WIDTH="66" HEIGHT="15" CONTENT="more" WC="0.81" CC="7000"/>
						<SP ID="P8_SP00022" HPOS="632" VPOS="973" WIDTH="12"/>
						<String ID="P8_ST00028" HPOS="644" VPOS="941" WIDTH="118" HEIGHT="27" CONTENT="firmness," WC="0.69" CC="006160337"/>
						<SP ID="P8_SP00023" HPOS="762" VPOS="973" WIDTH="14"/>
						<String ID="P8_ST00029" HPOS="776" VPOS="949" WIDTH="27" HEIGHT="15" CONTENT="so" WC="0.56" CC="44"/>
						<SP ID="P8_SP00024" HPOS="803" VPOS="973" WIDTH="12"/>
						<String ID="P8_ST00030" HPOS="815" VPOS="942" WIDTH="105" HEIGHT="29" CONTENT="assail'd," WC="0.60" CC="534024067"/>
					</TextLine>
					<TextLine ID="P8_TL00006" HPOS="293" VPOS="981" WIDTH="563" HEIGHT="35">
						<String ID="P8_ST00031" HPOS="293" VPOS="981" WIDTH="66" HEIGHT="24" CONTENT="That" WC="0.51" CC="3365"/>
						<SP ID="P8_SP00025" HPOS="359" VPOS="1005" WIDTH="12"/>
						<String ID="P8_ST00032" HPOS="371" VPOS="983" WIDTH="32" HEIGHT="23" CONTENT="all" WC="0.68" CC="305"/>
						<SP ID="P8_SP00026" HPOS="403" VPOS="1006" WIDTH="11"/>
						<String ID="P8_ST00033" HPOS="414" VPOS="984" WIDTH="31" HEIGHT="22" CONTENT="its" WC="0.61" CC="073"/>
						<SP ID="P8_SP00027" HPOS="445" VPOS="1006" WIDTH="13"/>
						<String ID="P8_ST00034" HPOS="458" VPOS="983" WIDTH="202" HEIGHT="33" CONTENT="tempest-beaten" WC="0.83" CC="00540250000500"/>
						<SP ID="P8_SP00028" HPOS="660" VPOS="1016" WIDTH="13"/>
						<String ID="P8_ST00035" HPOS="673" VPOS="987" WIDTH="86" HEIGHT="20" CONTENT="turrets" WC="0.74" CC="2125006"/>
						<SP ID="P8_SP00029" HPOS="759" VPOS="1016" WIDTH="13"/>
						<String ID="P8_ST00036" HPOS="772" VPOS="985" WIDTH="84" HEIGHT="27" CONTENT="shake," WC="0.56" CC="136237"/>
					</TextLine>
					<TextLine ID="P8_TL00007" HPOS="294" VPOS="1024" WIDTH="543" HEIGHT="36">
						<String ID="P8_ST00037" HPOS="294" VPOS="1024" WIDTH="77" HEIGHT="25" CONTENT="Stand" WC="0.53" CC="52275"/>
						<SP ID="P8_SP00030" HPOS="371" VPOS="1049" WIDTH="11"/>
						<String ID="P8_ST00038" HPOS="382" VPOS="1027" WIDTH="140" HEIGHT="24" CONTENT="motionless" WC="0.60" CC="8056270055"/>
						<SP ID="P8_SP00031" HPOS="522" VPOS="1051" WIDTH="13"/>
						<String ID="P8_ST00039" HPOS="535" VPOS="1032" WIDTH="141" HEIGHT="28" CONTENT="expectants" WC="0.65" CC="0551460451"/>
						<SP ID="P8_SP00032" HPOS="676" VPOS="1060" WIDTH="12"/>
						<String ID="P8_ST00040" HPOS="688" VPOS="1028" WIDTH="28" HEIGHT="23" CONTENT="of" WC="0.59" CC="25"/>
						<SP ID="P8_SP00033" HPOS="716" VPOS="1060" WIDTH="10"/>
						<String ID="P8_ST00041" HPOS="726" VPOS="1028" WIDTH="31" HEIGHT="23" CONTENT="its" WC="0.69" CC="224"/>
						<SP ID="P8_SP00034" HPOS="757" VPOS="1060" WIDTH="13"/>
						<String ID="P8_ST00042" HPOS="770" VPOS="1028" WIDTH="67" HEIGHT="24" CONTENT='fall."' WC="0.69" CC="530017"/>
					</TextLine>
				</TextBlock>
				<TextBlock ID="P8_TB00002" HPOS="960" VPOS="1072" WIDTH="104" HEIGHT="34" STYLEREFS="TXT_0 PAR_RIGHT">
					<TextLine ID="P8_TL00008" HPOS="962" VPOS="1075" WIDTH="99" HEIGHT="31">
						<String ID="P8_ST00043" HPOS="962" VPOS="1075" WIDTH="99" HEIGHT="31" CONTENT="Cowper." WC="0.59" CC="7553410"/>
					</TextLine>
				</TextBlock>
				<TextBlock ID="P8_TB00003" HPOS="331" VPOS="1247" WIDTH="640" HEIGHT="29" STYLEREFS="TXT_0 PAR_RIGHT">
					<TextLine ID="P8_TL00009" HPOS="337" VPOS="1247" WIDTH="628" HEIGHT="29">
						<String ID="P8_ST00044" HPOS="337" VPOS="1252" WIDTH="58" HEIGHT="20" CONTENT="Each" WC="0.14" CC="8888"/>
						<SP ID="P8_SP00035" HPOS="395" VPOS="1272" WIDTH="11"/>
						<String ID="P8_ST00045" HPOS="406" VPOS="1252" WIDTH="72" HEIGHT="21" CONTENT="Motto" WC="0.35" CC="07787"/>
						<SP ID="P8_SP00036" HPOS="478" VPOS="1273" WIDTH="10"/>
						<String ID="P8_ST00046" HPOS="488" VPOS="1252" WIDTH="49" HEIGHT="22" CONTENT="that" WC="0.27" CC="6886"/>
						<SP ID="P8_SP00037" HPOS="537" VPOS="1274" WIDTH="10"/>
						<String ID="P8_ST00047" HPOS="547" VPOS="1247" WIDTH="300" HEIGHT="29" CONTENT="folW^Stroios'Cowper's" WC="0.32" CC="575888888888408785705"/>
						<SP ID="P8_SP00038" HPOS="847" VPOS="1276" WIDTH="10"/>
						<String ID="P8_ST00048" HPOS="857" VPOS="1255" WIDTH="17" HEIGHT="11" CONTENT='"' WC="0.98" CC="0"/>
						<SP ID="P8_SP00039" HPOS="874" VPOS="1276" WIDTH="11"/>
						<String ID="P8_ST00049" HPOS="885" VPOS="1254" WIDTH="80" HEIGHT="22" CONTENT='Task."' WC="0.42" CC="578417"/>
					</TextLine>
				</TextBlock>
			</PrintSpace>
		</Page>
	</Layout>
</alto>
