<?xml version="1.0" encoding="UTF-8"?>
<alto xmlns:xsi="http://www.w3.org/2001/XMLSchema-instance" xsi:noNamespaceSchemaLocation="http://www.bl.uk/schemas/alto/alto-1-4.xsd" xmlns:xlink="http://www.w3.org/1999/xlink">
	<Description>
		<MeasurementUnit>mm10</MeasurementUnit>
		<sourceImageInformation>
			<fileName>//head1/IN/2007-34/A0010556622/004784.jp2</fileName>
		</sourceImageInformation>
		<OCRProcessing ID="OCRPROCESSING_1">
			<preProcessingStep>
				<processingSoftware>
					<softwareCreator>CCS Content Conversion Specialists GmbH, Germany</softwareCreator>
					<softwareName>CCS docWORKS</softwareName>
					<softwareVersion>6.1-0.54</softwareVersion>
				</processingSoftware>
			</preProcessingStep>
			<ocrProcessingStep>
				<processingSoftware>
					<softwareCreator>ABBYY (BIT Software), Russia</softwareCreator>
					<softwareName>Finereader</softwareName>
				</processingSoftware>
			</ocrProcessingStep>
		</OCRProcessing>
	</Description>
	<Styles>
		<TextStyle ID="TXT_0" FONTSIZE="10" FONTFAMILY="Courier New"/>
		<ParagraphStyle ID="PAR_LEFT" ALIGN="Left"/>
		<ParagraphStyle ID="PAR_RIGHT" ALIGN="Right"/>
		<ParagraphStyle ID="PAR_CENTER" ALIGN="Center"/>
	</Styles>
	<Layout>
		<Page ID="P24" PHYSICAL_IMG_NR="24" HEIGHT="1999" WIDTH="1189" QUALITY="Damaged" POSITION="Left" ACCURACY="68.13">
			<TopMargin ID="P24_TM00001" HPOS="0" VPOS="0" WIDTH="1189" HEIGHT="154"/>
			<LeftMargin ID="P24_LM00001" HPOS="0" VPOS="154" WIDTH="300" HEIGHT="1730"/>
			<RightMargin ID="P24_RM00001" HPOS="1070" VPOS="154" WIDTH="119" HEIGHT="1730"/>
			<BottomMargin ID="P24_BM00001" HPOS="0" VPOS="1884" WIDTH="1189" HEIGHT="115"/>
			<PrintSpace ID="P24_PS00001" HPOS="300" VPOS="154" WIDTH="787" HEIGHT="1730">
				<TextBlock ID="P24_TB00001" HPOS="305" VPOS="154" WIDTH="506" HEIGHT="41" STYLEREFS="TXT_0 PAR_LEFT">
					<TextLine ID="P24_TL00001" HPOS="306" VPOS="155" WIDTH="505" HEIGHT="40">
						<String ID="P24_ST00001" HPOS="306" VPOS="155" WIDTH="72" HEIGHT="39" CONTENT="But," WC="0.38" CC="8780"/>
						<SP ID="P24_SP00001" HPOS="378" VPOS="194" WIDTH="18"/>
						<String ID="P24_ST00002" HPOS="396" VPOS="158" WIDTH="26" HEIGHT="30" CONTENT="if" WC="0.86" CC="01"/>
						<SP ID="P24_SP00002" HPOS="422" VPOS="194" WIDTH="10"/>
						<String ID="P24_ST00003" HPOS="432" VPOS="156" WIDTH="140" HEIGHT="32" CONTENT="shielded" WC="0.43" CC="58078807"/>
						<SP ID="P24_SP00003" HPOS="572" VPOS="194" WIDTH="15"/>
						<String ID="P24_ST00004" HPOS="587" VPOS="156" WIDTH="41" HEIGHT="39" CONTENT="by" WC="0.44" CC="64"/>
						<SP ID="P24_SP00004" HPOS="628" VPOS="195" WIDTH="19"/>
						<String ID="P24_ST00005" HPOS="647" VPOS="156" WIDTH="164" HEIGHT="29" CONTENT="Norfolk" WC="0.51" CC="5078271"/>
					</TextLine>
				</TextBlock>
				<TextBlock ID="P24_TB00002" HPOS="305" VPOS="215" WIDTH="684" HEIGHT="99" STYLEREFS="TXT_0 PAR_LEFT">
					<TextLine ID="P24_TL00002" HPOS="562" VPOS="217" WIDTH="427" HEIGHT="33">
						<String ID="P24_ST00006" HPOS="562" VPOS="218" WIDTH="60" HEIGHT="31" CONTENT="and" WC="0.34" CC="487"/>
						<SP ID="P24_SP00005" HPOS="622" VPOS="249" WIDTH="16"/>
						<String ID="P24_ST00007" HPOS="638" VPOS="217" WIDTH="195" HEIGHT="32" CONTENT="Bedford's" WC="0.43" CC="465606675"/>
						<SP ID="P24_SP00006" HPOS="833" VPOS="249" WIDTH="15"/>
						<String ID="P24_ST00008" HPOS="848" VPOS="217" WIDTH="141" HEIGHT="33" CONTENT="alliance," WC="0.52" CC="057418661"/>
					</TextLine>
					<TextLine ID="P24_TL00003" HPOS="306" VPOS="279" WIDTH="447" HEIGHT="35">
						<String ID="P24_ST00009" HPOS="306" VPOS="282" WIDTH="27" HEIGHT="29" CONTENT="It" WC="0.88" CC="20"/>
						<SP ID="P24_SP00007" HPOS="333" VPOS="311" WIDTH="13"/>
						<String ID="P24_ST00010" HPOS="346" VPOS="282" WIDTH="64" HEIGHT="29" CONTENT="will" WC="0.68" CC="5015"/>
						<SP ID="P24_SP00008" HPOS="410" VPOS="311" WIDTH="15"/>
						<String ID="P24_ST00011" HPOS="425" VPOS="286" WIDTH="47" HEIGHT="25" CONTENT="set" WC="0.73" CC="502"/>
						<SP ID="P24_SP00009" HPOS="472" VPOS="311" WIDTH="13"/>
						<String ID="P24_ST00012" HPOS="485" VPOS="281" WIDTH="76" HEIGHT="30" CONTENT="both" WC="0.86" CC="3200"/>
						<SP ID="P24_SP00010" HPOS="561" VPOS="311" WIDTH="16"/>
						<String ID="P24_ST00013" HPOS="577" VPOS="281" WIDTH="48" HEIGHT="29" CONTENT="his" WC="0.74" CC="007"/>
						<SP ID="P24_SP00011" HPOS="625" VPOS="311" WIDTH="14"/>
						<String ID="P24_ST00014" HPOS="639" VPOS="279" WIDTH="114" HEIGHT="35" CONTENT="sword," WC="0.70" CC="820104"/>
					</TextLine>
				</TextBlock>
				<TextBlock ID="P24_TB00003" HPOS="553" VPOS="341" WIDTH="376" HEIGHT="36" STYLEREFS="TXT_0 PAR_RIGHT">
					<TextLine ID="P24_TL00004" HPOS="554" VPOS="342" WIDTH="375" HEIGHT="35">
						<String ID="P24_ST00015" HPOS="554" VPOS="343" WIDTH="61" HEIGHT="29" CONTENT="and" WC="0.61" CC="064"/>
						<SP ID="P24_SP00012" HPOS="615" VPOS="372" WIDTH="15"/>
						<String ID="P24_ST00016" HPOS="630" VPOS="344" WIDTH="78" HEIGHT="33" CONTENT="him," WC="0.94" CC="0200"/>
						<SP ID="P24_SP00013" HPOS="708" VPOS="377" WIDTH="16"/>
						<String ID="P24_ST00017" HPOS="724" VPOS="346" WIDTH="31" HEIGHT="25" CONTENT="at" WC="0.92" CC="01"/>
						<SP ID="P24_SP00014" HPOS="755" VPOS="377" WIDTH="15"/>
						<String ID="P24_ST00018" HPOS="770" VPOS="342" WIDTH="142" HEIGHT="29" CONTENT="defiance" WC="0.75" CC="54330002"/>
						<SP ID="P24_SP00015" HPOS="912" VPOS="377" WIDTH="13"/>
						<String ID="P24_ST00019" HPOS="925" VPOS="353" WIDTH="4" HEIGHT="22" CONTENT=";" WC="1.00" CC="0"/>
					</TextLine>
				</TextBlock>
				<TextBlock ID="P24_TB00004" HPOS="303" VPOS="402" WIDTH="690" HEIGHT="38" STYLEREFS="TXT_0 PAR_LEFT">
					<TextLine ID="P24_TL00005" HPOS="303" VPOS="402" WIDTH="690" HEIGHT="38">
						<String ID="P24_ST00020" HPOS="303" VPOS="406" WIDTH="30" HEIGHT="29" CONTENT="If" WC="0.78" CC="40"/>
						<SP ID="P24_SP00016" HPOS="333" VPOS="435" WIDTH="12"/>
						<String ID="P24_ST00021" HPOS="345" VPOS="406" WIDTH="261" HEIGHT="34" CONTENT="Fitzwilliam," WC="0.47" CC="153758886800"/>
						<SP ID="P24_SP00017" HPOS="606" VPOS="440" WIDTH="14"/>
						<String ID="P24_ST00022" HPOS="620" VPOS="405" WIDTH="63" HEIGHT="30" CONTENT="and" WC="0.70" CC="071"/>
						<SP ID="P24_SP00018" HPOS="683" VPOS="440" WIDTH="14"/>
						<String ID="P24_ST00023" HPOS="697" VPOS="405" WIDTH="220" HEIGHT="33" CONTENT="Grosvenor," WC="0.47" CC="7605648274"/>
						<SP ID="P24_SP00019" HPOS="917" VPOS="440" WIDTH="17"/>
						<String ID="P24_ST00024" HPOS="934" VPOS="402" WIDTH="59" HEIGHT="30" CONTENT="and" WC="0.60" CC="083"/>
					</TextLine>
				</TextBlock>
				<TextBlock ID="P24_TB00005" HPOS="560" VPOS="466" WIDTH="334" HEIGHT="34" STYLEREFS="TXT_0 PAR_RIGHT">
					<TextLine ID="P24_TL00006" HPOS="561" VPOS="466" WIDTH="333" HEIGHT="34">
						<String ID="P24_ST00025" HPOS="561" VPOS="469" WIDTH="221" HEIGHT="28" CONTENT="Albemarle" WC="0.47" CC="186217882"/>
						<SP ID="P24_SP00020" HPOS="782" VPOS="497" WIDTH="15"/>
						<String ID="P24_ST00026" HPOS="797" VPOS="466" WIDTH="52" HEIGHT="30" CONTENT="aid" WC="0.65" CC="234"/>
						<SP ID="P24_SP00021" HPOS="849" VPOS="497" WIDTH="12"/>
						<String ID="P24_ST00027" HPOS="861" VPOS="466" WIDTH="33" HEIGHT="34" CONTENT="it," WC="0.88" CC="030"/>
					</TextLine>
				</TextBlock>
				<TextBlock ID="P24_TB00006" HPOS="302" VPOS="530" WIDTH="529" HEIGHT="39" STYLEREFS="TXT_0 PAR_LEFT">
					<TextLine ID="P24_TL00007" HPOS="302" VPOS="530" WIDTH="529" HEIGHT="39">
						<String ID="P24_ST00028" HPOS="302" VPOS="530" WIDTH="72" HEIGHT="30" CONTENT="And" WC="0.85" CC="400"/>
						<SP ID="P24_SP00022" HPOS="374" VPOS="560" WIDTH="14"/>
						<String ID="P24_ST00029" HPOS="388" VPOS="530" WIDTH="89" HEIGHT="29" CONTENT="assist" WC="0.54" CC="278063"/>
						<SP ID="P24_SP00023" HPOS="477" VPOS="560" WIDTH="14"/>
						<String ID="P24_ST00030" HPOS="491" VPOS="530" WIDTH="39" HEIGHT="29" CONTENT="its" WC="0.77" CC="006"/>
						<SP ID="P24_SP00024" HPOS="530" VPOS="560" WIDTH="13"/>
						<String ID="P24_ST00031" HPOS="543" VPOS="531" WIDTH="68" HEIGHT="28" CONTENT="best" WC="0.54" CC="4580"/>
						<SP ID="P24_SP00025" HPOS="611" VPOS="560" WIDTH="15"/>
						<String ID="P24_ST00032" HPOS="626" VPOS="530" WIDTH="205" HEIGHT="39" CONTENT="Champions," WC="0.53" CC="5715260781"/>
					</TextLine>
				</TextBlock>
				<TextBlock ID="P24_TB00007" HPOS="547" VPOS="590" WIDTH="435" HEIGHT="32" STYLEREFS="TXT_0 PAR_RIGHT">
					<TextLine ID="P24_TL00008" HPOS="548" VPOS="590" WIDTH="434" HEIGHT="32">
						<String ID="P24_ST00033" HPOS="548" VPOS="592" WIDTH="71" HEIGHT="30" CONTENT="who" WC="0.86" CC="300"/>
						<SP ID="P24_SP00026" HPOS="619" VPOS="622" WIDTH="14"/>
						<String ID="P24_ST00034" HPOS="633" VPOS="593" WIDTH="76" HEIGHT="29" CONTENT="then" WC="0.68" CC="1604"/>
						<SP ID="P24_SP00027" HPOS="709" VPOS="622" WIDTH="12"/>
						<String ID="P24_ST00035" HPOS="721" VPOS="592" WIDTH="73" HEIGHT="30" CONTENT="dare" WC="0.65" CC="7050"/>
						<SP ID="P24_SP00028" HPOS="794" VPOS="622" WIDTH="13"/>
						<String ID="P24_ST00036" HPOS="807" VPOS="592" WIDTH="113" HEIGHT="30" CONTENT="invade" WC="0.76" CC="056010"/>
						<SP ID="P24_SP00029" HPOS="920" VPOS="622" WIDTH="18"/>
						<String ID="P24_ST00037" HPOS="938" VPOS="592" WIDTH="23" HEIGHT="28" CONTENT="it" WC="0.64" CC="07"/>
						<SP ID="P24_SP00030" HPOS="961" VPOS="622" WIDTH="12"/>
						<String ID="P24_ST00038" HPOS="973" VPOS="590" WIDTH="9" HEIGHT="30" CONTENT="?" WC="0.77" CC="2"/>
					</TextLine>
				</TextBlock>
				<TextBlock ID="P24_TB00008" HPOS="303" VPOS="652" WIDTH="663" HEIGHT="35" STYLEREFS="TXT_0 PAR_LEFT">
					<TextLine ID="P24_TL00009" HPOS="304" VPOS="653" WIDTH="662" HEIGHT="34">
						<String ID="P24_ST00039" HPOS="304" VPOS="653" WIDTH="68" HEIGHT="30" CONTENT="'Tis" WC="0.62" CC="7007"/>
						<SP ID="P24_SP00031" HPOS="372" VPOS="683" WIDTH="15"/>
						<String ID="P24_ST00040" HPOS="387" VPOS="653" WIDTH="53" HEIGHT="30" CONTENT="the" WC="1.00" CC="000"/>
						<SP ID="P24_SP00032" HPOS="440" VPOS="683" WIDTH="17"/>
						<String ID="P24_ST00041" HPOS="457" VPOS="654" WIDTH="127" HEIGHT="30" CONTENT="terrible" WC="0.71" CC="80760010"/>
						<SP ID="P24_SP00033" HPOS="584" VPOS="684" WIDTH="16"/>
						<String ID="P24_ST00042" HPOS="600" VPOS="654" WIDTH="135" HEIGHT="31" CONTENT="WORD" WC="0.48" CC="2655"/>
						<SP ID="P24_SP00034" HPOS="735" VPOS="685" WIDTH="25"/>
						<String ID="P24_ST00043" HPOS="760" VPOS="655" WIDTH="56" HEIGHT="29" CONTENT="OF" WC="0.59" CC="52"/>
						<SP ID="P24_SP00035" HPOS="816" VPOS="685" WIDTH="27"/>
						<String ID="P24_ST00044" HPOS="843" VPOS="653" WIDTH="123" HEIGHT="34" CONTENT="FEAR," WC="0.62" CC="40680"/>
					</TextLine>
				</TextBlock>
				<TextBlock ID="P24_TB00009" HPOS="545" VPOS="717" WIDTH="284" HEIGHT="39" STYLEREFS="TXT_0 PAR_CENTER">
					<TextLine ID="P24_TL00010" HPOS="545" VPOS="717" WIDTH="284" HEIGHT="39">
						<String ID="P24_ST00045" HPOS="545" VPOS="717" WIDTH="93" HEIGHT="39" CONTENT="night" WC="0.81" CC="01700"/>
						<SP ID="P24_SP00036" HPOS="638" VPOS="756" WIDTH="11"/>
						<String ID="P24_ST00046" HPOS="649" VPOS="717" WIDTH="62" HEIGHT="30" CONTENT="and" WC="0.54" CC="085"/>
						<SP ID="P24_SP00037" HPOS="711" VPOS="756" WIDTH="16"/>
						<String ID="P24_ST00047" HPOS="727" VPOS="726" WIDTH="102" HEIGHT="26" CONTENT="morn," WC="0.63" CC="51055"/>
					</TextLine>
				</TextBlock>
				<TextBlock ID="P24_TB00010" HPOS="303" VPOS="779" WIDTH="358" HEIGHT="40" STYLEREFS="TXT_0 PAR_LEFT">
					<TextLine ID="P24_TL00011" HPOS="303" VPOS="780" WIDTH="358" HEIGHT="39">
						<String ID="P24_ST00048" HPOS="303" VPOS="780" WIDTH="49" HEIGHT="28" CONTENT="To" WC="0.67" CC="06"/>
						<SP ID="P24_SP00038" HPOS="352" VPOS="808" WIDTH="13"/>
						<String ID="P24_ST00049" HPOS="365" VPOS="780" WIDTH="53" HEIGHT="30" CONTENT="the" WC="0.78" CC="006"/>
						<SP ID="P24_SP00039" HPOS="418" VPOS="810" WIDTH="18"/>
						<String ID="P24_ST00050" HPOS="436" VPOS="780" WIDTH="118" HEIGHT="39" CONTENT="Guilty" WC="0.74" CC="370012"/>
						<SP ID="P24_SP00040" HPOS="554" VPOS="819" WIDTH="18"/>
						<String ID="P24_ST00051" HPOS="572" VPOS="780" WIDTH="89" HEIGHT="36" CONTENT="Trio," WC="0.69" CC="35006"/>
					</TextLine>
				</TextBlock>
				<TextBlock ID="P24_TB00011" HPOS="552" VPOS="842" WIDTH="396" HEIGHT="32" STYLEREFS="TXT_0 PAR_RIGHT">
					<TextLine ID="P24_TL00012" HPOS="552" VPOS="842" WIDTH="396" HEIGHT="32">
						<String ID="P24_ST00052" HPOS="552" VPOS="843" WIDTH="40" HEIGHT="30" CONTENT="all" WC="0.66" CC="054"/>
						<SP ID="P24_SP00041" HPOS="592" VPOS="873" WIDTH="16"/>
						<String ID="P24_ST00053" HPOS="608" VPOS="843" WIDTH="125" HEIGHT="31" CONTENT="cover'd" WC="0.60" CC="4020756"/>
						<SP ID="P24_SP00042" HPOS="733" VPOS="874" WIDTH="16"/>
						<String ID="P24_ST00054" HPOS="749" VPOS="842" WIDTH="77" HEIGHT="30" CONTENT="with" WC="0.76" CC="7020"/>
						<SP ID="P24_SP00043" HPOS="826" VPOS="874" WIDTH="13"/>
						<String ID="P24_ST00055" HPOS="839" VPOS="852" WIDTH="89" HEIGHT="19" CONTENT="scorn" WC="0.56" CC="70328"/>
						<SP ID="P24_SP00044" HPOS="928" VPOS="874" WIDTH="15"/>
						<String ID="P24_ST00056" HPOS="943" VPOS="854" WIDTH="5" HEIGHT="20" CONTENT=";" WC="0.83" CC="1"/>
					</TextLine>
				</TextBlock>
				<TextBlock ID="P24_TB00012" HPOS="301" VPOS="906" WIDTH="351" HEIGHT="36" STYLEREFS="TXT_0 PAR_LEFT">
					<TextLine ID="P24_TL00013" HPOS="302" VPOS="907" WIDTH="350" HEIGHT="35">
						<String ID="P24_ST00057" HPOS="302" VPOS="907" WIDTH="93" HEIGHT="35" CONTENT="First," WC="0.79" CC="201700"/>
						<SP ID="P24_SP00045" HPOS="395" VPOS="942" WIDTH="17"/>
						<String ID="P24_ST00058" HPOS="412" VPOS="911" WIDTH="31" HEIGHT="25" CONTENT="to" WC="0.70" CC="23"/>
						<SP ID="P24_SP00046" HPOS="443" VPOS="942" WIDTH="15"/>
						<String ID="P24_ST00059" HPOS="458" VPOS="907" WIDTH="53" HEIGHT="29" CONTENT="the" WC="0.96" CC="100"/>
						<SP ID="P24_SP00047" HPOS="511" VPOS="942" WIDTH="13"/>
						<String ID="P24_ST00060" HPOS="524" VPOS="907" WIDTH="128" HEIGHT="35" CONTENT="Doctor," WC="0.67" CC="6403080"/>
					</TextLine>
				</TextBlock>
				<TextBlock ID="P24_TB00013" HPOS="551" VPOS="968" WIDTH="315" HEIGHT="33" STYLEREFS="TXT_0 PAR_CENTER">
					<TextLine ID="P24_TL00014" HPOS="551" VPOS="968" WIDTH="315" HEIGHT="33">
						<String ID="P24_ST00061" HPOS="551" VPOS="969" WIDTH="36" HEIGHT="29" CONTENT="of" WC="0.95" CC="10"/>
						<SP ID="P24_SP00048" HPOS="587" VPOS="998" WIDTH="19"/>
						<String ID="P24_ST00062" HPOS="606" VPOS="968" WIDTH="156" HEIGHT="31" CONTENT="Circular" WC="0.83" CC="60140000"/>
						<SP ID="P24_SP00049" HPOS="762" VPOS="999" WIDTH="14"/>
						<String ID="P24_ST00063" HPOS="776" VPOS="968" WIDTH="90" HEIGHT="33" CONTENT="fame," WC="0.74" CC="30063"/>
					</TextLine>
				</TextBlock>
				<TextBlock ID="P24_TB00014" HPOS="296" VPOS="1021" WIDTH="521" HEIGHT="60" STYLEREFS="TXT_0 PAR_LEFT">
					<Shape>
						<Polygon POINTS="300,1013 996,1013 996,1036 989,1047 957,1075 841,1076 300,1076"/>
					</Shape>
					<TextLine ID="P24_TL00015" HPOS="301" VPOS="1031" WIDTH="505" HEIGHT="40">
						<String ID="P24_ST00064" HPOS="301" VPOS="1032" WIDTH="28" HEIGHT="30" CONTENT="A" WC="0.33" CC="6"/>
						<SP ID="P24_SP00050" HPOS="329" VPOS="1062" WIDTH="13"/>
						<String ID="P24_ST00065" HPOS="342" VPOS="1031" WIDTH="159" HEIGHT="37" CONTENT="Driv'ller," WC="0.67" CC="7402603061"/>
						<SP ID="P24_SP00051" HPOS="501" VPOS="1068" WIDTH="12"/>
						<String ID="P24_ST00066" HPOS="513" VPOS="1041" WIDTH="18" HEIGHT="19" CONTENT="a" WC="1.00" CC="0"/>
						<SP ID="P24_SP00052" HPOS="531" VPOS="1068" WIDTH="16"/>
						<String ID="P24_ST00067" HPOS="547" VPOS="1032" WIDTH="104" HEIGHT="39" CONTENT="Bigot," WC="0.84" CC="006002"/>
						<SP ID="P24_SP00053" HPOS="651" VPOS="1071" WIDTH="13"/>
						<String ID="P24_ST00068" HPOS="664" VPOS="1042" WIDTH="18" HEIGHT="18" CONTENT="a" WC="0.34" CC="6"/>
						<SP ID="P24_SP00054" HPOS="682" VPOS="1071" WIDTH="16"/>
						<String ID="P24_ST00069" HPOS="698" VPOS="1031" WIDTH="108" HEIGHT="29" CONTENT="Knave" WC="0.52" CC="76360"/>
					</TextLine>
				</TextBlock>
				<TextBlock ID="P24_TB00015" HPOS="553" VPOS="1093" WIDTH="275" HEIGHT="27" STYLEREFS="TXT_0 PAR_CENTER">
					<TextLine ID="P24_TL00016" HPOS="553" VPOS="1093" WIDTH="275" HEIGHT="27">
						<String ID="P24_ST00070" HPOS="553" VPOS="1093" WIDTH="130" HEIGHT="27" CONTENT="without" WC="0.80" CC="7400000"/>
						<SP ID="P24_SP00055" HPOS="683" VPOS="1120" WIDTH="14"/>
						<String ID="P24_ST00071" HPOS="697" VPOS="1093" WIDTH="131" HEIGHT="27" CONTENT="shame.:1" WC="0.70" CC="70010708"/>
					</TextLine>
				</TextBlock>
				<TextBlock ID="P24_TB00016" HPOS="299" VPOS="1148" WIDTH="589" HEIGHT="50" STYLEREFS="TXT_0 PAR_LEFT">
					<TextLine ID="P24_TL00017" HPOS="301" VPOS="1156" WIDTH="587" HEIGHT="41">
						<String ID="P24_ST00072" HPOS="301" VPOS="1156" WIDTH="72" HEIGHT="31" CONTENT="And" WC="0.51" CC="652"/>
						<SP ID="P24_SP00056" HPOS="373" VPOS="1187" WIDTH="15"/>
						<String ID="P24_ST00073" HPOS="388" VPOS="1161" WIDTH="84" HEIGHT="31" CONTENT="next," WC="0.76" CC="80003"/>
						<SP ID="P24_SP00057" HPOS="472" VPOS="1192" WIDTH="19"/>
						<String ID="P24_ST00074" HPOS="491" VPOS="1157" WIDTH="102" HEIGHT="40" CONTENT="Derry" WC="0.73" CC="60303"/>
						<SP ID="P24_SP00058" HPOS="593" VPOS="1197" WIDTH="15"/>
						<String ID="P24_ST00075" HPOS="608" VPOS="1158" WIDTH="104" HEIGHT="30" CONTENT="Down" WC="0.52" CC="8118"/>
						<SP ID="P24_SP00059" HPOS="712" VPOS="1197" WIDTH="16"/>
						<String ID="P24_ST00076" HPOS="728" VPOS="1157" WIDTH="160" HEIGHT="38" CONTENT="Triang%p" WC="0.43" CC="07407788"/>
					</TextLine>
				</TextBlock>
				<TextBlock ID="P24_TB00017" HPOS="552" VPOS="1221" WIDTH="157" HEIGHT="37" STYLEREFS="TXT_0 PAR_LEFT">
					<TextLine ID="P24_TL00018" HPOS="553" VPOS="1222" WIDTH="156" HEIGHT="36">
						<String ID="P24_ST00077" HPOS="553" VPOS="1222" WIDTH="40" HEIGHT="36" CONTENT="by" WC="0.61" CC="70"/>
						<SP ID="P24_SP00060" HPOS="593" VPOS="1258" WIDTH="15"/>
						<String ID="P24_ST00078" HPOS="608" VPOS="1231" WIDTH="101" HEIGHT="24" CONTENT="name," WC="0.74" CC="60050"/>
					</TextLine>
				</TextBlock>
				<TextBlock ID="P24_TB00018" HPOS="300" VPOS="1281" WIDTH="495" HEIGHT="36" STYLEREFS="TXT_0 PAR_LEFT">
					<TextLine ID="P24_TL00019" HPOS="301" VPOS="1281" WIDTH="494" HEIGHT="36">
						<String ID="P24_ST00079" HPOS="301" VPOS="1282" WIDTH="95" HEIGHT="31" CONTENT="From" WC="0.64" CC="3082"/>
						<SP ID="P24_SP00061" HPOS="396" VPOS="1313" WIDTH="15"/>
						<String ID="P24_ST00080" HPOS="411" VPOS="1281" WIDTH="53" HEIGHT="31" CONTENT="the" WC="1.00" CC="000"/>
						<SP ID="P24_SP00062" HPOS="464" VPOS="1313" WIDTH="15"/>
						<String ID="P24_ST00081" HPOS="479" VPOS="1282" WIDTH="88" HEIGHT="30" CONTENT="Land" WC="0.53" CC="2176"/>
						<SP ID="P24_SP00063" HPOS="567" VPOS="1313" WIDTH="16"/>
						<String ID="P24_ST00082" HPOS="583" VPOS="1283" WIDTH="35" HEIGHT="29" CONTENT="of" WC="1.00" CC="00"/>
						<SP ID="P24_SP00064" HPOS="618" VPOS="1313" WIDTH="19"/>
						<String ID="P24_ST00083" HPOS="637" VPOS="1282" WIDTH="158" HEIGHT="35" CONTENT="Mis-rule," WC="0.58" CC="008475830"/>
					</TextLine>
				</TextBlock>
				<TextBlock ID="P24_TB00019" HPOS="555" VPOS="1347" WIDTH="532" HEIGHT="38" STYLEREFS="TXT_0 PAR_RIGHT">
					<TextLine ID="P24_TL00020" HPOS="555" VPOS="1347" WIDTH="532" HEIGHT="37">
						<String ID="P24_ST00084" HPOS="555" VPOS="1348" WIDTH="58" HEIGHT="28" CONTENT="and" WC="0.67" CC="063"/>
						<SP ID="P24_SP00065" HPOS="613" VPOS="1376" WIDTH="15"/>
						<String ID="P24_ST00085" HPOS="628" VPOS="1347" WIDTH="243" HEIGHT="37" CONTENT="Half-hanging," WC="0.59" CC="7245600071880"/>
						<SP ID="P24_SP00066" HPOS="871" VPOS="1384" WIDTH="14"/>
						<String ID="P24_ST00086" HPOS="885" VPOS="1347" WIDTH="62" HEIGHT="28" CONTENT="and" WC="0.55" CC="085"/>
						<SP ID="P24_SP00067" HPOS="947" VPOS="1384" WIDTH="19"/>
						<String ID="P24_ST00087" HPOS="966" VPOS="1347" WIDTH="105" HEIGHT="28" CONTENT="Flame" WC="0.53" CC="06088"/>
						<SP ID="P24_SP00068" HPOS="1071" VPOS="1384" WIDTH="12"/>
						<String ID="P24_ST00088" HPOS="1083" VPOS="1358" WIDTH="4" HEIGHT="17" CONTENT=":" WC="0.68" CC="3"/>
					</TextLine>
				</TextBlock>
				<TextBlock ID="P24_TB00020" HPOS="303" VPOS="1408" WIDTH="597" HEIGHT="38" STYLEREFS="TXT_0 PAR_LEFT">
					<TextLine ID="P24_TL00021" HPOS="303" VPOS="1408" WIDTH="597" HEIGHT="38">
						<String ID="P24_ST00089" HPOS="303" VPOS="1410" WIDTH="71" HEIGHT="29" CONTENT="And" WC="0.60" CC="650"/>
						<SP ID="P24_SP00069" HPOS="374" VPOS="1439" WIDTH="14"/>
						<String ID="P24_ST00090" HPOS="388" VPOS="1410" WIDTH="86" HEIGHT="36" CONTENT="then," WC="0.78" CC="00073"/>
						<SP ID="P24_SP00070" HPOS="474" VPOS="1446" WIDTH="12"/>
						<String ID="P24_ST00091" HPOS="486" VPOS="1414" WIDTH="32" HEIGHT="25" CONTENT="to" WC="0.84" CC="02"/>
						<SP ID="P24_SP00071" HPOS="518" VPOS="1446" WIDTH="15"/>
						<String ID="P24_ST00092" HPOS="533" VPOS="1410" WIDTH="52" HEIGHT="29" CONTENT="the" WC="0.86" CC="040"/>
						<SP ID="P24_SP00072" HPOS="585" VPOS="1446" WIDTH="16"/>
						<String ID="P24_ST00093" HPOS="601" VPOS="1410" WIDTH="136" HEIGHT="36" CONTENT="Spouter" WC="0.69" CC="2007307"/>
						<SP ID="P24_SP00073" HPOS="737" VPOS="1446" WIDTH="13"/>
						<String ID="P24_ST00094" HPOS="750" VPOS="1408" WIDTH="35" HEIGHT="29" CONTENT="of" WC="1.00" CC="00"/>
						<SP ID="P24_SP00074" HPOS="785" VPOS="1446" WIDTH="19"/>
						<String ID="P24_ST00095" HPOS="804" VPOS="1408" WIDTH="96" HEIGHT="29" CONTENT="Froth" WC="0.73" CC="37003"/>
					</TextLine>
				</TextBlock>
				<TextBlock ID="P24_TB00021" HPOS="552" VPOS="1470" WIDTH="215" HEIGHT="39" STYLEREFS="TXT_0 PAR_CENTER">
					<TextLine ID="P24_TL00022" HPOS="554" VPOS="1470" WIDTH="213" HEIGHT="39">
						<String ID="P24_ST00096" HPOS="554" VPOS="1472" WIDTH="40" HEIGHT="37" CONTENT="by" WC="0.68" CC="06"/>
						<SP ID="P24_SP00075" HPOS="594" VPOS="1509" WIDTH="15"/>
						<String ID="P24_ST00097" HPOS="609" VPOS="1470" WIDTH="52" HEIGHT="31" CONTENT="the" WC="0.65" CC="640"/>
						<SP ID="P24_SP00076" HPOS="661" VPOS="1509" WIDTH="16"/>
						<String ID="P24_ST00098" HPOS="677" VPOS="1470" WIDTH="90" HEIGHT="37" CONTENT="hour," WC="0.52" CC="70753"/>
					</TextLine>
				</TextBlock>
				<TextBlock ID="P24_TB00022" HPOS="301" VPOS="1533" WIDTH="431" HEIGHT="40" STYLEREFS="TXT_0 PAR_LEFT">
					<TextLine ID="P24_TL00023" HPOS="302" VPOS="1533" WIDTH="430" HEIGHT="40">
						<String ID="P24_ST00099" HPOS="302" VPOS="1534" WIDTH="68" HEIGHT="30" CONTENT="The" WC="0.84" CC="301"/>
						<SP ID="P24_SP00077" HPOS="370" VPOS="1564" WIDTH="16"/>
						<String ID="P24_ST00100" HPOS="386" VPOS="1534" WIDTH="162" HEIGHT="30" CONTENT="worthless" WC="0.69" CC="401402076"/>
						<SP ID="P24_SP00078" HPOS="548" VPOS="1564" WIDTH="13"/>
						<String ID="P24_ST00101" HPOS="561" VPOS="1533" WIDTH="171" HEIGHT="40" CONTENT="Colleague" WC="0.57" CC="727210880"/>
					</TextLine>
				</TextBlock>
				<TextBlock ID="P24_TB00023" HPOS="302" VPOS="1595" WIDTH="704" HEIGHT="99" STYLEREFS="TXT_0 PAR_LEFT">
					<TextLine ID="P24_TL00024" HPOS="553" VPOS="1596" WIDTH="453" HEIGHT="41">
						<String ID="P24_ST00102" HPOS="553" VPOS="1596" WIDTH="36" HEIGHT="29" CONTENT="of" WC="0.80" CC="30"/>
						<SP ID="P24_SP00079" HPOS="589" VPOS="1625" WIDTH="24"/>
						<String ID="P24_ST00103" HPOS="613" VPOS="1596" WIDTH="81" HEIGHT="29" CONTENT="their" WC="0.97" CC="00001"/>
						<SP ID="P24_SP00080" HPOS="694" VPOS="1625" WIDTH="17"/>
						<String ID="P24_ST00104" HPOS="711" VPOS="1597" WIDTH="154" HEIGHT="29" CONTENT="infamous" WC="0.71" CC="14010708"/>
						<SP ID="P24_SP00081" HPOS="865" VPOS="1626" WIDTH="17"/>
						<String ID="P24_ST00105" HPOS="882" VPOS="1608" WIDTH="107" HEIGHT="29" CONTENT="power" WC="0.68" CC="01805"/>
						<SP ID="P24_SP00082" HPOS="989" VPOS="1637" WIDTH="12"/>
						<String ID="P24_ST00106" HPOS="1001" VPOS="1612" WIDTH="5" HEIGHT="22" CONTENT=";" WC="0.40" CC="5"/>
					</TextLine>
					<TextLine ID="P24_TL00025" HPOS="302" VPOS="1657" WIDTH="546" HEIGHT="37">
						<String ID="P24_ST00107" HPOS="302" VPOS="1658" WIDTH="83" HEIGHT="29" CONTENT="Who" WC="0.80" CC="500"/>
						<SP ID="P24_SP00083" HPOS="385" VPOS="1687" WIDTH="15"/>
						<String ID="P24_ST00108" HPOS="400" VPOS="1657" WIDTH="120" HEIGHT="30" CONTENT="dubb'd" WC="0.74" CC="600260"/>
						<SP ID="P24_SP00084" HPOS="520" VPOS="1687" WIDTH="16"/>
						<String ID="P24_ST00109" HPOS="536" VPOS="1658" WIDTH="65" HEIGHT="30" CONTENT="him" WC="0.76" CC="007"/>
						<SP ID="P24_SP00085" HPOS="601" VPOS="1688" WIDTH="16"/>
						<String ID="P24_ST00110" HPOS="617" VPOS="1663" WIDTH="6" HEIGHT="11" CONTENT="'" WC="0.46" CC="5"/>
						<SP ID="P24_SP00086" HPOS="623" VPOS="1688" WIDTH="17"/>
						<String ID="P24_ST00111" HPOS="640" VPOS="1658" WIDTH="53" HEIGHT="29" CONTENT="the" WC="0.92" CC="010"/>
						<SP ID="P24_SP00087" HPOS="693" VPOS="1688" WIDTH="15"/>
						<String ID="P24_ST00112" HPOS="708" VPOS="1658" WIDTH="140" HEIGHT="36" CONTENT="Doctor'," WC="0.63" CC="58200372"/>
					</TextLine>
				</TextBlock>
				<TextBlock ID="P24_TB00024" HPOS="552" VPOS="1719" WIDTH="523" HEIGHT="42" STYLEREFS="TXT_0 PAR_RIGHT">
					<TextLine ID="P24_TL00026" HPOS="553" VPOS="1719" WIDTH="522" HEIGHT="42">
						<String ID="P24_ST00113" HPOS="553" VPOS="1719" WIDTH="103" HEIGHT="31" CONTENT="whom" WC="0.58" CC="7232"/>
						<SP ID="P24_SP00088" HPOS="656" VPOS="1750" WIDTH="16"/>
						<String ID="P24_ST00114" HPOS="672" VPOS="1730" WIDTH="69" HEIGHT="20" CONTENT="now" WC="0.24" CC="868"/>
						<SP ID="P24_SP00089" HPOS="741" VPOS="1750" WIDTH="14"/>
						<String ID="P24_ST00115" HPOS="755" VPOS="1721" WIDTH="40" HEIGHT="30" CONTENT="he" WC="0.77" CC="40"/>
						<SP ID="P24_SP00090" HPOS="795" VPOS="1751" WIDTH="15"/>
						<String ID="P24_ST00116" HPOS="810" VPOS="1723" WIDTH="75" HEIGHT="30" CONTENT="calls" WC="0.60" CC="60057"/>
						<SP ID="P24_SP00091" HPOS="885" VPOS="1753" WIDTH="17"/>
						<String ID="P24_ST00117" HPOS="902" VPOS="1729" WIDTH="7" HEIGHT="12" CONTENT="'" WC="0.63" CC="3"/>
						<SP ID="P24_SP00092" HPOS="909" VPOS="1753" WIDTH="18"/>
						<String ID="P24_ST00118" HPOS="927" VPOS="1724" WIDTH="148" HEIGHT="37" CONTENT="brother'," WC="0.59" CC="883010860"/>
					</TextLine>
				</TextBlock>
				<TextBlock ID="P24_TB00025" HPOS="303" VPOS="1778" WIDTH="414" HEIGHT="42" STYLEREFS="TXT_0 PAR_LEFT">
					<TextLine ID="P24_TL00027" HPOS="304" VPOS="1779" WIDTH="413" HEIGHT="41">
						<String ID="P24_ST00119" HPOS="304" VPOS="1779" WIDTH="82" HEIGHT="38" CONTENT="And," WC="0.58" CC="7044"/>
						<SP ID="P24_SP00093" HPOS="386" VPOS="1817" WIDTH="16"/>
						<String ID="P24_ST00120" HPOS="402" VPOS="1785" WIDTH="32" HEIGHT="26" CONTENT="to" WC="0.99" CC="00"/>
						<SP ID="P24_SP00094" HPOS="434" VPOS="1817" WIDTH="15"/>
						<String ID="P24_ST00121" HPOS="449" VPOS="1785" WIDTH="52" HEIGHT="35" CONTENT="get" WC="0.69" CC="800"/>
						<SP ID="P24_SP00095" HPOS="501" VPOS="1820" WIDTH="11"/>
						<String ID="P24_ST00122" HPOS="512" VPOS="1785" WIDTH="30" HEIGHT="25" CONTENT="at" WC="0.88" CC="20"/>
						<SP ID="P24_SP00096" HPOS="542" VPOS="1820" WIDTH="11"/>
						<String ID="P24_ST00123" HPOS="553" VPOS="1781" WIDTH="48" HEIGHT="30" CONTENT="his" WC="0.74" CC="007"/>
						<SP ID="P24_SP00097" HPOS="601" VPOS="1820" WIDTH="16"/>
						<String ID="P24_ST00124" HPOS="617" VPOS="1781" WIDTH="100" HEIGHT="37" CONTENT="Place," WC="0.84" CC="500021"/>
					</TextLine>
				</TextBlock>
				<TextBlock ID="P24_TB00026" HPOS="556" VPOS="1844" WIDTH="420" HEIGHT="40" STYLEREFS="TXT_0 PAR_RIGHT">
					<TextLine ID="P24_TL00028" HPOS="556" VPOS="1845" WIDTH="420" HEIGHT="39">
						<String ID="P24_ST00125" HPOS="556" VPOS="1845" WIDTH="74" HEIGHT="29" CONTENT="took" WC="0.76" CC="0440"/>
						<SP ID="P24_SP00098" HPOS="630" VPOS="1874" WIDTH="15"/>
						<String ID="P24_ST00126" HPOS="645" VPOS="1856" WIDTH="18" HEIGHT="19" CONTENT="a" WC="1.00" CC="0"/>
						<SP ID="P24_SP00099" HPOS="663" VPOS="1875" WIDTH="14"/>
						<String ID="P24_ST00127" HPOS="677" VPOS="1845" WIDTH="70" HEIGHT="30" CONTENT="shot" WC="0.20" CC="8778"/>
						<SP ID="P24_SP00100" HPOS="747" VPOS="1875" WIDTH="13"/>
						<String ID="P24_ST00128" HPOS="760" VPOS="1850" WIDTH="29" HEIGHT="25" CONTENT="at" WC="0.77" CC="04"/>
						<SP ID="P24_SP00101" HPOS="789" VPOS="1875" WIDTH="17"/>
						<String ID="P24_ST00129" HPOS="806" VPOS="1846" WIDTH="56" HEIGHT="31" CONTENT="the" WC="0.39" CC="277"/>
						<SP ID="P24_SP00102" HPOS="862" VPOS="1877" WIDTH="9"/>
						<String ID="P24_ST00130" HPOS="871" VPOS="1848" WIDTH="105" HEIGHT="36" CONTENT="other;" WC="0.55" CC="077370"/>
					</TextLine>
				</TextBlock>
			</PrintSpace>
		</Page>
	</Layout>
</alto>
