<?xml version="1.0" encoding="UTF-8"?>
<alto xmlns:xsi="http://www.w3.org/2001/XMLSchema-instance" xsi:noNamespaceSchemaLocation="http://www.bl.uk/schemas/alto/alto-1-4.xsd" xmlns:xlink="http://www.w3.org/1999/xlink">
	<Description>
		<MeasurementUnit>mm10</MeasurementUnit>
		<sourceImageInformation>
			<fileName>//head1/IN/2007-34/A0010556622/004775.jp2</fileName>
		</sourceImageInformation>
		<OCRProcessing ID="OCRPROCESSING_1">
			<preProcessingStep>
				<processingSoftware>
					<softwareCreator>CCS Content Conversion Specialists GmbH, Germany</softwareCreator>
					<softwareName>CCS docWORKS</softwareName>
					<softwareVersion>6.1-0.54</softwareVersion>
				</processingSoftware>
			</preProcessingStep>
			<ocrProcessingStep>
				<processingSoftware>
					<softwareCreator>ABBYY (BIT Software), Russia</softwareCreator>
					<softwareName>Finereader</softwareName>
				</processingSoftware>
			</ocrProcessingStep>
		</OCRProcessing>
	</Description>
	<Styles>
		<TextStyle ID="TXT_0" FONTSIZE="9" FONTFAMILY="Courier New"/>
		<TextStyle ID="TXT_1" FONTSIZE="10" FONTFAMILY="Courier New"/>
		<ParagraphStyle ID="PAR_LEFT" ALIGN="Left"/>
		<ParagraphStyle ID="PAR_CENTER" ALIGN="Center"/>
		<ParagraphStyle ID="PAR_RIGHT" ALIGN="Right"/>
	</Styles>
	<Layout>
		<Page ID="P15" PHYSICAL_IMG_NR="15" HEIGHT="1999" WIDTH="1190" POSITION="Right" ACCURACY="68.01">
			<TopMargin ID="P15_TM00001" HPOS="0" VPOS="0" WIDTH="1190" HEIGHT="152"/>
			<LeftMargin ID="P15_LM00001" HPOS="0" VPOS="152" WIDTH="55" HEIGHT="1703"/>
			<RightMargin ID="P15_RM00001" HPOS="1033" VPOS="152" WIDTH="157" HEIGHT="1703"/>
			<BottomMargin ID="P15_BM00001" HPOS="0" VPOS="1855" WIDTH="1190" HEIGHT="144"/>
			<PrintSpace ID="P15_PS00001" HPOS="55" VPOS="152" WIDTH="978" HEIGHT="1703">
				<TextBlock ID="P15_TB00001" HPOS="260" VPOS="994" WIDTH="310" HEIGHT="22" STYLEREFS="TXT_0 PAR_LEFT">
					<TextLine ID="P15_TL00001" HPOS="260" VPOS="995" WIDTH="255" HEIGHT="21">
						<String ID="P15_ST00001" HPOS="260" VPOS="999" WIDTH="17" HEIGHT="10" CONTENT='"' WC="0.53" CC="4"/>
						<SP ID="P15_SP00001" HPOS="277" VPOS="1009" WIDTH="9"/>
						<String ID="P15_ST00002" HPOS="286" VPOS="998" WIDTH="95" HEIGHT="18" CONTENT="Ruffians" WC="0.86" CC="20000007"/>
						<SP ID="P15_SP00002" HPOS="381" VPOS="1016" WIDTH="10"/>
						<String ID="P15_ST00003" HPOS="391" VPOS="1003" WIDTH="35" HEIGHT="13" CONTENT="are" WC="0.76" CC="032"/>
						<SP ID="P15_SP00003" HPOS="426" VPOS="1016" WIDTH="11"/>
						<String ID="P15_ST00004" HPOS="437" VPOS="995" WIDTH="78" HEIGHT="21" CONTENT="abroad" WC="0.38" CC="875168"/>
						<SP ID="P15_SP00004" HPOS="515" VPOS="1016" WIDTH="0"/>
					</TextLine>
				</TextBlock>
				<TextBlock ID="P15_TB00002" HPOS="261" VPOS="1070" WIDTH="329" HEIGHT="20" STYLEREFS="TXT_0 PAR_LEFT">
					<TextLine ID="P15_TL00002" HPOS="261" VPOS="1071" WIDTH="329" HEIGHT="19">
						<String ID="P15_ST00005" HPOS="261" VPOS="1072" WIDTH="119" HEIGHT="18" CONTENT="Leviathan" WC="0.35" CC="686566386"/>
						<SP ID="P15_SP00005" HPOS="380" VPOS="1090" WIDTH="12"/>
						<String ID="P15_ST00006" HPOS="392" VPOS="1072" WIDTH="17" HEIGHT="18" CONTENT="is" WC="0.68" CC="50"/>
						<SP ID="P15_SP00006" HPOS="409" VPOS="1090" WIDTH="11"/>
						<String ID="P15_ST00007" HPOS="420" VPOS="1075" WIDTH="36" HEIGHT="15" CONTENT="not" WC="0.32" CC="487"/>
						<SP ID="P15_SP00007" HPOS="456" VPOS="1090" WIDTH="10"/>
						<String ID="P15_ST00008" HPOS="466" VPOS="1078" WIDTH="21" HEIGHT="12" CONTENT="so" WC="0.44" CC="73"/>
						<SP ID="P15_SP00008" HPOS="487" VPOS="1090" WIDTH="10"/>
						<String ID="P15_ST00009" HPOS="497" VPOS="1071" WIDTH="93" HEIGHT="19" CONTENT='tamed."' WC="0.45" CC="5648704"/>
					</TextLine>
				</TextBlock>
				<TextBlock ID="P15_TB00003" HPOS="487" VPOS="1149" WIDTH="144" HEIGHT="16" STYLEREFS="TXT_0 PAR_CENTER">
					<TextLine ID="P15_TL00003" HPOS="487" VPOS="1150" WIDTH="144" HEIGHT="15">
						<String ID="P15_ST00010" HPOS="487" VPOS="1151" WIDTH="82" HEIGHT="14" CONTENT="THESE" WC="0.30" CC="56687"/>
						<SP ID="P15_SP00009" HPOS="569" VPOS="1165" WIDTH="13"/>
						<String ID="P15_ST00011" HPOS="582" VPOS="1150" WIDTH="49" HEIGHT="15" CONTENT="ARE" WC="0.41" CC="655"/>
					</TextLine>
				</TextBlock>
				<TextBlock ID="P15_TB00004" HPOS="136" VPOS="1190" WIDTH="830" HEIGHT="99" STYLEREFS="TXT_1 PAR_LEFT">
					<TextLine ID="P15_TL00004" HPOS="136" VPOS="1191" WIDTH="830" HEIGHT="38">
						<String ID="P15_ST00012" HPOS="136" VPOS="1198" WIDTH="91" HEIGHT="31" CONTENT="THE" WC="0.72" CC="340"/>
						<SP ID="P15_SP00010" HPOS="227" VPOS="1229" WIDTH="24"/>
						<String ID="P15_ST00013" HPOS="251" VPOS="1197" WIDTH="236" HEIGHT="32" CONTENT="REASOxWS" WC="0.49" CC="26133885"/>
						<SP ID="P15_SP00011" HPOS="487" VPOS="1229" WIDTH="22"/>
						<String ID="P15_ST00014" HPOS="509" VPOS="1196" WIDTH="55" HEIGHT="30" CONTENT="OF" WC="0.29" CC="76"/>
						<SP ID="P15_SP00012" HPOS="564" VPOS="1229" WIDTH="24"/>
						<String ID="P15_ST00015" HPOS="588" VPOS="1193" WIDTH="198" HEIGHT="32" CONTENT="LAWLESS" WC="0.64" CC="0815430"/>
						<SP ID="P15_SP00013" HPOS="786" VPOS="1229" WIDTH="24"/>
						<String ID="P15_ST00016" HPOS="810" VPOS="1191" WIDTH="156" HEIGHT="30" CONTENT="POWER" WC="0.69" CC="06404"/>
					</TextLine>
					<TextLine ID="P15_TL00005" HPOS="211" VPOS="1257" WIDTH="554" HEIGHT="32">
						<String ID="P15_ST00017" HPOS="211" VPOS="1261" WIDTH="85" HEIGHT="28" CONTENT="That" WC="0.95" CC="0002"/>
						<SP ID="P15_SP00014" HPOS="296" VPOS="1289" WIDTH="14"/>
						<String ID="P15_ST00018" HPOS="310" VPOS="1261" WIDTH="79" HEIGHT="28" CONTENT="back" WC="0.84" CC="0060"/>
						<SP ID="P15_SP00015" HPOS="389" VPOS="1289" WIDTH="18"/>
						<String ID="P15_ST00019" HPOS="407" VPOS="1260" WIDTH="52" HEIGHT="29" CONTENT="the" WC="0.96" CC="010"/>
						<SP ID="P15_SP00016" HPOS="459" VPOS="1289" WIDTH="16"/>
						<String ID="P15_ST00020" HPOS="475" VPOS="1259" WIDTH="112" HEIGHT="29" CONTENT="Public" WC="0.79" CC="081020"/>
						<SP ID="P15_SP00017" HPOS="587" VPOS="1289" WIDTH="17"/>
						<String ID="P15_ST00021" HPOS="604" VPOS="1257" WIDTH="161" HEIGHT="32" CONTENT="Informer," WC="0.59" CC="581208073"/>
					</TextLine>
				</TextBlock>
				<TextBlock ID="P15_TB00005" HPOS="460" VPOS="1320" WIDTH="70" HEIGHT="29" STYLEREFS="TXT_1 PAR_LEFT">
					<TextLine ID="P15_TL00006" HPOS="460" VPOS="1322" WIDTH="70" HEIGHT="27">
						<String ID="P15_ST00022" HPOS="460" VPOS="1322" WIDTH="70" HEIGHT="27" CONTENT="who" WC="0.59" CC="704"/>
					</TextLine>
				</TextBlock>
				<TextBlock ID="P15_TB00006" HPOS="210" VPOS="1381" WIDTH="498" HEIGHT="43" STYLEREFS="TXT_1 PAR_LEFT">
					<TextLine ID="P15_TL00007" HPOS="210" VPOS="1383" WIDTH="498" HEIGHT="41">
						<String ID="P15_ST00023" HPOS="210" VPOS="1387" WIDTH="118" HEIGHT="30" CONTENT="Would" WC="0.61" CC="70380"/>
						<SP ID="P15_SP00018" HPOS="328" VPOS="1417" WIDTH="17"/>
						<String ID="P15_ST00024" HPOS="345" VPOS="1390" WIDTH="55" HEIGHT="34" CONTENT="put" WC="0.93" CC="200"/>
						<SP ID="P15_SP00019" HPOS="400" VPOS="1424" WIDTH="15"/>
						<String ID="P15_ST00025" HPOS="415" VPOS="1385" WIDTH="92" HEIGHT="29" CONTENT="down" WC="0.52" CC="4077"/>
						<SP ID="P15_SP00020" HPOS="507" VPOS="1424" WIDTH="15"/>
						<String ID="P15_ST00026" HPOS="522" VPOS="1385" WIDTH="52" HEIGHT="29" CONTENT="the" WC="0.87" CC="030"/>
						<SP ID="P15_SP00021" HPOS="574" VPOS="1424" WIDTH="17"/>
						<String ID="P15_ST00027" HPOS="591" VPOS="1383" WIDTH="117" HEIGHT="39" CONTENT="Thing," WC="0.77" CC="200316"/>
					</TextLine>
				</TextBlock>
				<TextBlock ID="P15_TB00007" HPOS="215" VPOS="1438" WIDTH="695" HEIGHT="111" STYLEREFS="TXT_1 PAR_LEFT">
					<TextLine ID="P15_TL00008" HPOS="465" VPOS="1439" WIDTH="445" HEIGHT="45">
						<String ID="P15_ST00028" HPOS="465" VPOS="1446" WIDTH="76" HEIGHT="34" CONTENT="that," WC="0.85" CC="07000"/>
						<SP ID="P15_SP00022" HPOS="541" VPOS="1480" WIDTH="16"/>
						<String ID="P15_ST00029" HPOS="557" VPOS="1445" WIDTH="31" HEIGHT="29" CONTENT="in" WC="0.54" CC="35"/>
						<SP ID="P15_SP00023" HPOS="588" VPOS="1480" WIDTH="15"/>
						<String ID="P15_ST00030" HPOS="603" VPOS="1443" WIDTH="80" HEIGHT="41" CONTENT="spite" WC="0.86" CC="60000"/>
						<SP ID="P15_SP00024" HPOS="683" VPOS="1484" WIDTH="14"/>
						<String ID="P15_ST00031" HPOS="697" VPOS="1442" WIDTH="35" HEIGHT="29" CONTENT="of" WC="0.94" CC="10"/>
						<SP ID="P15_SP00025" HPOS="732" VPOS="1484" WIDTH="11"/>
						<String ID="P15_ST00032" HPOS="743" VPOS="1451" WIDTH="68" HEIGHT="19" CONTENT="new" WC="0.53" CC="607"/>
						<SP ID="P15_SP00026" HPOS="811" VPOS="1484" WIDTH="15"/>
						<String ID="P15_ST00033" HPOS="826" VPOS="1439" WIDTH="84" HEIGHT="35" CONTENT="Acts," WC="0.63" CC="40463"/>
					</TextLine>
					<TextLine ID="P15_TL00009" HPOS="216" VPOS="1505" WIDTH="473" HEIGHT="44">
						<String ID="P15_ST00034" HPOS="216" VPOS="1513" WIDTH="72" HEIGHT="30" CONTENT="And" WC="0.71" CC="403"/>
						<SP ID="P15_SP00027" HPOS="288" VPOS="1543" WIDTH="16"/>
						<String ID="P15_ST00035" HPOS="304" VPOS="1515" WIDTH="147" HEIGHT="34" CONTENT="attempts" WC="0.52" CC="60778035"/>
						<SP ID="P15_SP00028" HPOS="451" VPOS="1549" WIDTH="16"/>
						<String ID="P15_ST00036" HPOS="467" VPOS="1514" WIDTH="30" HEIGHT="24" CONTENT="to" WC="0.59" CC="08"/>
						<SP ID="P15_SP00029" HPOS="497" VPOS="1549" WIDTH="12"/>
						<String ID="P15_ST00037" HPOS="509" VPOS="1507" WIDTH="131" HEIGHT="31" CONTENT="restrain" WC="0.66" CC="71800206"/>
						<SP ID="P15_SP00030" HPOS="640" VPOS="1549" WIDTH="16"/>
						<String ID="P15_ST00038" HPOS="656" VPOS="1505" WIDTH="33" HEIGHT="36" CONTENT="it," WC="0.83" CC="301"/>
					</TextLine>
				</TextBlock>
				<TextBlock ID="P15_TB00008" HPOS="462" VPOS="1565" WIDTH="335" HEIGHT="45" STYLEREFS="TXT_1 PAR_RIGHT">
					<TextLine ID="P15_TL00010" HPOS="462" VPOS="1566" WIDTH="335" HEIGHT="44">
						<String ID="P15_ST00039" HPOS="462" VPOS="1572" WIDTH="39" HEIGHT="38" CONTENT="by" WC="0.58" CC="08"/>
						<SP ID="P15_SP00031" HPOS="501" VPOS="1610" WIDTH="18"/>
						<String ID="P15_ST00040" HPOS="519" VPOS="1570" WIDTH="137" HEIGHT="30" CONTENT="Soldiers" WC="0.66" CC="71700080"/>
						<SP ID="P15_SP00032" HPOS="656" VPOS="1610" WIDTH="14"/>
						<String ID="P15_ST00041" HPOS="670" VPOS="1577" WIDTH="35" HEIGHT="19" CONTENT="or" WC="0.83" CC="30"/>
						<SP ID="P15_SP00033" HPOS="705" VPOS="1610" WIDTH="13"/>
						<String ID="P15_ST00042" HPOS="718" VPOS="1566" WIDTH="79" HEIGHT="34" CONTENT="Tax," WC="0.79" CC="2023"/>
					</TextLine>
				</TextBlock>
				<TextBlock ID="P15_TB00009" HPOS="214" VPOS="1632" WIDTH="448" HEIGHT="223" STYLEREFS="TXT_1 PAR_LEFT">
					<TextLine ID="P15_TL00011" HPOS="216" VPOS="1633" WIDTH="423" HEIGHT="46">
						<String ID="P15_ST00043" HPOS="216" VPOS="1639" WIDTH="74" HEIGHT="29" CONTENT="Will" WC="0.52" CC="6155"/>
						<SP ID="P15_SP00034" HPOS="290" VPOS="1668" WIDTH="13"/>
						<String ID="P15_ST00044" HPOS="303" VPOS="1638" WIDTH="117" HEIGHT="41" CONTENT="poison" WC="0.99" CC="000000"/>
						<SP ID="P15_SP00035" HPOS="420" VPOS="1679" WIDTH="14"/>
						<String ID="P15_ST00045" HPOS="434" VPOS="1634" WIDTH="52" HEIGHT="30" CONTENT="the" WC="1.00" CC="000"/>
						<SP ID="P15_SP00036" HPOS="486" VPOS="1679" WIDTH="15"/>
						<String ID="P15_ST00046" HPOS="501" VPOS="1633" WIDTH="138" HEIGHT="34" CONTENT="Vermin," WC="0.41" CC="6686371"/>
					</TextLine>
					<TextLine ID="P15_TL00012" HPOS="215" VPOS="1694" WIDTH="447" HEIGHT="46">
						<String ID="P15_ST00047" HPOS="215" VPOS="1701" WIDTH="83" HEIGHT="30" CONTENT="That" WC="1.00" CC="0000"/>
						<SP ID="P15_SP00037" HPOS="298" VPOS="1731" WIDTH="14"/>
						<String ID="P15_ST00048" HPOS="312" VPOS="1698" WIDTH="136" HEIGHT="42" CONTENT="plunder" WC="0.65" CC="0236505"/>
						<SP ID="P15_SP00038" HPOS="448" VPOS="1740" WIDTH="15"/>
						<String ID="P15_ST00049" HPOS="463" VPOS="1696" WIDTH="52" HEIGHT="30" CONTENT="the" WC="0.90" CC="110"/>
						<SP ID="P15_SP00039" HPOS="515" VPOS="1740" WIDTH="15"/>
						<String ID="P15_ST00050" HPOS="530" VPOS="1694" WIDTH="132" HEIGHT="34" CONTENT="Wealth," WC="0.67" CC="4308070"/>
					</TextLine>
					<TextLine ID="P15_TL00013" HPOS="214" VPOS="1758" WIDTH="394" HEIGHT="44">
						<String ID="P15_ST00051" HPOS="214" VPOS="1764" WIDTH="85" HEIGHT="30" CONTENT="That" WC="1.00" CC="0000"/>
						<SP ID="P15_SP00040" HPOS="299" VPOS="1794" WIDTH="11"/>
						<String ID="P15_ST00052" HPOS="310" VPOS="1763" WIDTH="50" HEIGHT="39" CONTENT="lay" WC="0.59" CC="605"/>
						<SP ID="P15_SP00041" HPOS="360" VPOS="1802" WIDTH="16"/>
						<String ID="P15_ST00053" HPOS="376" VPOS="1761" WIDTH="31" HEIGHT="29" CONTENT="in" WC="0.73" CC="05"/>
						<SP ID="P15_SP00042" HPOS="407" VPOS="1802" WIDTH="14"/>
						<String ID="P15_ST00054" HPOS="421" VPOS="1759" WIDTH="52" HEIGHT="30" CONTENT="the" WC="0.81" CC="500"/>
						<SP ID="P15_SP00043" HPOS="473" VPOS="1802" WIDTH="15"/>
						<String ID="P15_ST00055" HPOS="488" VPOS="1758" WIDTH="120" HEIGHT="33" CONTENT="House," WC="0.72" CC="701502"/>
					</TextLine>
					<TextLine ID="P15_TL00014" HPOS="214" VPOS="1821" WIDTH="283" HEIGHT="34">
						<String ID="P15_ST00056" HPOS="214" VPOS="1826" WIDTH="84" HEIGHT="29" CONTENT="That" WC="0.90" CC="0120"/>
						<SP ID="P15_SP00044" HPOS="298" VPOS="1855" WIDTH="14"/>
						<String ID="P15_ST00057" HPOS="312" VPOS="1823" WIDTH="78" HEIGHT="31" CONTENT="Jack" WC="0.90" CC="0030"/>
						<SP ID="P15_SP00045" HPOS="390" VPOS="1855" WIDTH="18"/>
						<String ID="P15_ST00058" HPOS="408" VPOS="1821" WIDTH="89" HEIGHT="30" CONTENT="built." WC="0.45" CC="882660"/>
					</TextLine>
				</TextBlock>
				<ComposedBlock ID="P15_CB00001" HPOS="55" VPOS="152" WIDTH="978" HEIGHT="816" STYLEREFS="TXT_0 PAR_LEFT" TYPE="Illustration">
					<GraphicalElement ID="P15_CB00001_SUB" HPOS="55" VPOS="152" WIDTH="978" HEIGHT="816"/>
				</ComposedBlock>
			</PrintSpace>
		</Page>
	</Layout>
</alto>
