<?xml version="1.0" encoding="UTF-8"?>
<alto xmlns:xsi="http://www.w3.org/2001/XMLSchema-instance" xsi:noNamespaceSchemaLocation="http://www.bl.uk/schemas/alto/alto-1-4.xsd" xmlns:xlink="http://www.w3.org/1999/xlink">
	<Description>
		<MeasurementUnit>mm10</MeasurementUnit>
		<sourceImageInformation>
			<fileName>//head1/IN/2007-34/A0010556622/FC.tif</fileName>
		</sourceImageInformation>
		<OCRProcessing ID="OCRPROCESSING_1">
			<preProcessingStep>
				<processingSoftware>
					<softwareCreator>CCS Content Conversion Specialists GmbH, Germany</softwareCreator>
					<softwareName>CCS docWORKS</softwareName>
					<softwareVersion>6.1-0.54</softwareVersion>
				</processingSoftware>
			</preProcessingStep>
			<ocrProcessingStep>
				<processingSoftware>
					<softwareCreator>ABBYY (BIT Software), Russia</softwareCreator>
					<softwareName>Finereader</softwareName>
				</processingSoftware>
			</ocrProcessingStep>
		</OCRProcessing>
	</Description>
	<Styles>
		<TextStyle ID="TXT_0" FONTSIZE="9" FONTFAMILY="Courier New"/>
		<ParagraphStyle ID="PAR_LEFT" ALIGN="Left"/>
	</Styles>
	<Layout>
		<Page ID="P1" PHYSICAL_IMG_NR="1" HEIGHT="2209" WIDTH="1345" POSITION="Cover">
			<TopMargin ID="P1_TM00001" HPOS="0" VPOS="0" WIDTH="1345" HEIGHT="0"/>
			<LeftMargin ID="P1_LM00001" HPOS="0" VPOS="0" WIDTH="0" HEIGHT="2209"/>
			<RightMargin ID="P1_RM00001" HPOS="1342" VPOS="0" WIDTH="3" HEIGHT="2209"/>
			<BottomMargin ID="P1_BM00001" HPOS="0" VPOS="2209" WIDTH="1345" HEIGHT="0"/>
			<PrintSpace ID="P1_PS00001" HPOS="0" VPOS="0" WIDTH="1342" HEIGHT="2209">
				<ComposedBlock ID="P1_CB00001" HPOS="0" VPOS="0" WIDTH="1342" HEIGHT="2209" STYLEREFS="TXT_0 PAR_LEFT" TYPE="Illustration">
					<GraphicalElement ID="P1_CB00001_SUB" HPOS="0" VPOS="0" WIDTH="1342" HEIGHT="2209"/>
				</ComposedBlock>
			</PrintSpace>
		</Page>
	</Layout>
</alto>
