<?xml version="1.0" encoding="UTF-8"?>
<alto xmlns:xsi="http://www.w3.org/2001/XMLSchema-instance" xsi:noNamespaceSchemaLocation="http://www.bl.uk/schemas/alto/alto-1-4.xsd" xmlns:xlink="http://www.w3.org/1999/xlink">
	<Description>
		<MeasurementUnit>mm10</MeasurementUnit>
		<sourceImageInformation>
			<fileName>//head1/IN/2007-34/A0010556622/004767.jp2</fileName>
		</sourceImageInformation>
		<OCRProcessing ID="OCRPROCESSING_1">
			<preProcessingStep>
				<processingSoftware>
					<softwareCreator>CCS Content Conversion Specialists GmbH, Germany</softwareCreator>
					<softwareName>CCS docWORKS</softwareName>
					<softwareVersion>6.1-0.54</softwareVersion>
				</processingSoftware>
			</preProcessingStep>
			<ocrProcessingStep>
				<processingSoftware>
					<softwareCreator>ABBYY (BIT Software), Russia</softwareCreator>
					<softwareName>Finereader</softwareName>
				</processingSoftware>
			</ocrProcessingStep>
		</OCRProcessing>
	</Description>
	<Styles>
		<TextStyle ID="TXT_0" FONTSIZE="10" FONTFAMILY="Courier New"/>
		<TextStyle ID="TXT_1" FONTSIZE="9" FONTFAMILY="Courier New"/>
		<ParagraphStyle ID="PAR_CENTER" ALIGN="Center"/>
		<ParagraphStyle ID="PAR_LEFT" ALIGN="Left"/>
	</Styles>
	<Layout>
		<Page ID="P7" PHYSICAL_IMG_NR="7" HEIGHT="1999" WIDTH="1190" QUALITY="Damaged" POSITION="Right" ACCURACY="48.05">
			<TopMargin ID="P7_TM00001" HPOS="0" VPOS="0" WIDTH="1190" HEIGHT="0"/>
			<LeftMargin ID="P7_LM00001" HPOS="0" VPOS="0" WIDTH="0" HEIGHT="1999"/>
			<RightMargin ID="P7_RM00001" HPOS="1190" VPOS="0" WIDTH="0" HEIGHT="1999"/>
			<BottomMargin ID="P7_BM00001" HPOS="0" VPOS="1999" WIDTH="1190" HEIGHT="0"/>
			<PrintSpace ID="P7_PS00001" HPOS="0" VPOS="0" WIDTH="1190" HEIGHT="1999">
				<TextBlock ID="P7_TB00001" HPOS="447" VPOS="95" WIDTH="287" HEIGHT="28" STYLEREFS="TXT_0 PAR_CENTER">
					<TextLine ID="P7_TL00001" HPOS="447" VPOS="96" WIDTH="287" HEIGHT="27">
						<String ID="P7_ST00001" HPOS="447" VPOS="96" WIDTH="73" HEIGHT="27" CONTENT="THE" WC="0.74" CC="070"/>
						<SP ID="P7_SP00001" HPOS="520" VPOS="123" WIDTH="20"/>
						<String ID="P7_ST00002" HPOS="540" VPOS="96" WIDTH="194" HEIGHT="27" CONTENT="POLITICAL" WC="0.48" CC="357605358"/>
					</TextLine>
				</TextBlock>
				<TextBlock ID="P7_TB00002" HPOS="374" VPOS="170" WIDTH="421" HEIGHT="56" STYLEREFS="TXT_0 PAR_CENTER">
					<TextLine ID="P7_TL00002" HPOS="374" VPOS="170" WIDTH="420" HEIGHT="56">
						<String ID="P7_ST00003" HPOS="374" VPOS="170" WIDTH="420" HEIGHT="56" CONTENT="HOUSE" WC="0.53" CC="63480"/>
					</TextLine>
				</TextBlock>
				<TextBlock ID="P7_TB00003" HPOS="549" VPOS="267" WIDTH="73" HEIGHT="18" STYLEREFS="TXT_0 PAR_CENTER">
					<TextLine ID="P7_TL00003" HPOS="549" VPOS="268" WIDTH="73" HEIGHT="17">
						<String ID="P7_ST00004" HPOS="549" VPOS="268" WIDTH="73" HEIGHT="17" CONTENT="THAT" WC="0.69" CC="0470"/>
					</TextLine>
				</TextBlock>
				<TextBlock ID="P7_TB00004" HPOS="213" VPOS="317" WIDTH="742" HEIGHT="62" STYLEREFS="TXT_0 PAR_CENTER">
					<TextLine ID="P7_TL00004" HPOS="213" VPOS="318" WIDTH="742" HEIGHT="61">
						<String ID="P7_ST00005" HPOS="213" VPOS="318" WIDTH="301" HEIGHT="55" CONTENT="JACK" WC="0.39" CC="2866"/>
						<SP ID="P7_SP00002" HPOS="514" VPOS="373" WIDTH="58"/>
						<String ID="P7_ST00006" HPOS="572" VPOS="322" WIDTH="383" HEIGHT="57" CONTENT="BUILT." WC="0.53" CC="850850"/>
					</TextLine>
				</TextBlock>
				<TextBlock ID="P7_TB00005" HPOS="227" VPOS="451" WIDTH="707" HEIGHT="31" STYLEREFS="TXT_1 PAR_CENTER">
					<TextLine ID="P7_TL00005" HPOS="227" VPOS="452" WIDTH="707" HEIGHT="30">
						<String ID="P7_ST00007" HPOS="227" VPOS="454" WIDTH="16" HEIGHT="9" CONTENT='"' WC="0.60" CC="3"/>
						<SP ID="P7_SP00003" HPOS="243" VPOS="463" WIDTH="11"/>
						<String ID="P7_ST00008" HPOS="254" VPOS="452" WIDTH="17" HEIGHT="20" CONTENT="A" WC="0.42" CC="5"/>
						<SP ID="P7_SP00004" HPOS="271" VPOS="472" WIDTH="10"/>
						<String ID="P7_ST00009" HPOS="281" VPOS="456" WIDTH="62" HEIGHT="17" CONTENT="straw" WC="0.41" CC="51777"/>
						<String ID="P7_ST00010" HPOS="345" VPOS="464" WIDTH="27" HEIGHT="4" CONTENT="—" WC="0.20" CC="8"/>
						<String ID="P7_ST00011" HPOS="373" VPOS="453" WIDTH="82" HEIGHT="20" CONTENT="thrown" WC="0.40" CC="673558"/>
						<SP ID="P7_SP00005" HPOS="455" VPOS="473" WIDTH="11"/>
						<String ID="P7_ST00012" HPOS="466" VPOS="461" WIDTH="28" HEIGHT="19" CONTENT="up" WC="0.48" CC="82"/>
						<SP ID="P7_SP00006" HPOS="494" VPOS="480" WIDTH="11"/>
						<String ID="P7_ST00013" HPOS="505" VPOS="458" WIDTH="22" HEIGHT="16" CONTENT="to" WC="0.50" CC="63"/>
						<SP ID="P7_SP00007" HPOS="527" VPOS="480" WIDTH="10"/>
						<String ID="P7_ST00014" HPOS="537" VPOS="455" WIDTH="58" HEIGHT="19" CONTENT="show" WC="0.59" CC="5026"/>
						<SP ID="P7_SP00008" HPOS="595" VPOS="480" WIDTH="11"/>
						<String ID="P7_ST00015" HPOS="606" VPOS="456" WIDTH="68" HEIGHT="20" CONTENT="which" WC="0.36" CC="58277"/>
						<SP ID="P7_SP00009" HPOS="674" VPOS="480" WIDTH="11"/>
						<String ID="P7_ST00016" HPOS="685" VPOS="463" WIDTH="43" HEIGHT="19" CONTENT="way" WC="0.28" CC="776"/>
						<SP ID="P7_SP00010" HPOS="728" VPOS="482" WIDTH="9"/>
						<String ID="P7_ST00017" HPOS="737" VPOS="458" WIDTH="36" HEIGHT="20" CONTENT="the" WC="0.46" CC="870"/>
						<SP ID="P7_SP00011" HPOS="773" VPOS="482" WIDTH="11"/>
						<String ID="P7_ST00018" HPOS="784" VPOS="460" WIDTH="56" HEIGHT="19" CONTENT="wind" WC="0.47" CC="8138"/>
						<SP ID="P7_SP00012" HPOS="840" VPOS="482" WIDTH="10"/>
						<String ID="P7_ST00019" HPOS="850" VPOS="461" WIDTH="84" HEIGHT="20" CONTENT='Wow?."' WC="0.32" CC="888806"/>
					</TextLine>
				</TextBlock>
				<TextBlock ID="P7_TB00006" HPOS="378" VPOS="540" WIDTH="409" HEIGHT="26" STYLEREFS="TXT_0 PAR_CENTER">
					<TextLine ID="P7_TL00006" HPOS="378" VPOS="540" WIDTH="409" HEIGHT="26">
						<String ID="P7_ST00020" HPOS="378" VPOS="541" WIDTH="95" HEIGHT="23" CONTENT="WITH" WC="0.64" CC="8401"/>
						<SP ID="P7_SP00013" HPOS="473" VPOS="564" WIDTH="19"/>
						<String ID="P7_ST00021" HPOS="492" VPOS="540" WIDTH="182" HEIGHT="26" CONTENT="THIRTEEN" WC="0.67" CC="05270253"/>
						<SP ID="P7_SP00014" HPOS="674" VPOS="566" WIDTH="19"/>
						<String ID="P7_ST00022" HPOS="693" VPOS="542" WIDTH="94" HEIGHT="24" CONTENT="CUTS." WC="0.89" CC="00050"/>
					</TextLine>
				</TextBlock>
				<TextBlock ID="P7_TB00007" HPOS="387" VPOS="1439" WIDTH="365" HEIGHT="27" STYLEREFS="TXT_1 PAR_LEFT">
					<TextLine ID="P7_TL00007" HPOS="388" VPOS="1440" WIDTH="364" HEIGHT="26">
						<String ID="P7_ST00023" HPOS="388" VPOS="1440" WIDTH="56" HEIGHT="26" CONTENT="The" WC="0.51" CC="337"/>
						<SP ID="P7_SP00015" HPOS="444" VPOS="1466" WIDTH="13"/>
						<String ID="P7_ST00024" HPOS="457" VPOS="1441" WIDTH="59" HEIGHT="25" CONTENT="Pen" WC="0.83" CC="310"/>
						<SP ID="P7_SP00016" HPOS="516" VPOS="1466" WIDTH="14"/>
						<String ID="P7_ST00025" HPOS="530" VPOS="1441" WIDTH="56" HEIGHT="25" CONTENT="and" WC="0.74" CC="420"/>
						<SP ID="P7_SP00017" HPOS="586" VPOS="1466" WIDTH="11"/>
						<String ID="P7_ST00026" HPOS="597" VPOS="1441" WIDTH="43" HEIGHT="25" CONTENT="the" WC="0.78" CC="060"/>
						<SP ID="P7_SP00018" HPOS="640" VPOS="1466" WIDTH="12"/>
						<String ID="P7_ST00027" HPOS="652" VPOS="1441" WIDTH="100" HEIGHT="25" CONTENT="Sxeord." WC="0.38" CC="0886576"/>
					</TextLine>
				</TextBlock>
				<TextBlock ID="P7_TB00008" HPOS="400" VPOS="1518" WIDTH="332" HEIGHT="39" STYLEREFS="TXT_0 PAR_LEFT">
					<TextLine ID="P7_TL00008" HPOS="400" VPOS="1519" WIDTH="332" HEIGHT="38">
						<String ID="P7_ST00028" HPOS="400" VPOS="1519" WIDTH="153" HEIGHT="38" CONTENT="gcbentl)" WC="0.16" CC="88888788"/>
						<SP ID="P7_SP00019" HPOS="553" VPOS="1557" WIDTH="23"/>
						<String ID="P7_ST00029" HPOS="576" VPOS="1520" WIDTH="156" HEIGHT="33" CONTENT="Oilfon." WC="0.17" CC="8888887"/>
					</TextLine>
				</TextBlock>
				<TextBlock ID="P7_TB00009" HPOS="482" VPOS="1637" WIDTH="161" HEIGHT="26" STYLEREFS="TXT_0 PAR_LEFT">
					<TextLine ID="P7_TL00009" HPOS="482" VPOS="1637" WIDTH="161" HEIGHT="26">
						<String ID="P7_ST00030" HPOS="482" VPOS="1637" WIDTH="161" HEIGHT="26" CONTENT="LONDON:" WC="0.39" CC="7687254"/>
					</TextLine>
				</TextBlock>
				<TextBlock ID="P7_TB00010" HPOS="121" VPOS="1684" WIDTH="944" HEIGHT="27" STYLEREFS="TXT_0 PAR_CENTER">
					<TextLine ID="P7_TL00010" HPOS="121" VPOS="1684" WIDTH="944" HEIGHT="25">
						<String ID="P7_ST00031" HPOS="121" VPOS="1685" WIDTH="97" HEIGHT="24" CONTENT="NTED" WC="0.46" CC="8075"/>
						<SP ID="P7_SP00020" HPOS="218" VPOS="1709" WIDTH="23"/>
						<String ID="P7_ST00032" HPOS="241" VPOS="1685" WIDTH="46" HEIGHT="24" CONTENT="BY" WC="0.26" CC="86"/>
						<SP ID="P7_SP00021" HPOS="287" VPOS="1709" WIDTH="23"/>
						<String ID="P7_ST00033" HPOS="310" VPOS="1684" WIDTH="72" HEIGHT="25" CONTENT="AND" WC="0.34" CC="568"/>
						<SP ID="P7_SP00022" HPOS="382" VPOS="1709" WIDTH="22"/>
						<String ID="P7_ST00034" HPOS="404" VPOS="1684" WIDTH="69" HEIGHT="24" CONTENT="FOR" WC="0.48" CC="635"/>
						<SP ID="P7_SP00023" HPOS="473" VPOS="1709" WIDTH="18"/>
						<String ID="P7_ST00035" HPOS="491" VPOS="1684" WIDTH="157" HEIGHT="24" CONTENT="WILLIAM" WC="0.69" CC="4323006"/>
						<SP ID="P7_SP00024" HPOS="648" VPOS="1709" WIDTH="18"/>
						<String ID="P7_ST00036" HPOS="666" VPOS="1684" WIDTH="107" HEIGHT="24" CONTENT="HONE." WC="0.59" CC="83800"/>
						<SP ID="P7_SP00025" HPOS="773" VPOS="1709" WIDTH="20"/>
						<String ID="P7_ST00037" HPOS="793" VPOS="1684" WIDTH="163" HEIGHT="25" CONTENT="LUDGATE" WC="0.71" CC="6340500"/>
						<SP ID="P7_SP00026" HPOS="956" VPOS="1709" WIDTH="19"/>
						<String ID="P7_ST00038" HPOS="975" VPOS="1684" WIDTH="90" HEIGHT="25" CONTENT="HILL." WC="0.37" CC="86780"/>
					</TextLine>
				</TextBlock>
				<TextBlock ID="P7_TB00011" HPOS="518" VPOS="1754" WIDTH="77" HEIGHT="25" STYLEREFS="TXT_0 PAR_LEFT">
					<TextLine ID="P7_TL00011" HPOS="518" VPOS="1754" WIDTH="77" HEIGHT="25">
						<String ID="P7_ST00039" HPOS="518" VPOS="1754" WIDTH="77" HEIGHT="25" CONTENT="1819." WC="0.25" CC="78767"/>
					</TextLine>
				</TextBlock>
				<TextBlock ID="P7_TB00012" HPOS="452" VPOS="1833" WIDTH="205" HEIGHT="17" STYLEREFS="TXT_1 PAR_LEFT">
					<TextLine ID="P7_TL00012" HPOS="453" VPOS="1833" WIDTH="204" HEIGHT="17">
						<String ID="P7_ST00040" HPOS="453" VPOS="1833" WIDTH="53" HEIGHT="17" CONTENT="ONE" WC="0.25" CC="687"/>
						<SP ID="P7_SP00027" HPOS="506" VPOS="1850" WIDTH="14"/>
						<String ID="P7_ST00041" HPOS="520" VPOS="1833" WIDTH="137" HEIGHT="17" CONTENT="SHII.M.VC." WC="0.30" CC="8846787880"/>
					</TextLine>
				</TextBlock>
				<ComposedBlock ID="P7_CB00001" HPOS="114" VPOS="592" WIDTH="913" HEIGHT="823" STYLEREFS="TXT_1 PAR_LEFT" TYPE="Illustration">
					<GraphicalElement ID="P7_CB00001_SUB" HPOS="114" VPOS="592" WIDTH="913" HEIGHT="823"/>
				</ComposedBlock>
			</PrintSpace>
		</Page>
	</Layout>
</alto>
