<?xml version="1.0" encoding="UTF-8"?>
<alto xmlns:xsi="http://www.w3.org/2001/XMLSchema-instance" xsi:noNamespaceSchemaLocation="http://www.bl.uk/schemas/alto/alto-1-4.xsd" xmlns:xlink="http://www.w3.org/1999/xlink">
	<Description>
		<MeasurementUnit>mm10</MeasurementUnit>
		<sourceImageInformation>
			<fileName>//head1/IN/2007-34/A0010556622/004771.jp2</fileName>
		</sourceImageInformation>
		<OCRProcessing ID="OCRPROCESSING_1">
			<preProcessingStep>
				<processingSoftware>
					<softwareCreator>CCS Content Conversion Specialists GmbH, Germany</softwareCreator>
					<softwareName>CCS docWORKS</softwareName>
					<softwareVersion>6.1-0.54</softwareVersion>
				</processingSoftware>
			</preProcessingStep>
			<ocrProcessingStep>
				<processingSoftware>
					<softwareCreator>ABBYY (BIT Software), Russia</softwareCreator>
					<softwareName>Finereader</softwareName>
				</processingSoftware>
			</ocrProcessingStep>
		</OCRProcessing>
	</Description>
	<Styles>
		<TextStyle ID="TXT_0" FONTSIZE="9" FONTFAMILY="Courier New"/>
		<TextStyle ID="TXT_1" FONTSIZE="11" FONTFAMILY="Courier New"/>
		<TextStyle ID="TXT_2" FONTSIZE="10" FONTFAMILY="Courier New"/>
		<ParagraphStyle ID="PAR_LEFT" ALIGN="Left"/>
	</Styles>
	<Layout>
		<Page ID="P11" PHYSICAL_IMG_NR="11" HEIGHT="1999" WIDTH="1190" QUALITY="Damaged" POSITION="Right" ACCURACY="46.68">
			<TopMargin ID="P11_TM00001" HPOS="0" VPOS="0" WIDTH="1190" HEIGHT="0"/>
			<LeftMargin ID="P11_LM00001" HPOS="0" VPOS="0" WIDTH="0" HEIGHT="1999"/>
			<RightMargin ID="P11_RM00001" HPOS="1190" VPOS="0" WIDTH="0" HEIGHT="1999"/>
			<BottomMargin ID="P11_BM00001" HPOS="0" VPOS="1999" WIDTH="1190" HEIGHT="0"/>
			<PrintSpace ID="P11_PS00001" HPOS="0" VPOS="0" WIDTH="1190" HEIGHT="1999">
				<TextBlock ID="P11_TB00001" HPOS="253" VPOS="1232" WIDTH="543" HEIGHT="105" STYLEREFS="TXT_0 PAR_LEFT">
					<TextLine ID="P11_TL00001" HPOS="320" VPOS="1233" WIDTH="476" HEIGHT="30">
						<String ID="P11_ST00001" HPOS="320" VPOS="1244" WIDTH="17" HEIGHT="10" CONTENT="&lt;&lt;" WC="0.41" CC="47"/>
						<SP ID="P11_SP00001" HPOS="337" VPOS="1254" WIDTH="11"/>
						<String ID="P11_ST00002" HPOS="348" VPOS="1243" WIDTH="44" HEIGHT="20" CONTENT="Not" WC="0.27" CC="776"/>
						<SP ID="P11_SP00002" HPOS="392" VPOS="1263" WIDTH="11"/>
						<String ID="P11_ST00003" HPOS="403" VPOS="1244" WIDTH="22" HEIGHT="17" CONTENT="to" WC="0.58" CC="08"/>
						<SP ID="P11_SP00003" HPOS="425" VPOS="1263" WIDTH="11"/>
						<String ID="P11_ST00004" HPOS="436" VPOS="1238" WIDTH="131" HEIGHT="22" CONTENT="understand" WC="0.50" CC="4756064076"/>
						<SP ID="P11_SP00004" HPOS="567" VPOS="1263" WIDTH="11"/>
						<String ID="P11_ST00005" HPOS="578" VPOS="1244" WIDTH="13" HEIGHT="13" CONTENT="a" WC="0.17" CC="8"/>
						<SP ID="P11_SP00005" HPOS="591" VPOS="1263" WIDTH="9"/>
						<String ID="P11_ST00006" HPOS="600" VPOS="1237" WIDTH="112" HEIGHT="19" CONTENT="treasure's" WC="0.48" CC="0788705716"/>
						<SP ID="P11_SP00006" HPOS="712" VPOS="1263" WIDTH="11"/>
						<String ID="P11_ST00007" HPOS="723" VPOS="1233" WIDTH="73" HEIGHT="24" CONTENT="worth," WC="0.47" CC="663870"/>
					</TextLine>
					<TextLine ID="P11_TL00002" HPOS="253" VPOS="1271" WIDTH="523" HEIGHT="31">
						<String ID="P11_ST00008" HPOS="253" VPOS="1282" WIDTH="41" HEIGHT="20" CONTENT="Till" WC="0.62" CC="4360"/>
						<SP ID="P11_SP00007" HPOS="294" VPOS="1302" WIDTH="11"/>
						<String ID="P11_ST00009" HPOS="305" VPOS="1281" WIDTH="54" HEIGHT="20" CONTENT="time" WC="0.71" CC="0343"/>
						<SP ID="P11_SP00008" HPOS="359" VPOS="1302" WIDTH="10"/>
						<String ID="P11_ST00010" HPOS="369" VPOS="1281" WIDTH="38" HEIGHT="19" CONTENT="has" WC="0.26" CC="677"/>
						<SP ID="P11_SP00009" HPOS="407" VPOS="1302" WIDTH="12"/>
						<String ID="P11_ST00011" HPOS="419" VPOS="1278" WIDTH="69" HEIGHT="20" CONTENT="stolen" WC="0.65" CC="506205"/>
						<SP ID="P11_SP00010" HPOS="488" VPOS="1302" WIDTH="10"/>
						<String ID="P11_ST00012" HPOS="498" VPOS="1283" WIDTH="57" HEIGHT="19" CONTENT="away" WC="0.67" CC="0606"/>
						<SP ID="P11_SP00011" HPOS="555" VPOS="1302" WIDTH="11"/>
						<String ID="P11_ST00013" HPOS="566" VPOS="1275" WIDTH="36" HEIGHT="19" CONTENT="the" WC="0.22" CC="877"/>
						<SP ID="P11_SP00012" HPOS="602" VPOS="1302" WIDTH="11"/>
						<String ID="P11_ST00014" HPOS="613" VPOS="1273" WIDTH="89" HEIGHT="26" CONTENT="slighted" WC="0.35" CC="61588678"/>
						<SP ID="P11_SP00013" HPOS="702" VPOS="1302" WIDTH="11"/>
						<String ID="P11_ST00015" HPOS="713" VPOS="1271" WIDTH="63" HEIGHT="26" CONTENT="good," WC="0.33" CC="88880"/>
					</TextLine>
					<TextLine ID="P11_TL00003" HPOS="258" VPOS="1311" WIDTH="424" HEIGHT="26">
						<String ID="P11_ST00016" HPOS="258" VPOS="1320" WIDTH="20" HEIGHT="17" CONTENT="Is" WC="0.17" CC="88"/>
						<SP ID="P11_SP00014" HPOS="278" VPOS="1337" WIDTH="12"/>
						<String ID="P11_ST00017" HPOS="290" VPOS="1325" WIDTH="61" HEIGHT="12" CONTENT="cause" WC="0.32" CC="78575"/>
						<SP ID="P11_SP00015" HPOS="351" VPOS="1337" WIDTH="10"/>
						<String ID="P11_ST00018" HPOS="361" VPOS="1319" WIDTH="23" HEIGHT="18" CONTENT="of" WC="0.68" CC="60"/>
						<SP ID="P11_SP00016" HPOS="384" VPOS="1337" WIDTH="8"/>
						<String ID="P11_ST00019" HPOS="392" VPOS="1316" WIDTH="46" HEIGHT="20" CONTENT="half" WC="0.46" CC="7805"/>
						<SP ID="P11_SP00017" HPOS="438" VPOS="1337" WIDTH="9"/>
						<String ID="P11_ST00020" HPOS="447" VPOS="1315" WIDTH="38" HEIGHT="20" CONTENT="the" WC="0.23" CC="777"/>
						<SP ID="P11_SP00018" HPOS="485" VPOS="1337" WIDTH="11"/>
						<String ID="P11_ST00021" HPOS="496" VPOS="1316" WIDTH="85" HEIGHT="21" CONTENT="poverty" WC="0.34" CC="8765655"/>
						<SP ID="P11_SP00019" HPOS="581" VPOS="1337" WIDTH="11"/>
						<String ID="P11_ST00022" HPOS="592" VPOS="1319" WIDTH="30" HEIGHT="12" CONTENT="we" WC="0.35" CC="65"/>
						<SP ID="P11_SP00020" HPOS="622" VPOS="1337" WIDTH="10"/>
						<String ID="P11_ST00023" HPOS="632" VPOS="1311" WIDTH="50" HEIGHT="23" CONTENT="feel," WC="0.51" CC="77720"/>
					</TextLine>
				</TextBlock>
				<TextBlock ID="P11_TB00002" HPOS="256" VPOS="1348" WIDTH="499" HEIGHT="26" STYLEREFS="TXT_0 PAR_LEFT">
					<TextLine ID="P11_TL00004" HPOS="256" VPOS="1348" WIDTH="499" HEIGHT="26">
						<String ID="P11_ST00024" HPOS="256" VPOS="1356" WIDTH="48" HEIGHT="18" CONTENT="And" WC="0.50" CC="608"/>
						<SP ID="P11_SP00021" HPOS="304" VPOS="1374" WIDTH="11"/>
						<String ID="P11_ST00025" HPOS="315" VPOS="1356" WIDTH="74" HEIGHT="18" CONTENT="makes" WC="0.27" CC="78586"/>
						<SP ID="P11_SP00022" HPOS="389" VPOS="1374" WIDTH="11"/>
						<String ID="P11_ST00026" HPOS="400" VPOS="1354" WIDTH="37" HEIGHT="20" CONTENT="the" WC="0.44" CC="880"/>
						<SP ID="P11_SP00023" HPOS="437" VPOS="1374" WIDTH="12"/>
						<String ID="P11_ST00027" HPOS="449" VPOS="1352" WIDTH="64" HEIGHT="19" CONTENT="world" WC="0.43" CC="38537"/>
						<SP ID="P11_SP00024" HPOS="513" VPOS="1374" WIDTH="11"/>
						<String ID="P11_ST00028" HPOS="524" VPOS="1351" WIDTH="37" HEIGHT="19" CONTENT="the" WC="0.61" CC="074"/>
						<SP ID="P11_SP00025" HPOS="561" VPOS="1374" WIDTH="12"/>
						<String ID="P11_ST00029" HPOS="573" VPOS="1349" WIDTH="120" HEIGHT="20" CONTENT="wilderness" WC="0.31" CC="8708887587"/>
						<SP ID="P11_SP00026" HPOS="693" VPOS="1374" WIDTH="11"/>
						<String ID="P11_ST00030" HPOS="704" VPOS="1348" WIDTH="16" HEIGHT="19" CONTENT="it" WC="0.61" CC="25"/>
						<SP ID="P11_SP00027" HPOS="720" VPOS="1374" WIDTH="11"/>
						<String ID="P11_ST00031" HPOS="731" VPOS="1348" WIDTH="24" HEIGHT="19" CONTENT="is.'" WC="0.51" CC="1853"/>
					</TextLine>
				</TextBlock>
				<TextBlock ID="P11_TB00003" HPOS="511" VPOS="1431" WIDTH="95" HEIGHT="15" STYLEREFS="TXT_0 PAR_LEFT">
					<TextLine ID="P11_TL00005" HPOS="511" VPOS="1432" WIDTH="95" HEIGHT="14">
						<String ID="P11_ST00032" HPOS="511" VPOS="1432" WIDTH="59" HEIGHT="14" CONTENT="THIS" WC="0.59" CC="3237"/>
						<SP ID="P11_SP00028" HPOS="570" VPOS="1446" WIDTH="15"/>
						<String ID="P11_ST00033" HPOS="585" VPOS="1432" WIDTH="21" HEIGHT="14" CONTENT="IS" WC="0.28" CC="77"/>
					</TextLine>
				</TextBlock>
				<TextBlock ID="P11_TB00004" HPOS="321" VPOS="1474" WIDTH="468" HEIGHT="50" STYLEREFS="TXT_1 PAR_LEFT">
					<TextLine ID="P11_TL00006" HPOS="322" VPOS="1474" WIDTH="467" HEIGHT="50">
						<String ID="P11_ST00034" HPOS="322" VPOS="1482" WIDTH="142" HEIGHT="42" CONTENT="THE" WC="0.45" CC="474"/>
						<SP ID="P11_SP00029" HPOS="464" VPOS="1524" WIDTH="32"/>
						<String ID="P11_ST00035" HPOS="496" VPOS="1474" WIDTH="293" HEIGHT="47" CONTENT="WEALTH" WC="0.35" CC="337868"/>
					</TextLine>
				</TextBlock>
				<TextBlock ID="P11_TB00005" HPOS="311" VPOS="1557" WIDTH="499" HEIGHT="98" STYLEREFS="TXT_0 PAR_LEFT">
					<TextLine ID="P11_TL00007" HPOS="497" VPOS="1558" WIDTH="129" HEIGHT="38">
						<String ID="P11_ST00036" HPOS="497" VPOS="1559" WIDTH="65" HEIGHT="29" CONTENT="that" WC="0.92" CC="3000"/>
						<SP ID="P11_SP00030" HPOS="562" VPOS="1588" WIDTH="14"/>
						<String ID="P11_ST00037" HPOS="576" VPOS="1558" WIDTH="50" HEIGHT="38" CONTENT="lay" WC="0.50" CC="608"/>
					</TextLine>
					<TextLine ID="P11_TL00008" HPOS="312" VPOS="1613" WIDTH="498" HEIGHT="42">
						<String ID="P11_ST00038" HPOS="312" VPOS="1627" WIDTH="34" HEIGHT="28" CONTENT="In" WC="0.39" CC="47"/>
						<SP ID="P11_SP00031" HPOS="346" VPOS="1655" WIDTH="16"/>
						<String ID="P11_ST00039" HPOS="362" VPOS="1625" WIDTH="51" HEIGHT="29" CONTENT="the" WC="0.47" CC="365"/>
						<SP ID="P11_SP00032" HPOS="413" VPOS="1655" WIDTH="16"/>
						<String ID="P11_ST00040" HPOS="429" VPOS="1623" WIDTH="107" HEIGHT="30" CONTENT="House" WC="0.50" CC="63680"/>
						<SP ID="P11_SP00033" HPOS="536" VPOS="1655" WIDTH="14"/>
						<String ID="P11_ST00041" HPOS="550" VPOS="1620" WIDTH="66" HEIGHT="29" CONTENT="that" WC="0.82" CC="0700"/>
						<SP ID="P11_SP00034" HPOS="616" VPOS="1655" WIDTH="13"/>
						<String ID="P11_ST00042" HPOS="629" VPOS="1615" WIDTH="77" HEIGHT="32" CONTENT="Jack" WC="0.82" CC="5100"/>
						<SP ID="P11_SP00035" HPOS="706" VPOS="1655" WIDTH="17"/>
						<String ID="P11_ST00043" HPOS="723" VPOS="1613" WIDTH="87" HEIGHT="30" CONTENT="built." WC="0.65" CC="856000"/>
					</TextLine>
				</TextBlock>
				<TextBlock ID="P11_TB00006" HPOS="542" VPOS="1857" WIDTH="22" HEIGHT="22" STYLEREFS="TXT_2 PAR_LEFT">
					<TextLine ID="P11_TL00009" HPOS="546" VPOS="1858" WIDTH="17" HEIGHT="21">
						<String ID="P11_ST00044" HPOS="546" VPOS="1858" WIDTH="17" HEIGHT="21" CONTENT="»•" WC="0.39" CC="48"/>
					</TextLine>
				</TextBlock>
				<ComposedBlock ID="P11_CB00001" HPOS="90" VPOS="331" WIDTH="909" HEIGHT="856" STYLEREFS="TXT_0 PAR_LEFT" TYPE="Illustration">
					<GraphicalElement ID="P11_CB00001_SUB" HPOS="90" VPOS="331" WIDTH="909" HEIGHT="856"/>
				</ComposedBlock>
			</PrintSpace>
		</Page>
	</Layout>
</alto>
