<?xml version="1.0" encoding="UTF-8"?>
<alto xmlns:xsi="http://www.w3.org/2001/XMLSchema-instance" xsi:noNamespaceSchemaLocation="http://www.bl.uk/schemas/alto/alto-1-4.xsd" xmlns:xlink="http://www.w3.org/1999/xlink">
	<Description>
		<MeasurementUnit>mm10</MeasurementUnit>
		<sourceImageInformation>
			<fileName>//head1/IN/2007-34/A0010556622/004788.jp2</fileName>
		</sourceImageInformation>
		<OCRProcessing ID="OCRPROCESSING_1">
			<preProcessingStep>
				<processingSoftware>
					<softwareCreator>CCS Content Conversion Specialists GmbH, Germany</softwareCreator>
					<softwareName>CCS docWORKS</softwareName>
					<softwareVersion>6.1-0.54</softwareVersion>
				</processingSoftware>
			</preProcessingStep>
			<ocrProcessingStep>
				<processingSoftware>
					<softwareCreator>ABBYY (BIT Software), Russia</softwareCreator>
					<softwareName>Finereader</softwareName>
				</processingSoftware>
			</ocrProcessingStep>
		</OCRProcessing>
	</Description>
	<Styles>
		<TextStyle ID="TXT_0" FONTSIZE="9" FONTFAMILY="Courier New"/>
		<TextStyle ID="TXT_1" FONTSIZE="12" FONTFAMILY="Times New Roman"/>
		<TextStyle ID="TXT_2" FONTSIZE="10" FONTFAMILY="Courier New"/>
		<ParagraphStyle ID="PAR_LEFT" ALIGN="Left"/>
		<ParagraphStyle ID="PAR_RIGHT" ALIGN="Right"/>
		<ParagraphStyle ID="PAR_CENTER" ALIGN="Center"/>
	</Styles>
	<Layout>
		<Page ID="P28" PHYSICAL_IMG_NR="28" HEIGHT="1999" WIDTH="1190" QUALITY="Damaged" POSITION="Left" ACCURACY="60.88">
			<TopMargin ID="P28_TM00001" HPOS="0" VPOS="0" WIDTH="1190" HEIGHT="183"/>
			<LeftMargin ID="P28_LM00001" HPOS="0" VPOS="183" WIDTH="265" HEIGHT="1726"/>
			<RightMargin ID="P28_RM00001" HPOS="1045" VPOS="183" WIDTH="145" HEIGHT="1726">
				<TextBlock ID="P28_TB00001" HPOS="1052" VPOS="1590" WIDTH="7" HEIGHT="11" STYLEREFS="TXT_0 PAR_LEFT">
					<TextLine ID="P28_TL00001" HPOS="1054" VPOS="1598" WIDTH="3" HEIGHT="3">
						<String ID="P28_ST00001" HPOS="1054" VPOS="1598" WIDTH="3" HEIGHT="3" CONTENT="," WC="0.52" CC="4" STYLEREFS="TXT_1"/>
					</TextLine>
				</TextBlock>
			</RightMargin>
			<BottomMargin ID="P28_BM00001" HPOS="0" VPOS="1909" WIDTH="1190" HEIGHT="90"/>
			<PrintSpace ID="P28_PS00001" HPOS="265" VPOS="183" WIDTH="780" HEIGHT="1726">
				<TextBlock ID="P28_TB00002" HPOS="278" VPOS="183" WIDTH="447" HEIGHT="39" STYLEREFS="TXT_2 PAR_LEFT">
					<TextLine ID="P28_TL00002" HPOS="278" VPOS="184" WIDTH="447" HEIGHT="38">
						<String ID="P28_ST00002" HPOS="278" VPOS="184" WIDTH="93" HEIGHT="36" CONTENT="Who," WC="0.57" CC="6640"/>
						<SP ID="P28_SP00001" HPOS="371" VPOS="220" WIDTH="13"/>
						<String ID="P28_ST00003" HPOS="384" VPOS="196" WIDTH="41" HEIGHT="18" CONTENT="on" WC="0.41" CC="38"/>
						<SP ID="P28_SP00002" HPOS="425" VPOS="220" WIDTH="16"/>
						<String ID="P28_ST00004" HPOS="441" VPOS="185" WIDTH="103" HEIGHT="37" CONTENT="being" WC="0.25" CC="77687"/>
						<SP ID="P28_SP00003" HPOS="544" VPOS="222" WIDTH="20"/>
						<String ID="P28_ST00005" HPOS="564" VPOS="184" WIDTH="161" HEIGHT="34" CONTENT="ordain'd," WC="0.52" CC="478008065"/>
					</TextLine>
				</TextBlock>
				<TextBlock ID="P28_TB00003" HPOS="540" VPOS="243" WIDTH="462" HEIGHT="42" STYLEREFS="TXT_2 PAR_RIGHT">
					<TextLine ID="P28_TL00003" HPOS="540" VPOS="244" WIDTH="462" HEIGHT="41">
						<String ID="P28_ST00006" HPOS="540" VPOS="246" WIDTH="112" HEIGHT="37" CONTENT="vow'd," WC="0.48" CC="706780"/>
						<SP ID="P28_SP00004" HPOS="652" VPOS="283" WIDTH="16"/>
						<String ID="P28_ST00007" HPOS="668" VPOS="247" WIDTH="41" HEIGHT="38" CONTENT="by" WC="0.45" CC="46"/>
						<SP ID="P28_SP00005" HPOS="709" VPOS="285" WIDTH="14"/>
						<String ID="P28_ST00008" HPOS="723" VPOS="251" WIDTH="75" HEIGHT="31" CONTENT="rote," WC="0.55" CC="50681"/>
						<SP ID="P28_SP00006" HPOS="798" VPOS="285" WIDTH="17"/>
						<String ID="P28_ST00009" HPOS="815" VPOS="246" WIDTH="64" HEIGHT="29" CONTENT="like" WC="0.72" CC="5410"/>
						<SP ID="P28_SP00007" HPOS="879" VPOS="285" WIDTH="12"/>
						<String ID="P28_ST00010" HPOS="891" VPOS="255" WIDTH="18" HEIGHT="18" CONTENT="a" WC="0.35" CC="6"/>
						<SP ID="P28_SP00008" HPOS="909" VPOS="285" WIDTH="15"/>
						<String ID="P28_ST00011" HPOS="924" VPOS="244" WIDTH="78" HEIGHT="34" CONTENT="daw," WC="0.34" CC="7674"/>
					</TextLine>
				</TextBlock>
				<TextBlock ID="P28_TB00004" HPOS="276" VPOS="308" WIDTH="478" HEIGHT="35" STYLEREFS="TXT_2 PAR_LEFT">
					<TextLine ID="P28_TL00004" HPOS="277" VPOS="308" WIDTH="477" HEIGHT="35">
						<String ID="P28_ST00012" HPOS="277" VPOS="309" WIDTH="91" HEIGHT="34" CONTENT="That," WC="0.91" CC="00300"/>
						<SP ID="P28_SP00009" HPOS="368" VPOS="343" WIDTH="15"/>
						<String ID="P28_ST00013" HPOS="383" VPOS="309" WIDTH="39" HEIGHT="29" CONTENT="he" WC="0.81" CC="30"/>
						<SP ID="P28_SP00010" HPOS="422" VPOS="343" WIDTH="15"/>
						<String ID="P28_ST00014" HPOS="437" VPOS="309" WIDTH="55" HEIGHT="30" CONTENT="felt" WC="0.94" CC="0002"/>
						<SP ID="P28_SP00011" HPOS="492" VPOS="343" WIDTH="15"/>
						<String ID="P28_ST00015" HPOS="507" VPOS="309" WIDTH="129" HEIGHT="29" CONTENT="himself" WC="0.78" CC="0046030"/>
						<SP ID="P28_SP00012" HPOS="636" VPOS="343" WIDTH="17"/>
						<String ID="P28_ST00016" HPOS="653" VPOS="308" WIDTH="101" HEIGHT="35" CONTENT="call'd," WC="0.70" CC="7100740"/>
					</TextLine>
				</TextBlock>
				<TextBlock ID="P28_TB00005" HPOS="534" VPOS="370" WIDTH="334" HEIGHT="39" STYLEREFS="TXT_2 PAR_RIGHT">
					<TextLine ID="P28_TL00005" HPOS="535" VPOS="371" WIDTH="333" HEIGHT="38">
						<String ID="P28_ST00017" HPOS="535" VPOS="372" WIDTH="41" HEIGHT="37" CONTENT="by" WC="0.45" CC="64"/>
						<SP ID="P28_SP00013" HPOS="576" VPOS="409" WIDTH="15"/>
						<String ID="P28_ST00018" HPOS="591" VPOS="372" WIDTH="52" HEIGHT="28" CONTENT="the" WC="0.87" CC="300"/>
						<SP ID="P28_SP00014" HPOS="643" VPOS="409" WIDTH="16"/>
						<String ID="P28_ST00019" HPOS="659" VPOS="372" WIDTH="84" HEIGHT="37" CONTENT="Holy" WC="0.56" CC="5046"/>
						<SP ID="P28_SP00015" HPOS="743" VPOS="409" WIDTH="15"/>
						<String ID="P28_ST00020" HPOS="758" VPOS="371" WIDTH="110" HEIGHT="38" CONTENT="Spirit," WC="0.75" CC="0404700"/>
					</TextLine>
				</TextBlock>
				<TextBlock ID="P28_TB00006" HPOS="276" VPOS="431" WIDTH="686" HEIGHT="99" STYLEREFS="TXT_2 PAR_LEFT">
					<TextLine ID="P28_TL00006" HPOS="276" VPOS="432" WIDTH="686" HEIGHT="41">
						<String ID="P28_ST00021" HPOS="276" VPOS="433" WIDTH="48" HEIGHT="28" CONTENT="To" WC="0.61" CC="25"/>
						<SP ID="P28_SP00016" HPOS="324" VPOS="461" WIDTH="15"/>
						<String ID="P28_ST00022" HPOS="339" VPOS="433" WIDTH="89" HEIGHT="29" CONTENT="teach" WC="0.78" CC="07110"/>
						<SP ID="P28_SP00017" HPOS="428" VPOS="462" WIDTH="16"/>
						<String ID="P28_ST00023" HPOS="444" VPOS="443" WIDTH="73" HEIGHT="20" CONTENT="men" WC="0.61" CC="308"/>
						<SP ID="P28_SP00018" HPOS="517" VPOS="463" WIDTH="15"/>
						<String ID="P28_ST00024" HPOS="532" VPOS="433" WIDTH="53" HEIGHT="30" CONTENT="the" WC="0.68" CC="440"/>
						<SP ID="P28_SP00019" HPOS="585" VPOS="463" WIDTH="17"/>
						<String ID="P28_ST00025" HPOS="602" VPOS="433" WIDTH="163" HEIGHT="40" CONTENT="Kingdom" WC="0.58" CC="2187331"/>
						<SP ID="P28_SP00020" HPOS="765" VPOS="473" WIDTH="15"/>
						<String ID="P28_ST00026" HPOS="780" VPOS="432" WIDTH="36" HEIGHT="30" CONTENT="of" WC="1.00" CC="00"/>
						<SP ID="P28_SP00021" HPOS="816" VPOS="473" WIDTH="19"/>
						<String ID="P28_ST00027" HPOS="835" VPOS="432" WIDTH="127" HEIGHT="29" CONTENT="Heaven" WC="0.69" CC="600208"/>
					</TextLine>
					<TextLine ID="P28_TL00007" HPOS="532" VPOS="496" WIDTH="158" HEIGHT="34">
						<String ID="P28_ST00028" HPOS="532" VPOS="500" WIDTH="31" HEIGHT="25" CONTENT="to" WC="1.00" CC="00"/>
						<SP ID="P28_SP00022" HPOS="563" VPOS="525" WIDTH="16"/>
						<String ID="P28_ST00029" HPOS="579" VPOS="496" WIDTH="92" HEIGHT="30" CONTENT="merit" WC="0.87" CC="00401"/>
						<String ID="P28_ST00030" HPOS="684" VPOS="510" WIDTH="6" HEIGHT="20" CONTENT=";" WC="0.62" CC="3"/>
					</TextLine>
				</TextBlock>
				<TextBlock ID="P28_TB00007" HPOS="276" VPOS="556" WIDTH="728" HEIGHT="99" STYLEREFS="TXT_2 PAR_LEFT">
					<TextLine ID="P28_TL00008" HPOS="276" VPOS="557" WIDTH="728" HEIGHT="36">
						<String ID="P28_ST00031" HPOS="276" VPOS="557" WIDTH="92" HEIGHT="36" CONTENT="That," WC="0.83" CC="00800"/>
						<SP ID="P28_SP00023" HPOS="368" VPOS="593" WIDTH="14"/>
						<String ID="P28_ST00032" HPOS="382" VPOS="562" WIDTH="31" HEIGHT="26" CONTENT="to" WC="1.00" CC="00"/>
						<SP ID="P28_SP00024" HPOS="413" VPOS="593" WIDTH="16"/>
						<String ID="P28_ST00033" HPOS="429" VPOS="558" WIDTH="90" HEIGHT="30" CONTENT="think" WC="0.79" CC="00170"/>
						<SP ID="P28_SP00025" HPOS="519" VPOS="593" WIDTH="16"/>
						<String ID="P28_ST00034" HPOS="535" VPOS="559" WIDTH="36" HEIGHT="29" CONTENT="of" WC="0.76" CC="04"/>
						<SP ID="P28_SP00026" HPOS="571" VPOS="593" WIDTH="17"/>
						<String ID="P28_ST00035" HPOS="588" VPOS="560" WIDTH="53" HEIGHT="29" CONTENT="the" WC="0.95" CC="010"/>
						<SP ID="P28_SP00027" HPOS="641" VPOS="593" WIDTH="16"/>
						<String ID="P28_ST00036" HPOS="657" VPOS="559" WIDTH="111" HEIGHT="29" CONTENT="World" WC="0.80" CC="50005"/>
						<SP ID="P28_SP00028" HPOS="768" VPOS="593" WIDTH="15"/>
						<String ID="P28_ST00037" HPOS="783" VPOS="559" WIDTH="61" HEIGHT="29" CONTENT="and" WC="0.45" CC="088"/>
						<SP ID="P28_SP00029" HPOS="844" VPOS="593" WIDTH="16"/>
						<String ID="P28_ST00038" HPOS="860" VPOS="558" WIDTH="52" HEIGHT="30" CONTENT="the" WC="0.78" CC="060"/>
						<SP ID="P28_SP00030" HPOS="912" VPOS="593" WIDTH="15"/>
						<String ID="P28_ST00039" HPOS="927" VPOS="557" WIDTH="77" HEIGHT="30" CONTENT="flesh" WC="0.68" CC="00078"/>
					</TextLine>
					<TextLine ID="P28_TL00009" HPOS="543" VPOS="621" WIDTH="188" HEIGHT="34">
						<String ID="P28_ST00040" HPOS="543" VPOS="621" WIDTH="72" HEIGHT="28" CONTENT="he'd" WC="0.64" CC="0067"/>
						<SP ID="P28_SP00031" HPOS="615" VPOS="649" WIDTH="17"/>
						<String ID="P28_ST00041" HPOS="632" VPOS="631" WIDTH="99" HEIGHT="24" CONTENT="cease," WC="0.63" CC="780500"/>
					</TextLine>
				</TextBlock>
				<TextBlock ID="P28_TB00008" HPOS="276" VPOS="681" WIDTH="491" HEIGHT="42" STYLEREFS="TXT_2 PAR_LEFT">
					<TextLine ID="P28_TL00010" HPOS="276" VPOS="682" WIDTH="491" HEIGHT="41">
						<String ID="P28_ST00042" HPOS="276" VPOS="682" WIDTH="72" HEIGHT="30" CONTENT="And" WC="0.24" CC="688"/>
						<SP ID="P28_SP00032" HPOS="348" VPOS="712" WIDTH="16"/>
						<String ID="P28_ST00043" HPOS="364" VPOS="683" WIDTH="82" HEIGHT="40" CONTENT="keep" WC="0.95" CC="0020"/>
						<SP ID="P28_SP00033" HPOS="446" VPOS="723" WIDTH="16"/>
						<String ID="P28_ST00044" HPOS="462" VPOS="693" WIDTH="73" HEIGHT="20" CONTENT="men" WC="0.48" CC="708"/>
						<SP ID="P28_SP00034" HPOS="535" VPOS="723" WIDTH="17"/>
						<String ID="P28_ST00045" HPOS="552" VPOS="683" WIDTH="31" HEIGHT="30" CONTENT="in" WC="0.34" CC="57"/>
						<SP ID="P28_SP00035" HPOS="583" VPOS="723" WIDTH="15"/>
						<String ID="P28_ST00046" HPOS="598" VPOS="683" WIDTH="169" HEIGHT="40" CONTENT="quietness," WC="0.46" CC="8803280786"/>
					</TextLine>
				</TextBlock>
				<TextBlock ID="P28_TB00009" HPOS="533" VPOS="745" WIDTH="276" HEIGHT="39" STYLEREFS="TXT_2 PAR_CENTER">
					<TextLine ID="P28_TL00011" HPOS="534" VPOS="746" WIDTH="275" HEIGHT="38">
						<String ID="P28_ST00047" HPOS="534" VPOS="746" WIDTH="70" HEIGHT="30" CONTENT="love" WC="0.73" CC="0270"/>
						<SP ID="P28_SP00036" HPOS="604" VPOS="776" WIDTH="15"/>
						<String ID="P28_ST00048" HPOS="619" VPOS="746" WIDTH="62" HEIGHT="30" CONTENT="and" WC="0.57" CC="075"/>
						<SP ID="P28_SP00037" HPOS="681" VPOS="776" WIDTH="15"/>
						<String ID="P28_ST00049" HPOS="696" VPOS="756" WIDTH="95" HEIGHT="28" CONTENT="peace" WC="0.68" CC="60170"/>
						<String ID="P28_ST00050" HPOS="803" VPOS="759" WIDTH="6" HEIGHT="21" CONTENT=";" WC="0.59" CC="4"/>
					</TextLine>
				</TextBlock>
				<TextBlock ID="P28_TB00010" HPOS="274" VPOS="806" WIDTH="571" HEIGHT="41" STYLEREFS="TXT_2 PAR_LEFT">
					<TextLine ID="P28_TL00012" HPOS="274" VPOS="807" WIDTH="571" HEIGHT="40">
						<String ID="P28_ST00051" HPOS="274" VPOS="807" WIDTH="83" HEIGHT="36" CONTENT="And," WC="0.25" CC="7885"/>
						<SP ID="P28_SP00038" HPOS="357" VPOS="843" WIDTH="19"/>
						<String ID="P28_ST00052" HPOS="376" VPOS="808" WIDTH="130" HEIGHT="39" CONTENT="making" WC="0.53" CC="440288"/>
						<SP ID="P28_SP00039" HPOS="506" VPOS="847" WIDTH="15"/>
						<String ID="P28_ST00053" HPOS="521" VPOS="808" WIDTH="72" HEIGHT="29" CONTENT="thus" WC="0.61" CC="0077"/>
						<SP ID="P28_SP00040" HPOS="593" VPOS="847" WIDTH="15"/>
						<String ID="P28_ST00054" HPOS="608" VPOS="809" WIDTH="49" HEIGHT="29" CONTENT="his" WC="0.64" CC="307"/>
						<SP ID="P28_SP00041" HPOS="657" VPOS="847" WIDTH="16"/>
						<String ID="P28_ST00055" HPOS="673" VPOS="809" WIDTH="172" HEIGHT="38" CONTENT="profession" WC="0.62" CC="4000087088"/>
					</TextLine>
				</TextBlock>
				<TextBlock ID="P28_TB00011" HPOS="522" VPOS="871" WIDTH="174" HEIGHT="35" STYLEREFS="TXT_2 PAR_LEFT">
					<TextLine ID="P28_TL00013" HPOS="522" VPOS="871" WIDTH="174" HEIGHT="35">
						<String ID="P28_ST00056" HPOS="522" VPOS="871" WIDTH="61" HEIGHT="30" CONTENT="and" WC="0.54" CC="075"/>
						<SP ID="P28_SP00042" HPOS="583" VPOS="901" WIDTH="16"/>
						<String ID="P28_ST00057" HPOS="599" VPOS="872" WIDTH="97" HEIGHT="34" CONTENT="boast," WC="0.68" CC="770400"/>
					</TextLine>
				</TextBlock>
				<TextBlock ID="P28_TB00012" HPOS="274" VPOS="933" WIDTH="470" HEIGHT="41" STYLEREFS="TXT_2 PAR_LEFT">
					<TextLine ID="P28_TL00014" HPOS="274" VPOS="934" WIDTH="470" HEIGHT="40">
						<String ID="P28_ST00058" HPOS="274" VPOS="934" WIDTH="161" HEIGHT="35" CONTENT="Receiv'd," WC="0.63" CC="008408083"/>
						<SP ID="P28_SP00043" HPOS="435" VPOS="969" WIDTH="17"/>
						<String ID="P28_ST00059" HPOS="452" VPOS="935" WIDTH="80" HEIGHT="29" CONTENT="from" WC="0.51" CC="3564"/>
						<SP ID="P28_SP00044" HPOS="532" VPOS="969" WIDTH="15"/>
						<String ID="P28_ST00060" HPOS="547" VPOS="935" WIDTH="53" HEIGHT="29" CONTENT="the" WC="0.75" CC="070"/>
						<SP ID="P28_SP00045" HPOS="600" VPOS="969" WIDTH="12"/>
						<String ID="P28_ST00061" HPOS="612" VPOS="935" WIDTH="132" HEIGHT="39" CONTENT="Bishop," WC="0.49" CC="8565280"/>
					</TextLine>
				</TextBlock>
				<TextBlock ID="P28_TB00013" HPOS="521" VPOS="998" WIDTH="273" HEIGHT="39" STYLEREFS="TXT_2 PAR_CENTER">
					<TextLine ID="P28_TL00015" HPOS="521" VPOS="998" WIDTH="273" HEIGHT="39">
						<String ID="P28_ST00062" HPOS="521" VPOS="998" WIDTH="54" HEIGHT="30" CONTENT="the" WC="0.93" CC="020"/>
						<SP ID="P28_SP00046" HPOS="575" VPOS="1028" WIDTH="16"/>
						<String ID="P28_ST00063" HPOS="591" VPOS="998" WIDTH="85" HEIGHT="39" CONTENT="Holy" WC="0.42" CC="7068"/>
						<SP ID="P28_SP00047" HPOS="676" VPOS="1037" WIDTH="16"/>
						<String ID="P28_ST00064" HPOS="692" VPOS="998" WIDTH="102" HEIGHT="30" CONTENT="Ghost" WC="0.53" CC="06671"/>
					</TextLine>
				</TextBlock>
				<TextBlock ID="P28_TB00014" HPOS="272" VPOS="1059" WIDTH="605" HEIGHT="39" STYLEREFS="TXT_2 PAR_LEFT">
					<TextLine ID="P28_TL00016" HPOS="273" VPOS="1059" WIDTH="604" HEIGHT="39">
						<String ID="P28_ST00065" HPOS="273" VPOS="1059" WIDTH="92" HEIGHT="31" CONTENT="Then" WC="0.51" CC="4806"/>
						<String ID="P28_ST00066" HPOS="366" VPOS="1079" WIDTH="43" HEIGHT="4" CONTENT="—" WC="0.20" CC="8"/>
						<String ID="P28_ST00067" HPOS="411" VPOS="1067" WIDTH="55" HEIGHT="23" CONTENT="not" WC="0.27" CC="876"/>
						<SP ID="P28_SP00048" HPOS="466" VPOS="1090" WIDTH="14"/>
						<String ID="P28_ST00068" HPOS="480" VPOS="1061" WIDTH="117" HEIGHT="37" CONTENT="having" WC="0.52" CC="740088"/>
						<SP ID="P28_SP00049" HPOS="597" VPOS="1098" WIDTH="10"/>
						<String ID="P28_ST00069" HPOS="607" VPOS="1061" WIDTH="52" HEIGHT="29" CONTENT="the" WC="0.80" CC="050"/>
						<SP ID="P28_SP00050" HPOS="659" VPOS="1098" WIDTH="16"/>
						<String ID="P28_ST00070" HPOS="675" VPOS="1061" WIDTH="64" HEIGHT="29" CONTENT="fear" WC="0.36" CC="3678"/>
						<SP ID="P28_SP00051" HPOS="739" VPOS="1098" WIDTH="16"/>
						<String ID="P28_ST00071" HPOS="755" VPOS="1061" WIDTH="36" HEIGHT="29" CONTENT="of" WC="0.40" CC="83"/>
						<SP ID="P28_SP00052" HPOS="791" VPOS="1098" WIDTH="17"/>
						<String ID="P28_ST00072" HPOS="808" VPOS="1060" WIDTH="69" HEIGHT="30" CONTENT="God" WC="0.15" CC="888"/>
					</TextLine>
				</TextBlock>
				<TextBlock ID="P28_TB00015" HPOS="519" VPOS="1121" WIDTH="231" HEIGHT="30" STYLEREFS="TXT_2 PAR_CENTER">
					<TextLine ID="P28_TL00017" HPOS="520" VPOS="1122" WIDTH="230" HEIGHT="29">
						<String ID="P28_ST00073" HPOS="520" VPOS="1122" WIDTH="106" HEIGHT="29" CONTENT="before" WC="0.73" CC="400361"/>
						<SP ID="P28_SP00053" HPOS="626" VPOS="1151" WIDTH="16"/>
						<String ID="P28_ST00074" HPOS="642" VPOS="1122" WIDTH="67" HEIGHT="29" CONTENT="him" WC="0.61" CC="047"/>
						<String ID="P28_ST00075" HPOS="710" VPOS="1140" WIDTH="40" HEIGHT="5" CONTENT="—" WC="0.20" CC="8"/>
					</TextLine>
				</TextBlock>
				<TextBlock ID="P28_TB00016" HPOS="272" VPOS="1182" WIDTH="370" HEIGHT="37" STYLEREFS="TXT_2 PAR_LEFT">
					<TextLine ID="P28_TL00018" HPOS="272" VPOS="1183" WIDTH="370" HEIGHT="36">
						<String ID="P28_ST00076" HPOS="272" VPOS="1183" WIDTH="28" HEIGHT="29" CONTENT="Is" WC="0.22" CC="78"/>
						<SP ID="P28_SP00054" HPOS="300" VPOS="1212" WIDTH="14"/>
						<String ID="P28_ST00077" HPOS="314" VPOS="1194" WIDTH="102" HEIGHT="23" CONTENT="sworn" WC="0.40" CC="76428"/>
						<SP ID="P28_SP00055" HPOS="416" VPOS="1217" WIDTH="18"/>
						<String ID="P28_ST00078" HPOS="434" VPOS="1185" WIDTH="31" HEIGHT="29" CONTENT="in" WC="0.36" CC="48"/>
						<SP ID="P28_SP00056" HPOS="465" VPOS="1217" WIDTH="14"/>
						<String ID="P28_ST00079" HPOS="479" VPOS="1196" WIDTH="18" HEIGHT="18" CONTENT="a" WC="0.64" CC="3"/>
						<SP ID="P28_SP00057" HPOS="497" VPOS="1217" WIDTH="14"/>
						<String ID="P28_ST00080" HPOS="511" VPOS="1185" WIDTH="131" HEIGHT="34" CONTENT="Justice," WC="0.76" CC="45502000"/>
					</TextLine>
				</TextBlock>
				<TextBlock ID="P28_TB00017" HPOS="524" VPOS="1247" WIDTH="441" HEIGHT="36" STYLEREFS="TXT_2 PAR_RIGHT">
					<TextLine ID="P28_TL00019" HPOS="525" VPOS="1248" WIDTH="440" HEIGHT="35">
						<String ID="P28_ST00081" HPOS="525" VPOS="1248" WIDTH="61" HEIGHT="29" CONTENT="and" WC="0.49" CC="077"/>
						<SP ID="P28_SP00058" HPOS="586" VPOS="1277" WIDTH="16"/>
						<String ID="P28_ST00082" HPOS="602" VPOS="1259" WIDTH="59" HEIGHT="19" CONTENT="one" WC="0.73" CC="080"/>
						<SP ID="P28_SP00059" HPOS="661" VPOS="1278" WIDTH="15"/>
						<String ID="P28_ST00083" HPOS="676" VPOS="1249" WIDTH="36" HEIGHT="29" CONTENT="of" WC="0.64" CC="07"/>
						<SP ID="P28_SP00060" HPOS="712" VPOS="1278" WIDTH="17"/>
						<String ID="P28_ST00084" HPOS="729" VPOS="1250" WIDTH="52" HEIGHT="29" CONTENT="the" WC="0.81" CC="031"/>
						<SP ID="P28_SP00061" HPOS="781" VPOS="1279" WIDTH="18"/>
						<String ID="P28_ST00085" HPOS="799" VPOS="1250" WIDTH="144" HEIGHT="33" CONTENT="Quorum" WC="0.51" CC="087075"/>
						<SP ID="P28_SP00062" HPOS="943" VPOS="1283" WIDTH="11"/>
						<String ID="P28_ST00086" HPOS="954" VPOS="1261" WIDTH="11" HEIGHT="22" CONTENT=";" WC="0.79" CC="2"/>
					</TextLine>
				</TextBlock>
				<TextBlock ID="P28_TB00018" HPOS="272" VPOS="1307" WIDTH="456" HEIGHT="41" STYLEREFS="TXT_2 PAR_LEFT">
					<TextLine ID="P28_TL00020" HPOS="273" VPOS="1307" WIDTH="455" HEIGHT="41">
						<String ID="P28_ST00087" HPOS="273" VPOS="1307" WIDTH="121" HEIGHT="31" CONTENT="'Gainst" WC="0.57" CC="7800680"/>
						<SP ID="P28_SP00063" HPOS="394" VPOS="1338" WIDTH="16"/>
						<String ID="P28_ST00088" HPOS="410" VPOS="1309" WIDTH="47" HEIGHT="30" CONTENT="his" WC="0.50" CC="068"/>
						<SP ID="P28_SP00064" HPOS="457" VPOS="1339" WIDTH="14"/>
						<String ID="P28_ST00089" HPOS="471" VPOS="1311" WIDTH="142" HEIGHT="37" CONTENT="spiritual" WC="0.63" CC="745005504"/>
						<SP ID="P28_SP00065" HPOS="613" VPOS="1348" WIDTH="24"/>
						<String ID="P28_ST00090" HPOS="637" VPOS="1312" WIDTH="91" HEIGHT="35" CONTENT="Oath," WC="0.50" CC="70782"/>
					</TextLine>
				</TextBlock>
				<TextBlock ID="P28_TB00019" HPOS="519" VPOS="1373" WIDTH="493" HEIGHT="38" STYLEREFS="TXT_2 PAR_RIGHT">
					<TextLine ID="P28_TL00021" HPOS="520" VPOS="1373" WIDTH="492" HEIGHT="38">
						<String ID="P28_ST00091" HPOS="520" VPOS="1378" WIDTH="70" HEIGHT="33" CONTENT="puts" WC="0.68" CC="0227"/>
						<SP ID="P28_SP00066" HPOS="590" VPOS="1411" WIDTH="16"/>
						<String ID="P28_ST00092" HPOS="606" VPOS="1373" WIDTH="48" HEIGHT="30" CONTENT="his" WC="0.94" CC="001"/>
						<SP ID="P28_SP00067" HPOS="654" VPOS="1411" WIDTH="17"/>
						<String ID="P28_ST00093" HPOS="671" VPOS="1374" WIDTH="84" HEIGHT="31" CONTENT="Oath" WC="0.67" CC="7050"/>
						<SP ID="P28_SP00068" HPOS="755" VPOS="1411" WIDTH="16"/>
						<String ID="P28_ST00094" HPOS="771" VPOS="1376" WIDTH="37" HEIGHT="29" CONTENT="of" WC="0.77" CC="03"/>
						<SP ID="P28_SP00069" HPOS="808" VPOS="1411" WIDTH="17"/>
						<String ID="P28_ST00095" HPOS="825" VPOS="1376" WIDTH="54" HEIGHT="29" CONTENT="the" WC="0.57" CC="570"/>
						<SP ID="P28_SP00070" HPOS="879" VPOS="1411" WIDTH="13"/>
						<String ID="P28_ST00096" HPOS="892" VPOS="1376" WIDTH="120" HEIGHT="35" CONTENT="Bench," WC="0.47" CC="708780"/>
					</TextLine>
				</TextBlock>
				<TextBlock ID="P28_TB00020" HPOS="267" VPOS="1432" WIDTH="455" HEIGHT="41" STYLEREFS="TXT_2 PAR_LEFT">
					<TextLine ID="P28_TL00022" HPOS="268" VPOS="1433" WIDTH="454" HEIGHT="40">
						<String ID="P28_ST00097" HPOS="268" VPOS="1433" WIDTH="82" HEIGHT="36" CONTENT="And," WC="0.54" CC="7540"/>
						<SP ID="P28_SP00071" HPOS="350" VPOS="1469" WIDTH="16"/>
						<String ID="P28_ST00098" HPOS="366" VPOS="1434" WIDTH="117" HEIGHT="30" CONTENT="instead" WC="0.60" CC="2874040"/>
						<SP ID="P28_SP00072" HPOS="483" VPOS="1469" WIDTH="21"/>
						<String ID="P28_ST00099" HPOS="504" VPOS="1436" WIDTH="37" HEIGHT="30" CONTENT="of" WC="0.86" CC="20"/>
						<SP ID="P28_SP00073" HPOS="541" VPOS="1469" WIDTH="14"/>
						<String ID="P28_ST00100" HPOS="555" VPOS="1437" WIDTH="49" HEIGHT="29" CONTENT="his" WC="0.40" CC="557"/>
						<SP ID="P28_SP00074" HPOS="604" VPOS="1469" WIDTH="15"/>
						<String ID="P28_ST00101" HPOS="619" VPOS="1438" WIDTH="103" HEIGHT="35" CONTENT="Bible," WC="0.60" CC="763600"/>
					</TextLine>
				</TextBlock>
				<TextBlock ID="P28_TB00021" HPOS="519" VPOS="1499" WIDTH="336" HEIGHT="37" STYLEREFS="TXT_2 PAR_RIGHT">
					<TextLine ID="P28_TL00023" HPOS="520" VPOS="1499" WIDTH="335" HEIGHT="37">
						<String ID="P28_ST00102" HPOS="520" VPOS="1499" WIDTH="160" HEIGHT="31" CONTENT="examines" WC="0.55" CC="06175805"/>
						<SP ID="P28_SP00075" HPOS="680" VPOS="1530" WIDTH="15"/>
						<String ID="P28_ST00103" HPOS="695" VPOS="1511" WIDTH="18" HEIGHT="19" CONTENT="a" WC="0.45" CC="5"/>
						<SP ID="P28_SP00076" HPOS="713" VPOS="1530" WIDTH="17"/>
						<String ID="P28_ST00104" HPOS="730" VPOS="1502" WIDTH="106" HEIGHT="30" CONTENT="wench" WC="0.58" CC="70804"/>
						<SP ID="P28_SP00077" HPOS="836" VPOS="1532" WIDTH="15"/>
						<String ID="P28_ST00105" HPOS="851" VPOS="1516" WIDTH="4" HEIGHT="20" CONTENT=";" WC="1.00" CC="0"/>
					</TextLine>
				</TextBlock>
				<TextBlock ID="P28_TB00022" HPOS="265" VPOS="1557" WIDTH="780" HEIGHT="38" STYLEREFS="TXT_2 PAR_CENTER">
					<TextLine ID="P28_TL00024" HPOS="267" VPOS="1557" WIDTH="778" HEIGHT="38">
						<String ID="P28_ST00106" HPOS="267" VPOS="1557" WIDTH="77" HEIGHT="30" CONTENT="Gets" WC="0.61" CC="0087"/>
						<SP ID="P28_SP00078" HPOS="344" VPOS="1587" WIDTH="17"/>
						<String ID="P28_ST00107" HPOS="361" VPOS="1558" WIDTH="171" HEIGHT="31" CONTENT="Chairman" WC="0.51" CC="80607627"/>
						<SP ID="P28_SP00079" HPOS="532" VPOS="1589" WIDTH="13"/>
						<String ID="P28_ST00108" HPOS="545" VPOS="1560" WIDTH="36" HEIGHT="30" CONTENT="of" WC="0.64" CC="07"/>
						<SP ID="P28_SP00080" HPOS="581" VPOS="1590" WIDTH="17"/>
						<String ID="P28_ST00109" HPOS="598" VPOS="1560" WIDTH="143" HEIGHT="33" CONTENT="Sessions" WC="0.81" CC="00850000"/>
						<String ID="P28_ST00110" HPOS="741" VPOS="1582" WIDTH="41" HEIGHT="6" CONTENT="—" WC="0.20" CC="8"/>
						<String ID="P28_ST00111" HPOS="785" VPOS="1564" WIDTH="102" HEIGHT="30" CONTENT="leaves" WC="0.86" CC="000107"/>
						<SP ID="P28_SP00081" HPOS="887" VPOS="1594" WIDTH="17"/>
						<String ID="P28_ST00112" HPOS="904" VPOS="1565" WIDTH="48" HEIGHT="30" CONTENT="his" WC="0.77" CC="006"/>
						<SP ID="P28_SP00082" HPOS="952" VPOS="1595" WIDTH="12"/>
						<String ID="P28_ST00113" HPOS="964" VPOS="1566" WIDTH="81" HEIGHT="29" CONTENT="flock" WC="0.83" CC="00061"/>
					</TextLine>
				</TextBlock>
				<TextBlock ID="P28_TB00023" HPOS="513" VPOS="1623" WIDTH="249" HEIGHT="41" STYLEREFS="TXT_2 PAR_CENTER">
					<TextLine ID="P28_TL00025" HPOS="513" VPOS="1623" WIDTH="249" HEIGHT="41">
						<String ID="P28_ST00114" HPOS="513" VPOS="1623" WIDTH="79" HEIGHT="36" CONTENT="sick," WC="0.78" CC="55000"/>
						<SP ID="P28_SP00083" HPOS="592" VPOS="1659" WIDTH="12"/>
						<String ID="P28_ST00115" HPOS="604" VPOS="1634" WIDTH="36" HEIGHT="20" CONTENT="or" WC="0.58" CC="16"/>
						<SP ID="P28_SP00084" HPOS="640" VPOS="1659" WIDTH="13"/>
						<String ID="P28_ST00116" HPOS="653" VPOS="1625" WIDTH="109" HEIGHT="39" CONTENT="dying," WC="0.42" CC="741785"/>
					</TextLine>
				</TextBlock>
				<TextBlock ID="P28_TB00024" HPOS="265" VPOS="1679" WIDTH="592" HEIGHT="40" STYLEREFS="TXT_2 PAR_LEFT">
					<TextLine ID="P28_TL00026" HPOS="266" VPOS="1680" WIDTH="591" HEIGHT="39">
						<String ID="P28_ST00117" HPOS="266" VPOS="1680" WIDTH="49" HEIGHT="29" CONTENT="To" WC="1.00" CC="00"/>
						<SP ID="P28_SP00085" HPOS="315" VPOS="1709" WIDTH="15"/>
						<String ID="P28_ST00118" HPOS="330" VPOS="1681" WIDTH="116" HEIGHT="31" CONTENT="license" WC="0.64" CC="0455062"/>
						<SP ID="P28_SP00086" HPOS="446" VPOS="1712" WIDTH="17"/>
						<String ID="P28_ST00119" HPOS="463" VPOS="1682" WIDTH="185" HEIGHT="33" CONTENT="Ale-houses" WC="0.65" CC="5750020534"/>
						<String ID="P28_ST00120" HPOS="650" VPOS="1704" WIDTH="42" HEIGHT="5" CONTENT="—" WC="0.20" CC="8"/>
						<String ID="P28_ST00121" HPOS="693" VPOS="1688" WIDTH="60" HEIGHT="30" CONTENT="and" WC="0.80" CC="050"/>
						<SP ID="P28_SP00087" HPOS="753" VPOS="1718" WIDTH="16"/>
						<String ID="P28_ST00122" HPOS="769" VPOS="1690" WIDTH="88" HEIGHT="29" CONTENT="assist" WC="0.61" CC="078070"/>
					</TextLine>
				</TextBlock>
				<TextBlock ID="P28_TB00025" HPOS="515" VPOS="1743" WIDTH="219" HEIGHT="46" STYLEREFS="TXT_2 PAR_LEFT">
					<TextLine ID="P28_TL00027" HPOS="515" VPOS="1747" WIDTH="219" HEIGHT="42">
						<String ID="P28_ST00123" HPOS="515" VPOS="1747" WIDTH="32" HEIGHT="29" CONTENT="in" WC="0.54" CC="53"/>
						<SP ID="P28_SP00088" HPOS="547" VPOS="1776" WIDTH="16"/>
						<String ID="P28_ST00124" HPOS="563" VPOS="1747" WIDTH="52" HEIGHT="30" CONTENT="the" WC="0.86" CC="300"/>
						<SP ID="P28_SP00089" HPOS="615" VPOS="1777" WIDTH="14"/>
						<String ID="P28_ST00125" HPOS="629" VPOS="1750" WIDTH="105" HEIGHT="39" CONTENT="trying" WC="0.56" CC="127068"/>
					</TextLine>
				</TextBlock>
				<TextBlock ID="P28_TB00026" HPOS="267" VPOS="1803" WIDTH="649" HEIGHT="51" STYLEREFS="TXT_2 PAR_LEFT">
					<TextLine ID="P28_TL00028" HPOS="267" VPOS="1804" WIDTH="649" HEIGHT="50">
						<String ID="P28_ST00126" HPOS="267" VPOS="1804" WIDTH="45" HEIGHT="29" CONTENT="Of" WC="0.28" CC="77"/>
						<SP ID="P28_SP00090" HPOS="312" VPOS="1833" WIDTH="19"/>
						<String ID="P28_ST00127" HPOS="331" VPOS="1807" WIDTH="191" HEIGHT="37" CONTENT="prostitutes," WC="0.62" CC="043155503770"/>
						<SP ID="P28_SP00091" HPOS="522" VPOS="1844" WIDTH="14"/>
						<String ID="P28_ST00128" HPOS="536" VPOS="1811" WIDTH="159" HEIGHT="37" CONTENT="poachers," WC="0.59" CC="515630850"/>
						<SP ID="P28_SP00092" HPOS="695" VPOS="1848" WIDTH="14"/>
						<String ID="P28_ST00129" HPOS="709" VPOS="1814" WIDTH="207" HEIGHT="40" CONTENT="pickpockets" WC="0.54" CC="70204580467"/>
					</TextLine>
				</TextBlock>
				<TextBlock ID="P28_TB00027" HPOS="509" VPOS="1871" WIDTH="211" HEIGHT="38" STYLEREFS="TXT_2 PAR_LEFT">
					<TextLine ID="P28_TL00029" HPOS="510" VPOS="1872" WIDTH="210" HEIGHT="37">
						<String ID="P28_ST00130" HPOS="510" VPOS="1872" WIDTH="60" HEIGHT="29" CONTENT="and" WC="0.19" CC="788"/>
						<SP ID="P28_SP00093" HPOS="570" VPOS="1901" WIDTH="16"/>
						<String ID="P28_ST00131" HPOS="586" VPOS="1873" WIDTH="117" HEIGHT="31" CONTENT="thieves" WC="0.50" CC="2638076"/>
						<SP ID="P28_SP00094" HPOS="703" VPOS="1904" WIDTH="13"/>
						<String ID="P28_ST00132" HPOS="716" VPOS="1888" WIDTH="4" HEIGHT="21" CONTENT=";" WC="1.00" CC="0"/>
					</TextLine>
				</TextBlock>
			</PrintSpace>
		</Page>
	</Layout>
</alto>
