<?xml version="1.0" encoding="UTF-8"?>
<alto xmlns:xsi="http://www.w3.org/2001/XMLSchema-instance" xsi:noNamespaceSchemaLocation="http://www.bl.uk/schemas/alto/alto-1-4.xsd" xmlns:xlink="http://www.w3.org/1999/xlink">
	<Description>
		<MeasurementUnit>mm10</MeasurementUnit>
		<sourceImageInformation>
			<fileName>//head1/IN/2007-34/A0010556622/004785.jp2</fileName>
		</sourceImageInformation>
		<OCRProcessing ID="OCRPROCESSING_1">
			<preProcessingStep>
				<processingSoftware>
					<softwareCreator>CCS Content Conversion Specialists GmbH, Germany</softwareCreator>
					<softwareName>CCS docWORKS</softwareName>
					<softwareVersion>6.1-0.54</softwareVersion>
				</processingSoftware>
			</preProcessingStep>
			<ocrProcessingStep>
				<processingSoftware>
					<softwareCreator>ABBYY (BIT Software), Russia</softwareCreator>
					<softwareName>Finereader</softwareName>
				</processingSoftware>
			</ocrProcessingStep>
		</OCRProcessing>
	</Description>
	<Styles>
		<TextStyle ID="TXT_0" FONTSIZE="10" FONTFAMILY="Courier New"/>
		<ParagraphStyle ID="PAR_LEFT" ALIGN="Left"/>
		<ParagraphStyle ID="PAR_RIGHT" ALIGN="Right"/>
		<ParagraphStyle ID="PAR_CENTER" ALIGN="Center"/>
	</Styles>
	<Layout>
		<Page ID="P25" PHYSICAL_IMG_NR="25" HEIGHT="1999" WIDTH="1190" QUALITY="Damaged" POSITION="Right" ACCURACY="69.30">
			<TopMargin ID="P25_TM00001" HPOS="0" VPOS="0" WIDTH="1190" HEIGHT="176"/>
			<LeftMargin ID="P25_LM00001" HPOS="0" VPOS="176" WIDTH="177" HEIGHT="1734"/>
			<RightMargin ID="P25_RM00001" HPOS="869" VPOS="176" WIDTH="321" HEIGHT="1734"/>
			<BottomMargin ID="P25_BM00001" HPOS="0" VPOS="1910" WIDTH="1190" HEIGHT="89"/>
			<PrintSpace ID="P25_PS00001" HPOS="177" VPOS="176" WIDTH="692" HEIGHT="1734">
				<TextBlock ID="P25_TB00001" HPOS="177" VPOS="176" WIDTH="545" HEIGHT="34" STYLEREFS="TXT_0 PAR_LEFT">
					<TextLine ID="P25_TL00001" HPOS="178" VPOS="176" WIDTH="544" HEIGHT="34">
						<String ID="P25_ST00001" HPOS="178" VPOS="176" WIDTH="83" HEIGHT="29" CONTENT="Who" WC="0.38" CC="764"/>
						<SP ID="P25_SP00001" HPOS="261" VPOS="205" WIDTH="12"/>
						<String ID="P25_ST00002" HPOS="273" VPOS="176" WIDTH="116" HEIGHT="29" CONTENT="haunts" WC="0.51" CC="607806"/>
						<SP ID="P25_SP00002" HPOS="389" VPOS="205" WIDTH="13"/>
						<String ID="P25_ST00003" HPOS="402" VPOS="176" WIDTH="83" HEIGHT="31" CONTENT="their" WC="0.70" CC="07006"/>
						<SP ID="P25_SP00003" HPOS="485" VPOS="207" WIDTH="14"/>
						<String ID="P25_ST00004" HPOS="499" VPOS="177" WIDTH="85" HEIGHT="31" CONTENT="Bad" WC="0.81" CC="500"/>
						<SP ID="P25_SP00004" HPOS="584" VPOS="208" WIDTH="14"/>
						<String ID="P25_ST00005" HPOS="598" VPOS="177" WIDTH="124" HEIGHT="33" CONTENT="House," WC="0.53" CC="168137"/>
					</TextLine>
				</TextBlock>
				<TextBlock ID="P25_TB00002" HPOS="434" VPOS="240" WIDTH="366" HEIGHT="39" STYLEREFS="TXT_0 PAR_RIGHT">
					<TextLine ID="P25_TL00002" HPOS="434" VPOS="240" WIDTH="366" HEIGHT="39">
						<String ID="P25_ST00006" HPOS="434" VPOS="251" WIDTH="17" HEIGHT="19" CONTENT="a" WC="1.00" CC="0"/>
						<SP ID="P25_SP00005" HPOS="451" VPOS="270" WIDTH="15"/>
						<String ID="P25_ST00007" HPOS="466" VPOS="241" WIDTH="74" HEIGHT="30" CONTENT="base" WC="0.48" CC="7570"/>
						<SP ID="P25_SP00006" HPOS="540" VPOS="271" WIDTH="14"/>
						<String ID="P25_ST00008" HPOS="554" VPOS="240" WIDTH="101" HEIGHT="39" CONTENT="living" WC="0.73" CC="101056"/>
						<SP ID="P25_SP00007" HPOS="655" VPOS="279" WIDTH="15"/>
						<String ID="P25_ST00009" HPOS="670" VPOS="244" WIDTH="31" HEIGHT="25" CONTENT="to" WC="0.89" CC="02"/>
						<SP ID="P25_SP00008" HPOS="701" VPOS="279" WIDTH="17"/>
						<String ID="P25_ST00010" HPOS="718" VPOS="249" WIDTH="82" HEIGHT="26" CONTENT="earn," WC="0.53" CC="02685"/>
					</TextLine>
				</TextBlock>
				<TextBlock ID="P25_TB00003" HPOS="180" VPOS="303" WIDTH="689" HEIGHT="41" STYLEREFS="TXT_0 PAR_CENTER">
					<TextLine ID="P25_TL00003" HPOS="180" VPOS="303" WIDTH="689" HEIGHT="41">
						<String ID="P25_ST00011" HPOS="180" VPOS="305" WIDTH="47" HEIGHT="39" CONTENT="By" WC="0.44" CC="28"/>
						<SP ID="P25_SP00009" HPOS="227" VPOS="344" WIDTH="18"/>
						<String ID="P25_ST00012" HPOS="245" VPOS="305" WIDTH="130" HEIGHT="39" CONTENT="playing" WC="0.51" CC="5407078"/>
						<SP ID="P25_SP00010" HPOS="375" VPOS="344" WIDTH="15"/>
						<String ID="P25_ST00013" HPOS="390" VPOS="304" WIDTH="256" HEIGHT="40" CONTENT="Jack-Pudding," WC="0.68" CC="5302006570280"/>
						<SP ID="P25_SP00011" HPOS="646" VPOS="344" WIDTH="13"/>
						<String ID="P25_ST00014" HPOS="659" VPOS="304" WIDTH="59" HEIGHT="29" CONTENT="and" WC="0.76" CC="034"/>
						<SP ID="P25_SP00012" HPOS="718" VPOS="344" WIDTH="16"/>
						<String ID="P25_ST00015" HPOS="734" VPOS="303" WIDTH="135" HEIGHT="36" CONTENT="Ruffian," WC="0.80" CC="00111073"/>
					</TextLine>
				</TextBlock>
				<TextBlock ID="P25_TB00004" HPOS="435" VPOS="373" WIDTH="139" HEIGHT="30" STYLEREFS="TXT_0 PAR_CENTER">
					<TextLine ID="P25_TL00004" HPOS="436" VPOS="373" WIDTH="138" HEIGHT="30">
						<String ID="P25_ST00016" HPOS="436" VPOS="373" WIDTH="32" HEIGHT="25" CONTENT="in" WC="0.60" CC="07"/>
						<SP ID="P25_SP00013" HPOS="468" VPOS="398" WIDTH="13"/>
						<String ID="P25_ST00017" HPOS="481" VPOS="373" WIDTH="73" HEIGHT="25" CONTENT="turn" WC="0.54" CC="0287"/>
						<SP ID="P25_SP00014" HPOS="554" VPOS="398" WIDTH="14"/>
						<String ID="P25_ST00018" HPOS="568" VPOS="381" WIDTH="6" HEIGHT="22" CONTENT=";" WC="1.00" CC="0"/>
					</TextLine>
				</TextBlock>
				<TextBlock ID="P25_TB00005" HPOS="181" VPOS="431" WIDTH="391" HEIGHT="37" STYLEREFS="TXT_0 PAR_LEFT">
					<TextLine ID="P25_TL00005" HPOS="182" VPOS="431" WIDTH="390" HEIGHT="37">
						<String ID="P25_ST00019" HPOS="182" VPOS="431" WIDTH="82" HEIGHT="31" CONTENT="Who" WC="0.80" CC="500"/>
						<SP ID="P25_SP00015" HPOS="264" VPOS="462" WIDTH="15"/>
						<String ID="P25_ST00020" HPOS="279" VPOS="433" WIDTH="116" HEIGHT="30" CONTENT="bullies" WC="0.73" CC="5400007"/>
						<SP ID="P25_SP00016" HPOS="395" VPOS="463" WIDTH="15"/>
						<String ID="P25_ST00021" HPOS="410" VPOS="432" WIDTH="49" HEIGHT="30" CONTENT="for" WC="0.89" CC="110"/>
						<SP ID="P25_SP00017" HPOS="459" VPOS="463" WIDTH="14"/>
						<String ID="P25_ST00022" HPOS="473" VPOS="432" WIDTH="99" HEIGHT="36" CONTENT="those," WC="0.79" CC="400700"/>
					</TextLine>
				</TextBlock>
				<TextBlock ID="P25_TB00006" HPOS="434" VPOS="492" WIDTH="433" HEIGHT="33" STYLEREFS="TXT_0 PAR_RIGHT">
					<TextLine ID="P25_TL00006" HPOS="435" VPOS="493" WIDTH="432" HEIGHT="32">
						<String ID="P25_ST00023" HPOS="435" VPOS="496" WIDTH="104" HEIGHT="29" CONTENT="whom" WC="0.67" CC="7050"/>
						<SP ID="P25_SP00018" HPOS="539" VPOS="525" WIDTH="15"/>
						<String ID="P25_ST00024" HPOS="554" VPOS="494" WIDTH="40" HEIGHT="31" CONTENT="he" WC="0.77" CC="40"/>
						<SP ID="P25_SP00019" HPOS="594" VPOS="525" WIDTH="12"/>
						<String ID="P25_ST00025" HPOS="606" VPOS="494" WIDTH="120" HEIGHT="31" CONTENT="bullied" WC="0.78" CC="4500005"/>
						<SP ID="P25_SP00020" HPOS="726" VPOS="525" WIDTH="15"/>
						<String ID="P25_ST00026" HPOS="741" VPOS="493" WIDTH="107" HEIGHT="31" CONTENT="before" WC="0.94" CC="001010"/>
						<SP ID="P25_SP00021" HPOS="848" VPOS="525" WIDTH="15"/>
						<String ID="P25_ST00027" HPOS="863" VPOS="506" WIDTH="4" HEIGHT="19" CONTENT=";" WC="0.47" CC="5"/>
					</TextLine>
				</TextBlock>
				<TextBlock ID="P25_TB00007" HPOS="180" VPOS="557" WIDTH="546" HEIGHT="36" STYLEREFS="TXT_0 PAR_LEFT">
					<TextLine ID="P25_TL00007" HPOS="180" VPOS="558" WIDTH="546" HEIGHT="35">
						<String ID="P25_ST00028" HPOS="180" VPOS="558" WIDTH="100" HEIGHT="30" CONTENT="Their" WC="0.91" CC="00004"/>
						<SP ID="P25_SP00022" HPOS="280" VPOS="588" WIDTH="14"/>
						<String ID="P25_ST00029" HPOS="294" VPOS="558" WIDTH="211" HEIGHT="35" CONTENT="Flash-man," WC="0.76" CC="5014102006"/>
						<SP ID="P25_SP00023" HPOS="505" VPOS="593" WIDTH="12"/>
						<String ID="P25_ST00030" HPOS="517" VPOS="558" WIDTH="81" HEIGHT="29" CONTENT="their" WC="0.80" CC="00018"/>
						<SP ID="P25_SP00024" HPOS="598" VPOS="593" WIDTH="16"/>
						<String ID="P25_ST00031" HPOS="614" VPOS="558" WIDTH="112" HEIGHT="34" CONTENT="Bravo," WC="0.68" CC="337400"/>
					</TextLine>
				</TextBlock>
				<TextBlock ID="P25_TB00008" HPOS="432" VPOS="621" WIDTH="334" HEIGHT="33" STYLEREFS="TXT_0 PAR_RIGHT">
					<TextLine ID="P25_TL00008" HPOS="433" VPOS="621" WIDTH="333" HEIGHT="33">
						<String ID="P25_ST00032" HPOS="433" VPOS="631" WIDTH="17" HEIGHT="20" CONTENT="a" WC="0.82" CC="1"/>
						<SP ID="P25_SP00025" HPOS="450" VPOS="651" WIDTH="11"/>
						<String ID="P25_ST00033" HPOS="461" VPOS="631" WIDTH="58" HEIGHT="20" CONTENT="son" WC="0.47" CC="725"/>
						<SP ID="P25_SP00026" HPOS="519" VPOS="651" WIDTH="12"/>
						<String ID="P25_ST00034" HPOS="531" VPOS="621" WIDTH="36" HEIGHT="30" CONTENT="of" WC="0.82" CC="30"/>
						<SP ID="P25_SP00027" HPOS="567" VPOS="651" WIDTH="18"/>
						<String ID="P25_ST00035" HPOS="585" VPOS="631" WIDTH="18" HEIGHT="19" CONTENT="a" WC="1.00" CC="0"/>
						<SP ID="P25_SP00028" HPOS="603" VPOS="651" WIDTH="156"/>
						<String ID="P25_ST00036" HPOS="759" VPOS="634" WIDTH="7" HEIGHT="20" CONTENT=";" WC="0.70" CC="2"/>
					</TextLine>
				</TextBlock>
				<TextBlock ID="P25_TB00009" HPOS="179" VPOS="681" WIDTH="419" HEIGHT="41" STYLEREFS="TXT_0 PAR_LEFT">
					<TextLine ID="P25_TL00009" HPOS="179" VPOS="682" WIDTH="419" HEIGHT="40">
						<String ID="P25_ST00037" HPOS="179" VPOS="685" WIDTH="72" HEIGHT="29" CONTENT="The" WC="0.77" CC="060"/>
						<SP ID="P25_SP00029" HPOS="251" VPOS="714" WIDTH="16"/>
						<String ID="P25_ST00038" HPOS="267" VPOS="684" WIDTH="71" HEIGHT="29" CONTENT="hate" WC="1.00" CC="0000"/>
						<SP ID="P25_SP00030" HPOS="338" VPOS="714" WIDTH="16"/>
						<String ID="P25_ST00039" HPOS="354" VPOS="683" WIDTH="35" HEIGHT="29" CONTENT="of" WC="0.97" CC="00"/>
						<SP ID="P25_SP00031" HPOS="389" VPOS="714" WIDTH="16"/>
						<String ID="P25_ST00040" HPOS="405" VPOS="682" WIDTH="52" HEIGHT="30" CONTENT="the" WC="0.40" CC="187"/>
						<SP ID="P25_SP00032" HPOS="457" VPOS="714" WIDTH="13"/>
						<String ID="P25_ST00041" HPOS="470" VPOS="682" WIDTH="128" HEIGHT="40" CONTENT="People," WC="0.78" CC="5000404"/>
					</TextLine>
				</TextBlock>
				<TextBlock ID="P25_TB00010" HPOS="441" VPOS="744" WIDTH="349" HEIGHT="35" STYLEREFS="TXT_0 PAR_RIGHT">
					<TextLine ID="P25_TL00010" HPOS="441" VPOS="744" WIDTH="349" HEIGHT="35">
						<String ID="P25_ST00042" HPOS="441" VPOS="746" WIDTH="40" HEIGHT="29" CONTENT="all" WC="0.79" CC="221"/>
						<SP ID="P25_SP00033" HPOS="481" VPOS="775" WIDTH="16"/>
						<String ID="P25_ST00043" HPOS="497" VPOS="744" WIDTH="124" HEIGHT="31" CONTENT="tatter'd" WC="0.72" CC="03200870"/>
						<SP ID="P25_SP00034" HPOS="621" VPOS="775" WIDTH="14"/>
						<String ID="P25_ST00044" HPOS="635" VPOS="746" WIDTH="62" HEIGHT="29" CONTENT="and" WC="0.37" CC="387"/>
						<SP ID="P25_SP00035" HPOS="697" VPOS="775" WIDTH="14"/>
						<String ID="P25_ST00045" HPOS="711" VPOS="749" WIDTH="79" HEIGHT="30" CONTENT="torn," WC="0.80" CC="02070"/>
					</TextLine>
				</TextBlock>
				<TextBlock ID="P25_TB00011" HPOS="181" VPOS="807" WIDTH="334" HEIGHT="38" STYLEREFS="TXT_0 PAR_LEFT">
					<TextLine ID="P25_TL00011" HPOS="182" VPOS="807" WIDTH="333" HEIGHT="38">
						<String ID="P25_ST00046" HPOS="182" VPOS="809" WIDTH="83" HEIGHT="29" CONTENT="Who" WC="0.66" CC="540"/>
						<SP ID="P25_SP00036" HPOS="265" VPOS="838" WIDTH="17"/>
						<String ID="P25_ST00047" HPOS="282" VPOS="818" WIDTH="90" HEIGHT="20" CONTENT="curse" WC="0.69" CC="00760"/>
						<SP ID="P25_SP00037" HPOS="372" VPOS="838" WIDTH="15"/>
						<String ID="P25_ST00048" HPOS="387" VPOS="807" WIDTH="53" HEIGHT="30" CONTENT="the" WC="0.50" CC="337"/>
						<SP ID="P25_SP00038" HPOS="440" VPOS="838" WIDTH="16"/>
						<String ID="P25_ST00049" HPOS="456" VPOS="807" WIDTH="59" HEIGHT="38" CONTENT="day" WC="0.91" CC="020"/>
					</TextLine>
				</TextBlock>
				<TextBlock ID="P25_TB00012" HPOS="438" VPOS="870" WIDTH="429" HEIGHT="39" STYLEREFS="TXT_0 PAR_RIGHT">
					<TextLine ID="P25_TL00012" HPOS="438" VPOS="870" WIDTH="429" HEIGHT="39">
						<String ID="P25_ST00050" HPOS="438" VPOS="870" WIDTH="139" HEIGHT="30" CONTENT="wherein" WC="0.65" CC="8004056"/>
						<SP ID="P25_SP00039" HPOS="577" VPOS="900" WIDTH="16"/>
						<String ID="P25_ST00051" HPOS="593" VPOS="870" WIDTH="73" HEIGHT="39" CONTENT="they" WC="0.78" CC="0107"/>
						<SP ID="P25_SP00040" HPOS="666" VPOS="909" WIDTH="17"/>
						<String ID="P25_ST00052" HPOS="683" VPOS="880" WIDTH="81" HEIGHT="20" CONTENT="Mere" WC="0.65" CC="8230"/>
						<SP ID="P25_SP00041" HPOS="764" VPOS="909" WIDTH="17"/>
						<String ID="P25_ST00053" HPOS="781" VPOS="870" WIDTH="86" HEIGHT="34" CONTENT="born," WC="0.50" CC="80880"/>
					</TextLine>
				</TextBlock>
				<TextBlock ID="P25_TB00013" HPOS="181" VPOS="933" WIDTH="429" HEIGHT="29" STYLEREFS="TXT_0 PAR_LEFT">
					<TextLine ID="P25_TL00013" HPOS="181" VPOS="933" WIDTH="429" HEIGHT="29">
						<String ID="P25_ST00054" HPOS="181" VPOS="934" WIDTH="53" HEIGHT="28" CONTENT="On" WC="0.20" CC="78"/>
						<SP ID="P25_SP00042" HPOS="234" VPOS="962" WIDTH="15"/>
						<String ID="P25_ST00055" HPOS="249" VPOS="937" WIDTH="136" HEIGHT="25" CONTENT="account" WC="0.75" CC="0404080"/>
						<SP ID="P25_SP00043" HPOS="385" VPOS="962" WIDTH="15"/>
						<String ID="P25_ST00056" HPOS="400" VPOS="933" WIDTH="35" HEIGHT="29" CONTENT="of" WC="0.48" CC="36"/>
						<SP ID="P25_SP00044" HPOS="435" VPOS="962" WIDTH="19"/>
						<String ID="P25_ST00057" HPOS="454" VPOS="933" WIDTH="156" HEIGHT="29" CONTENT="Taxation" WC="0.76" CC="00003608"/>
					</TextLine>
				</TextBlock>
				<TextBlock ID="P25_TB00014" HPOS="437" VPOS="994" WIDTH="379" HEIGHT="38" STYLEREFS="TXT_0 PAR_RIGHT">
					<TextLine ID="P25_TL00014" HPOS="438" VPOS="994" WIDTH="378" HEIGHT="38">
						<String ID="P25_ST00058" HPOS="438" VPOS="998" WIDTH="51" HEIGHT="26" CONTENT="too" WC="0.97" CC="000"/>
						<SP ID="P25_SP00045" HPOS="489" VPOS="1024" WIDTH="16"/>
						<String ID="P25_ST00059" HPOS="505" VPOS="1000" WIDTH="88" HEIGHT="32" CONTENT="great" WC="0.67" CC="75020"/>
						<SP ID="P25_SP00046" HPOS="593" VPOS="1032" WIDTH="14"/>
						<String ID="P25_ST00060" HPOS="607" VPOS="999" WIDTH="31" HEIGHT="25" CONTENT="to" WC="0.39" CC="75"/>
						<SP ID="P25_SP00047" HPOS="638" VPOS="1032" WIDTH="16"/>
						<String ID="P25_ST00061" HPOS="654" VPOS="995" WIDTH="38" HEIGHT="29" CONTENT="be" WC="0.76" CC="40"/>
						<SP ID="P25_SP00048" HPOS="692" VPOS="1032" WIDTH="16"/>
						<String ID="P25_ST00062" HPOS="708" VPOS="994" WIDTH="108" HEIGHT="33" CONTENT="borne," WC="0.72" CC="442005"/>
					</TextLine>
				</TextBlock>
				<TextBlock ID="P25_TB00015" HPOS="186" VPOS="1057" WIDTH="349" HEIGHT="42" STYLEREFS="TXT_0 PAR_LEFT">
					<TextLine ID="P25_TL00015" HPOS="186" VPOS="1058" WIDTH="349" HEIGHT="41">
						<String ID="P25_ST00063" HPOS="186" VPOS="1060" WIDTH="76" HEIGHT="30" CONTENT="And" WC="0.26" CC="686"/>
						<SP ID="P25_SP00049" HPOS="262" VPOS="1090" WIDTH="17"/>
						<String ID="P25_ST00064" HPOS="279" VPOS="1070" WIDTH="77" HEIGHT="29" CONTENT="pray" WC="0.70" CC="4106"/>
						<SP ID="P25_SP00050" HPOS="356" VPOS="1099" WIDTH="15"/>
						<String ID="P25_ST00065" HPOS="371" VPOS="1059" WIDTH="47" HEIGHT="29" CONTENT="for" WC="0.74" CC="205"/>
						<SP ID="P25_SP00051" HPOS="418" VPOS="1099" WIDTH="17"/>
						<String ID="P25_ST00066" HPOS="435" VPOS="1058" WIDTH="100" HEIGHT="35" CONTENT="relief," WC="0.74" CC="4440021"/>
					</TextLine>
				</TextBlock>
				<TextBlock ID="P25_TB00016" HPOS="430" VPOS="1120" WIDTH="352" HEIGHT="39" STYLEREFS="TXT_0 PAR_RIGHT">
					<TextLine ID="P25_TL00016" HPOS="431" VPOS="1120" WIDTH="351" HEIGHT="39">
						<String ID="P25_ST00067" HPOS="431" VPOS="1121" WIDTH="81" HEIGHT="29" CONTENT="from" WC="0.79" CC="1500"/>
						<SP ID="P25_SP00052" HPOS="512" VPOS="1150" WIDTH="15"/>
						<String ID="P25_ST00068" HPOS="527" VPOS="1120" WIDTH="94" HEIGHT="39" CONTENT="night" WC="0.80" CC="70200"/>
						<SP ID="P25_SP00053" HPOS="621" VPOS="1159" WIDTH="15"/>
						<String ID="P25_ST00069" HPOS="636" VPOS="1125" WIDTH="32" HEIGHT="24" CONTENT="to" WC="0.87" CC="11"/>
						<SP ID="P25_SP00054" HPOS="668" VPOS="1159" WIDTH="14"/>
						<String ID="P25_ST00070" HPOS="682" VPOS="1128" WIDTH="100" HEIGHT="26" CONTENT="morn," WC="0.56" CC="58052"/>
					</TextLine>
				</TextBlock>
				<TextBlock ID="P25_TB00017" HPOS="178" VPOS="1158" WIDTH="375" HEIGHT="56" STYLEREFS="TXT_0 PAR_LEFT">
					<TextLine ID="P25_TL00017" HPOS="179" VPOS="1182" WIDTH="374" HEIGHT="32">
						<String ID="P25_ST00071" HPOS="179" VPOS="1182" WIDTH="88" HEIGHT="32" CONTENT="Wfio'" WC="0.40" CC="77707"/>
						<SP ID="P25_SP00055" HPOS="267" VPOS="1214" WIDTH="10"/>
						<String ID="P25_ST00072" HPOS="277" VPOS="1185" WIDTH="34" HEIGHT="29" CONTENT="im" WC="0.27" CC="58"/>
						<SP ID="P25_SP00056" HPOS="311" VPOS="1214" WIDTH="15"/>
						<String ID="P25_ST00073" HPOS="326" VPOS="1185" WIDTH="73" HEIGHT="29" CONTENT="vain" WC="0.66" CC="6007"/>
						<SP ID="P25_SP00057" HPOS="399" VPOS="1214" WIDTH="16"/>
						<String ID="P25_ST00074" HPOS="415" VPOS="1184" WIDTH="138" HEIGHT="30" CONTENT="Petition" WC="0.81" CC="03000037"/>
					</TextLine>
				</TextBlock>
				<TextBlock ID="P25_TB00018" HPOS="434" VPOS="1246" WIDTH="242" HEIGHT="39" STYLEREFS="TXT_0 PAR_RIGHT">
					<TextLine ID="P25_TL00018" HPOS="434" VPOS="1246" WIDTH="242" HEIGHT="39">
						<String ID="P25_ST00075" HPOS="434" VPOS="1248" WIDTH="33" HEIGHT="29" CONTENT="in" WC="0.73" CC="05"/>
						<SP ID="P25_SP00058" HPOS="467" VPOS="1277" WIDTH="15"/>
						<String ID="P25_ST00076" HPOS="482" VPOS="1257" WIDTH="92" HEIGHT="28" CONTENT="every" WC="0.80" CC="03005"/>
						<SP ID="P25_SP00059" HPOS="574" VPOS="1285" WIDTH="13"/>
						<String ID="P25_ST00077" HPOS="587" VPOS="1246" WIDTH="89" HEIGHT="34" CONTENT="form," WC="0.73" CC="40610"/>
					</TextLine>
				</TextBlock>
				<TextBlock ID="P25_TB00019" HPOS="180" VPOS="1309" WIDTH="432" HEIGHT="43" STYLEREFS="TXT_0 PAR_LEFT">
					<TextLine ID="P25_TL00019" HPOS="181" VPOS="1310" WIDTH="431" HEIGHT="42">
						<String ID="P25_ST00078" HPOS="181" VPOS="1312" WIDTH="83" HEIGHT="30" CONTENT="Who" WC="0.89" CC="003"/>
						<SP ID="P25_SP00060" HPOS="264" VPOS="1342" WIDTH="16"/>
						<String ID="P25_ST00079" HPOS="280" VPOS="1311" WIDTH="170" HEIGHT="41" CONTENT="peaceably" WC="0.67" CC="803060055"/>
						<SP ID="P25_SP00061" HPOS="450" VPOS="1352" WIDTH="16"/>
						<String ID="P25_ST00080" HPOS="466" VPOS="1310" WIDTH="146" HEIGHT="39" CONTENT="Meeting" WC="0.83" CC="0000334"/>
					</TextLine>
				</TextBlock>
				<TextBlock ID="P25_TB00020" HPOS="438" VPOS="1369" WIDTH="320" HEIGHT="33" STYLEREFS="TXT_0 PAR_RIGHT">
					<TextLine ID="P25_TL00020" HPOS="438" VPOS="1370" WIDTH="320" HEIGHT="32">
						<String ID="P25_ST00081" HPOS="438" VPOS="1378" WIDTH="33" HEIGHT="24" CONTENT="to" WC="0.83" CC="03"/>
						<SP ID="P25_SP00062" HPOS="471" VPOS="1402" WIDTH="16"/>
						<String ID="P25_ST00082" HPOS="487" VPOS="1373" WIDTH="56" HEIGHT="29" CONTENT="ask" WC="0.68" CC="440"/>
						<SP ID="P25_SP00063" HPOS="543" VPOS="1402" WIDTH="13"/>
						<String ID="P25_ST00083" HPOS="556" VPOS="1371" WIDTH="49" HEIGHT="30" CONTENT="for" WC="0.77" CC="402"/>
						<SP ID="P25_SP00064" HPOS="605" VPOS="1402" WIDTH="15"/>
						<String ID="P25_ST00084" HPOS="620" VPOS="1370" WIDTH="138" HEIGHT="32" CONTENT="Reform," WC="0.80" CC="2030430"/>
					</TextLine>
				</TextBlock>
				<TextBlock ID="P25_TB00021" HPOS="180" VPOS="1431" WIDTH="637" HEIGHT="44" STYLEREFS="TXT_0 PAR_CENTER">
					<TextLine ID="P25_TL00021" HPOS="181" VPOS="1431" WIDTH="636" HEIGHT="44">
						<String ID="P25_ST00085" HPOS="181" VPOS="1438" WIDTH="96" HEIGHT="31" CONTENT="Were" WC="0.76" CC="6030"/>
						<SP ID="P25_SP00065" HPOS="277" VPOS="1469" WIDTH="16"/>
						<String ID="P25_ST00086" HPOS="293" VPOS="1437" WIDTH="113" HEIGHT="32" CONTENT="sabred" WC="0.65" CC="640432"/>
						<SP ID="P25_SP00066" HPOS="406" VPOS="1469" WIDTH="16"/>
						<String ID="P25_ST00087" HPOS="422" VPOS="1437" WIDTH="43" HEIGHT="38" CONTENT="by" WC="0.66" CC="06"/>
						<SP ID="P25_SP00067" HPOS="465" VPOS="1475" WIDTH="15"/>
						<String ID="P25_ST00088" HPOS="480" VPOS="1436" WIDTH="181" HEIGHT="37" CONTENT="Yeomanry" WC="0.79" CC="00500127"/>
						<SP ID="P25_SP00068" HPOS="661" VPOS="1475" WIDTH="15"/>
						<String ID="P25_ST00089" HPOS="676" VPOS="1431" WIDTH="141" HEIGHT="39" CONTENT="Cavalry," WC="0.59" CC="70327381"/>
					</TextLine>
				</TextBlock>
				<TextBlock ID="P25_TB00022" HPOS="434" VPOS="1496" WIDTH="71" HEIGHT="30" STYLEREFS="TXT_0 PAR_LEFT">
					<TextLine ID="P25_TL00022" HPOS="434" VPOS="1497" WIDTH="71" HEIGHT="29">
						<String ID="P25_ST00090" HPOS="434" VPOS="1497" WIDTH="71" HEIGHT="29" CONTENT="who" WC="0.70" CC="601"/>
					</TextLine>
				</TextBlock>
				<TextBlock ID="P25_TB00023" HPOS="182" VPOS="1559" WIDTH="536" HEIGHT="42" STYLEREFS="TXT_0 PAR_LEFT">
					<TextLine ID="P25_TL00023" HPOS="182" VPOS="1559" WIDTH="536" HEIGHT="42">
						<String ID="P25_ST00091" HPOS="182" VPOS="1564" WIDTH="93" HEIGHT="30" CONTENT="Were" WC="0.70" CC="1621"/>
						<SP ID="P25_SP00069" HPOS="275" VPOS="1594" WIDTH="14"/>
						<String ID="P25_ST00092" HPOS="289" VPOS="1563" WIDTH="133" HEIGHT="31" CONTENT="thank'd" WC="0.71" CC="1005075"/>
						<SP ID="P25_SP00070" HPOS="422" VPOS="1594" WIDTH="17"/>
						<String ID="P25_ST00093" HPOS="439" VPOS="1563" WIDTH="42" HEIGHT="38" CONTENT="by" WC="0.81" CC="03"/>
						<SP ID="P25_SP00071" HPOS="481" VPOS="1601" WIDTH="13"/>
						<String ID="P25_ST00094" HPOS="494" VPOS="1562" WIDTH="93" HEIGHT="30" CONTENT="THE" WC="0.78" CC="060"/>
						<SP ID="P25_SP00072" HPOS="587" VPOS="1601" WIDTH="23"/>
						<String ID="P25_ST00095" HPOS="610" VPOS="1559" WIDTH="108" HEIGHT="34" CONTENT="MAN," WC="0.68" CC="0064"/>
					</TextLine>
				</TextBlock>
				<TextBlock ID="P25_TB00024" HPOS="433" VPOS="1620" WIDTH="372" HEIGHT="36" STYLEREFS="TXT_0 PAR_RIGHT">
					<TextLine ID="P25_TL00024" HPOS="433" VPOS="1621" WIDTH="372" HEIGHT="35">
						<String ID="P25_ST00096" HPOS="433" VPOS="1626" WIDTH="41" HEIGHT="29" CONTENT="all" WC="0.87" CC="003"/>
						<SP ID="P25_SP00073" HPOS="474" VPOS="1655" WIDTH="15"/>
						<String ID="P25_ST00097" HPOS="489" VPOS="1624" WIDTH="117" HEIGHT="30" CONTENT="shaven" WC="0.62" CC="500638"/>
						<SP ID="P25_SP00074" HPOS="606" VPOS="1655" WIDTH="15"/>
						<String ID="P25_ST00098" HPOS="621" VPOS="1622" WIDTH="62" HEIGHT="30" CONTENT="and" WC="0.85" CC="003"/>
						<SP ID="P25_SP00075" HPOS="683" VPOS="1655" WIDTH="16"/>
						<String ID="P25_ST00099" HPOS="699" VPOS="1621" WIDTH="106" HEIGHT="35" CONTENT="shorn," WC="0.60" CC="600565"/>
					</TextLine>
				</TextBlock>
				<TextBlock ID="P25_TB00025" HPOS="182" VPOS="1686" WIDTH="466" HEIGHT="34" STYLEREFS="TXT_0 PAR_LEFT">
					<TextLine ID="P25_TL00025" HPOS="182" VPOS="1686" WIDTH="466" HEIGHT="34">
						<String ID="P25_ST00100" HPOS="182" VPOS="1690" WIDTH="54" HEIGHT="30" CONTENT="All" WC="0.81" CC="500"/>
						<SP ID="P25_SP00076" HPOS="236" VPOS="1720" WIDTH="16"/>
						<String ID="P25_ST00101" HPOS="252" VPOS="1688" WIDTH="129" HEIGHT="31" CONTENT="cover'd" WC="0.60" CC="0454074"/>
						<SP ID="P25_SP00077" HPOS="381" VPOS="1720" WIDTH="16"/>
						<String ID="P25_ST00102" HPOS="397" VPOS="1687" WIDTH="76" HEIGHT="30" CONTENT="with" WC="0.81" CC="7000"/>
						<SP ID="P25_SP00078" HPOS="473" VPOS="1720" WIDTH="14"/>
						<String ID="P25_ST00103" HPOS="487" VPOS="1686" WIDTH="119" HEIGHT="31" CONTENT="Orders" WC="0.70" CC="344003"/>
						<String ID="P25_ST00104" HPOS="607" VPOS="1702" WIDTH="41" HEIGHT="5" CONTENT="—" WC="0.20" CC="8"/>
					</TextLine>
				</TextBlock>
				<TextBlock ID="P25_TB00026" HPOS="435" VPOS="1749" WIDTH="267" HEIGHT="33" STYLEREFS="TXT_0 PAR_RIGHT">
					<TextLine ID="P25_TL00026" HPOS="435" VPOS="1749" WIDTH="267" HEIGHT="33">
						<String ID="P25_ST00105" HPOS="435" VPOS="1751" WIDTH="63" HEIGHT="31" CONTENT="and" WC="0.78" CC="060"/>
						<SP ID="P25_SP00079" HPOS="498" VPOS="1782" WIDTH="14"/>
						<String ID="P25_ST00106" HPOS="512" VPOS="1751" WIDTH="40" HEIGHT="30" CONTENT="all" WC="0.91" CC="020"/>
						<SP ID="P25_SP00080" HPOS="552" VPOS="1782" WIDTH="17"/>
						<String ID="P25_ST00107" HPOS="569" VPOS="1749" WIDTH="118" HEIGHT="31" CONTENT="forlorn" WC="0.73" CC="4250005"/>
						<String ID="P25_ST00108" HPOS="697" VPOS="1760" WIDTH="5" HEIGHT="22" CONTENT=";" WC="0.66" CC="3"/>
					</TextLine>
				</TextBlock>
				<TextBlock ID="P25_TB00027" HPOS="180" VPOS="1810" WIDTH="515" HEIGHT="37" STYLEREFS="TXT_0 PAR_LEFT">
					<TextLine ID="P25_TL00027" HPOS="180" VPOS="1810" WIDTH="515" HEIGHT="37">
						<String ID="P25_ST00109" HPOS="180" VPOS="1817" WIDTH="94" HEIGHT="30" CONTENT="THE" WC="0.90" CC="020"/>
						<SP ID="P25_SP00081" HPOS="274" VPOS="1847" WIDTH="15"/>
						<String ID="P25_ST00110" HPOS="289" VPOS="1815" WIDTH="159" HEIGHT="32" CONTENT="DANDY" WC="0.57" CC="35470"/>
						<SP ID="P25_SP00082" HPOS="448" VPOS="1847" WIDTH="24"/>
						<String ID="P25_ST00111" HPOS="472" VPOS="1814" WIDTH="57" HEIGHT="30" CONTENT="OF" WC="0.66" CC="60"/>
						<SP ID="P25_SP00083" HPOS="529" VPOS="1847" WIDTH="24"/>
						<String ID="P25_ST00112" HPOS="553" VPOS="1810" WIDTH="142" HEIGHT="36" CONTENT="SIXTY," WC="0.68" CC="450071"/>
					</TextLine>
				</TextBlock>
				<TextBlock ID="P25_TB00028" HPOS="436" VPOS="1872" WIDTH="414" HEIGHT="38" STYLEREFS="TXT_0 PAR_RIGHT">
					<TextLine ID="P25_TL00028" HPOS="436" VPOS="1872" WIDTH="414" HEIGHT="38">
						<String ID="P25_ST00113" HPOS="436" VPOS="1877" WIDTH="69" HEIGHT="30" CONTENT="who" WC="0.34" CC="846"/>
						<SP ID="P25_SP00084" HPOS="505" VPOS="1907" WIDTH="16"/>
						<String ID="P25_ST00114" HPOS="521" VPOS="1877" WIDTH="89" HEIGHT="28" CONTENT="bows" WC="0.46" CC="7067"/>
						<SP ID="P25_SP00085" HPOS="610" VPOS="1907" WIDTH="16"/>
						<String ID="P25_ST00115" HPOS="626" VPOS="1872" WIDTH="77" HEIGHT="32" CONTENT="with" WC="0.65" CC="7410"/>
						<SP ID="P25_SP00086" HPOS="703" VPOS="1907" WIDTH="16"/>
						<String ID="P25_ST00116" HPOS="719" VPOS="1883" WIDTH="15" HEIGHT="18" CONTENT="a" WC="0.66" CC="3"/>
						<SP ID="P25_SP00087" HPOS="734" VPOS="1907" WIDTH="14"/>
						<String ID="P25_ST00117" HPOS="748" VPOS="1879" WIDTH="102" HEIGHT="31" CONTENT="grace," WC="0.57" CC="770603"/>
					</TextLine>
				</TextBlock>
			</PrintSpace>
		</Page>
	</Layout>
</alto>
