<?xml version="1.0" encoding="UTF-8"?>
<alto xmlns:xsi="http://www.w3.org/2001/XMLSchema-instance" xsi:noNamespaceSchemaLocation="http://www.bl.uk/schemas/alto/alto-1-4.xsd" xmlns:xlink="http://www.w3.org/1999/xlink">
	<Description>
		<MeasurementUnit>mm10</MeasurementUnit>
		<sourceImageInformation>
			<fileName>//head1/IN/2007-34/A0010556622/004773.jp2</fileName>
		</sourceImageInformation>
		<OCRProcessing ID="OCRPROCESSING_1">
			<preProcessingStep>
				<processingSoftware>
					<softwareCreator>CCS Content Conversion Specialists GmbH, Germany</softwareCreator>
					<softwareName>CCS docWORKS</softwareName>
					<softwareVersion>6.1-0.54</softwareVersion>
				</processingSoftware>
			</preProcessingStep>
			<ocrProcessingStep>
				<processingSoftware>
					<softwareCreator>ABBYY (BIT Software), Russia</softwareCreator>
					<softwareName>Finereader</softwareName>
				</processingSoftware>
			</ocrProcessingStep>
		</OCRProcessing>
	</Description>
	<Styles>
		<TextStyle ID="TXT_0" FONTSIZE="9" FONTFAMILY="Courier New"/>
		<TextStyle ID="TXT_1" FONTSIZE="10" FONTFAMILY="Courier New"/>
		<ParagraphStyle ID="PAR_LEFT" ALIGN="Left"/>
		<ParagraphStyle ID="PAR_CENTER" ALIGN="Center"/>
		<ParagraphStyle ID="PAR_RIGHT" ALIGN="Right"/>
	</Styles>
	<Layout>
		<Page ID="P13" PHYSICAL_IMG_NR="13" HEIGHT="1999" WIDTH="1190" QUALITY="Damaged" POSITION="Right" ACCURACY="55.88">
			<TopMargin ID="P13_TM00001" HPOS="0" VPOS="0" WIDTH="1190" HEIGHT="197"/>
			<LeftMargin ID="P13_LM00001" HPOS="0" VPOS="197" WIDTH="39" HEIGHT="1542"/>
			<RightMargin ID="P13_RM00001" HPOS="964" VPOS="197" WIDTH="226" HEIGHT="1542"/>
			<BottomMargin ID="P13_BM00001" HPOS="0" VPOS="1739" WIDTH="1190" HEIGHT="260"/>
			<PrintSpace ID="P13_PS00001" HPOS="39" VPOS="197" WIDTH="925" HEIGHT="1542">
				<TextBlock ID="P13_TB00001" HPOS="210" VPOS="1014" WIDTH="313" HEIGHT="24" STYLEREFS="TXT_0 PAR_LEFT">
					<TextLine ID="P13_TL00001" HPOS="211" VPOS="1014" WIDTH="312" HEIGHT="24">
						<String ID="P13_ST00001" HPOS="211" VPOS="1015" WIDTH="13" HEIGHT="10" CONTENT='"' WC="0.36" CC="6"/>
						<SP ID="P13_SP00001" HPOS="224" VPOS="1025" WIDTH="13"/>
						<String ID="P13_ST00002" HPOS="237" VPOS="1015" WIDTH="60" HEIGHT="19" CONTENT="Once" WC="0.27" CC="5887"/>
						<SP ID="P13_SP00002" HPOS="297" VPOS="1034" WIDTH="8"/>
						<String ID="P13_ST00003" HPOS="305" VPOS="1015" WIDTH="106" HEIGHT="23" CONTENT="enslaved," WC="0.50" CC="465084176"/>
						<SP ID="P13_SP00003" HPOS="411" VPOS="1038" WIDTH="11"/>
						<String ID="P13_ST00004" HPOS="422" VPOS="1014" WIDTH="91" HEIGHT="20" CONTENT="farewell" WC="0.67" CC="17534101"/>
						<String ID="P13_ST00005" HPOS="521" VPOS="1016" WIDTH="2" HEIGHT="18" CONTENT="!" WC="1.00" CC="0"/>
					</TextLine>
				</TextBlock>
				<TextBlock ID="P13_TB00002" HPOS="209" VPOS="1090" WIDTH="385" HEIGHT="25" STYLEREFS="TXT_0 PAR_LEFT">
					<TextLine ID="P13_TL00002" HPOS="210" VPOS="1091" WIDTH="384" HEIGHT="24">
						<String ID="P13_ST00006" HPOS="210" VPOS="1091" WIDTH="34" HEIGHT="19" CONTENT="l.o" WC="0.28" CC="875"/>
						<SP ID="P13_SP00004" HPOS="244" VPOS="1110" WIDTH="10"/>
						<String ID="P13_ST00007" HPOS="254" VPOS="1091" WIDTH="10" HEIGHT="19" CONTENT="I" WC="1.00" CC="0"/>
						<SP ID="P13_SP00005" HPOS="264" VPOS="1110" WIDTH="11"/>
						<String ID="P13_ST00008" HPOS="275" VPOS="1091" WIDTH="98" HEIGHT="19" CONTENT="forebode" WC="0.46" CC="73125687"/>
						<SP ID="P13_SP00006" HPOS="373" VPOS="1110" WIDTH="11"/>
						<String ID="P13_ST00009" HPOS="384" VPOS="1091" WIDTH="119" HEIGHT="24" CONTENT="impossible" WC="0.46" CC="2758882541"/>
						<SP ID="P13_SP00007" HPOS="503" VPOS="1115" WIDTH="11"/>
						<String ID="P13_ST00010" HPOS="514" VPOS="1096" WIDTH="80" HEIGHT="18" CONTENT="events," WC="0.37" CC="7688580"/>
					</TextLine>
				</TextBlock>
				<TextBlock ID="P13_TB00003" HPOS="209" VPOS="1126" WIDTH="619" HEIGHT="28" STYLEREFS="TXT_0 PAR_CENTER">
					<TextLine ID="P13_TL00003" HPOS="210" VPOS="1127" WIDTH="618" HEIGHT="27">
						<String ID="P13_ST00011" HPOS="210" VPOS="1129" WIDTH="46" HEIGHT="19" CONTENT="And" WC="0.33" CC="784"/>
						<SP ID="P13_SP00008" HPOS="256" VPOS="1148" WIDTH="12"/>
						<String ID="P13_ST00012" HPOS="268" VPOS="1129" WIDTH="89" HEIGHT="19" CONTENT="tremble" WC="0.34" CC="7668168"/>
						<SP ID="P13_SP00009" HPOS="357" VPOS="1148" WIDTH="7"/>
						<String ID="P13_ST00013" HPOS="364" VPOS="1131" WIDTH="25" HEIGHT="18" CONTENT="at" WC="0.35" CC="48"/>
						<SP ID="P13_SP00010" HPOS="389" VPOS="1149" WIDTH="6"/>
						<String ID="P13_ST00014" HPOS="395" VPOS="1127" WIDTH="140" HEIGHT="27" CONTENT="v^p^dr.eams" WC="0.29" CC="78888706768"/>
						<SP ID="P13_SP00011" HPOS="535" VPOS="1154" WIDTH="11"/>
						<String ID="P13_ST00015" HPOS="546" VPOS="1130" WIDTH="6" HEIGHT="18" CONTENT="?" WC="0.37" CC="6"/>
						<SP ID="P13_SP00012" HPOS="552" VPOS="1154" WIDTH="19"/>
						<String ID="P13_ST00016" HPOS="571" VPOS="1130" WIDTH="81" HEIGHT="18" CONTENT="Heav'n" WC="0.39" CC="387808"/>
						<SP ID="P13_SP00013" HPOS="652" VPOS="1154" WIDTH="10"/>
						<String ID="P13_ST00017" HPOS="662" VPOS="1132" WIDTH="61" HEIGHT="22" CONTENT="grant" WC="0.21" CC="88885"/>
						<SP ID="P13_SP00014" HPOS="723" VPOS="1154" WIDTH="11"/>
						<String ID="P13_ST00018" HPOS="734" VPOS="1130" WIDTH="7" HEIGHT="19" CONTENT="I" WC="0.19" CC="8"/>
						<SP ID="P13_SP00015" HPOS="741" VPOS="1154" WIDTH="12"/>
						<String ID="P13_ST00019" HPOS="753" VPOS="1136" WIDTH="47" HEIGHT="18" CONTENT="may" WC="0.23" CC="886"/>
						<SP ID="P13_SP00016" HPOS="800" VPOS="1154" WIDTH="10"/>
						<String ID="P13_ST00020" HPOS="810" VPOS="1130" WIDTH="18" HEIGHT="18" CONTENT='!"' WC="0.55" CC="62"/>
					</TextLine>
				</TextBlock>
				<TextBlock ID="P13_TB00004" HPOS="402" VPOS="1205" WIDTH="151" HEIGHT="19" STYLEREFS="TXT_0 PAR_CENTER">
					<TextLine ID="P13_TL00004" HPOS="402" VPOS="1205" WIDTH="151" HEIGHT="19">
						<String ID="P13_ST00021" HPOS="402" VPOS="1206" WIDTH="14" HEIGHT="17" CONTENT="P" WC="0.13" CC="8"/>
						<SP ID="P13_SP00017" HPOS="416" VPOS="1223" WIDTH="9"/>
						<String ID="P13_ST00022" HPOS="425" VPOS="1205" WIDTH="14" HEIGHT="19" CONTENT="'.." WC="0.62" CC="650"/>
						<SP ID="P13_SP00018" HPOS="439" VPOS="1224" WIDTH="21"/>
						<String ID="P13_ST00023" HPOS="460" VPOS="1209" WIDTH="59" HEIGHT="15" CONTENT="THIS" WC="0.55" CC="6740"/>
						<SP ID="P13_SP00019" HPOS="519" VPOS="1224" WIDTH="14"/>
						<String ID="P13_ST00024" HPOS="533" VPOS="1210" WIDTH="20" HEIGHT="14" CONTENT="IS" WC="0.53" CC="72"/>
					</TextLine>
				</TextBlock>
				<TextBlock ID="P13_TB00005" HPOS="299" VPOS="1248" WIDTH="409" HEIGHT="58" STYLEREFS="TXT_1 PAR_CENTER">
					<TextLine ID="P13_TL00005" HPOS="300" VPOS="1257" WIDTH="408" HEIGHT="49">
						<String ID="P13_ST00025" HPOS="300" VPOS="1257" WIDTH="142" HEIGHT="41" CONTENT="THE" WC="0.55" CC="670"/>
						<SP ID="P13_SP00020" HPOS="442" VPOS="1298" WIDTH="32"/>
						<String ID="P13_ST00026" HPOS="474" VPOS="1257" WIDTH="234" HEIGHT="49" CONTENT="THING," WC="0.44" CC="072887"/>
					</TextLine>
				</TextBlock>
				<TextBlock ID="P13_TB00006" HPOS="150" VPOS="1334" WIDTH="697" HEIGHT="101" STYLEREFS="TXT_1 PAR_LEFT">
					<TextLine ID="P13_TL00006" HPOS="403" VPOS="1334" WIDTH="444" HEIGHT="40">
						<String ID="P13_ST00027" HPOS="403" VPOS="1335" WIDTH="74" HEIGHT="35" CONTENT="that," WC="0.97" CC="00010"/>
						<SP ID="P13_SP00021" HPOS="477" VPOS="1370" WIDTH="18"/>
						<String ID="P13_ST00028" HPOS="495" VPOS="1335" WIDTH="31" HEIGHT="29" CONTENT="in" WC="0.66" CC="06"/>
						<SP ID="P13_SP00022" HPOS="526" VPOS="1370" WIDTH="15"/>
						<String ID="P13_ST00029" HPOS="541" VPOS="1335" WIDTH="79" HEIGHT="39" CONTENT="spite" WC="0.75" CC="74000"/>
						<SP ID="P13_SP00023" HPOS="620" VPOS="1374" WIDTH="15"/>
						<String ID="P13_ST00030" HPOS="635" VPOS="1335" WIDTH="35" HEIGHT="29" CONTENT="of" WC="0.49" CC="54"/>
						<SP ID="P13_SP00024" HPOS="670" VPOS="1374" WIDTH="11"/>
						<String ID="P13_ST00031" HPOS="681" VPOS="1345" WIDTH="67" HEIGHT="20" CONTENT="new" WC="0.30" CC="758"/>
						<SP ID="P13_SP00025" HPOS="748" VPOS="1374" WIDTH="16"/>
						<String ID="P13_ST00032" HPOS="764" VPOS="1334" WIDTH="83" HEIGHT="35" CONTENT="Acts," WC="0.42" CC="48581"/>
					</TextLine>
					<TextLine ID="P13_TL00007" HPOS="152" VPOS="1397" WIDTH="473" HEIGHT="38">
						<String ID="P13_ST00033" HPOS="152" VPOS="1398" WIDTH="72" HEIGHT="30" CONTENT="And" WC="0.50" CC="770"/>
						<SP ID="P13_SP00026" HPOS="224" VPOS="1428" WIDTH="14"/>
						<String ID="P13_ST00034" HPOS="238" VPOS="1401" WIDTH="147" HEIGHT="34" CONTENT="attempts" WC="0.75" CC="61330005"/>
						<SP ID="P13_SP00027" HPOS="385" VPOS="1435" WIDTH="16"/>
						<String ID="P13_ST00035" HPOS="401" VPOS="1402" WIDTH="31" HEIGHT="25" CONTENT="to" WC="0.89" CC="01"/>
						<SP ID="P13_SP00028" HPOS="432" VPOS="1435" WIDTH="15"/>
						<String ID="P13_ST00036" HPOS="447" VPOS="1397" WIDTH="129" HEIGHT="29" CONTENT="restrain" WC="0.69" CC="40660006"/>
						<SP ID="P13_SP00029" HPOS="576" VPOS="1435" WIDTH="16"/>
						<String ID="P13_ST00037" HPOS="592" VPOS="1398" WIDTH="33" HEIGHT="34" CONTENT="it," WC="0.85" CC="201"/>
					</TextLine>
				</TextBlock>
				<TextBlock ID="P13_TB00007" HPOS="404" VPOS="1458" WIDTH="334" HEIGHT="39" STYLEREFS="TXT_1 PAR_RIGHT">
					<TextLine ID="P13_TL00008" HPOS="405" VPOS="1459" WIDTH="333" HEIGHT="38">
						<String ID="P13_ST00038" HPOS="405" VPOS="1460" WIDTH="39" HEIGHT="37" CONTENT="by" WC="0.14" CC="88"/>
						<SP ID="P13_SP00030" HPOS="444" VPOS="1497" WIDTH="15"/>
						<String ID="P13_ST00039" HPOS="459" VPOS="1459" WIDTH="137" HEIGHT="30" CONTENT="Soldiers" WC="0.83" CC="00000048"/>
						<SP ID="P13_SP00031" HPOS="596" VPOS="1497" WIDTH="15"/>
						<String ID="P13_ST00040" HPOS="611" VPOS="1470" WIDTH="35" HEIGHT="18" CONTENT="or" WC="0.77" CC="04"/>
						<SP ID="P13_SP00032" HPOS="646" VPOS="1497" WIDTH="15"/>
						<String ID="P13_ST00041" HPOS="661" VPOS="1459" WIDTH="77" HEIGHT="35" CONTENT="Tax," WC="0.92" CC="2010"/>
					</TextLine>
				</TextBlock>
				<TextBlock ID="P13_TB00008" HPOS="147" VPOS="1520" WIDTH="446" HEIGHT="219" STYLEREFS="TXT_1 PAR_LEFT">
					<TextLine ID="P13_TL00009" HPOS="150" VPOS="1522" WIDTH="424" HEIGHT="40">
						<String ID="P13_ST00042" HPOS="150" VPOS="1523" WIDTH="76" HEIGHT="29" CONTENT="Will" WC="0.73" CC="4014"/>
						<SP ID="P13_SP00033" HPOS="226" VPOS="1552" WIDTH="14"/>
						<String ID="P13_ST00043" HPOS="240" VPOS="1522" WIDTH="115" HEIGHT="40" CONTENT="poison" WC="0.69" CC="500084"/>
						<SP ID="P13_SP00034" HPOS="355" VPOS="1562" WIDTH="14"/>
						<String ID="P13_ST00044" HPOS="369" VPOS="1522" WIDTH="52" HEIGHT="29" CONTENT="the" WC="0.62" CC="640"/>
						<SP ID="P13_SP00035" HPOS="421" VPOS="1562" WIDTH="16"/>
						<String ID="P13_ST00045" HPOS="437" VPOS="1522" WIDTH="137" HEIGHT="34" CONTENT="Vermin," WC="0.71" CC="6006070"/>
					</TextLine>
					<TextLine ID="P13_TL00010" HPOS="151" VPOS="1582" WIDTH="442" HEIGHT="43">
						<String ID="P13_ST00046" HPOS="151" VPOS="1585" WIDTH="83" HEIGHT="30" CONTENT="That" WC="1.00" CC="0000"/>
						<SP ID="P13_SP00036" HPOS="234" VPOS="1615" WIDTH="14"/>
						<String ID="P13_ST00047" HPOS="248" VPOS="1583" WIDTH="134" HEIGHT="42" CONTENT="plunder" WC="0.45" CC="5866604"/>
						<SP ID="P13_SP00037" HPOS="382" VPOS="1625" WIDTH="15"/>
						<String ID="P13_ST00048" HPOS="397" VPOS="1584" WIDTH="52" HEIGHT="30" CONTENT="the" WC="0.83" CC="400"/>
						<SP ID="P13_SP00038" HPOS="449" VPOS="1625" WIDTH="12"/>
						<String ID="P13_ST00049" HPOS="461" VPOS="1582" WIDTH="132" HEIGHT="35" CONTENT="Wealth," WC="0.66" CC="5005632"/>
					</TextLine>
					<TextLine ID="P13_TL00011" HPOS="150" VPOS="1646" WIDTH="391" HEIGHT="41">
						<String ID="P13_ST00050" HPOS="150" VPOS="1648" WIDTH="84" HEIGHT="29" CONTENT="That" WC="0.47" CC="7760"/>
						<SP ID="P13_SP00039" HPOS="234" VPOS="1677" WIDTH="14"/>
						<String ID="P13_ST00051" HPOS="248" VPOS="1648" WIDTH="50" HEIGHT="39" CONTENT="lay" WC="0.88" CC="002"/>
						<SP ID="P13_SP00040" HPOS="298" VPOS="1687" WIDTH="15"/>
						<String ID="P13_ST00052" HPOS="313" VPOS="1647" WIDTH="31" HEIGHT="29" CONTENT="in" WC="0.77" CC="04"/>
						<SP ID="P13_SP00041" HPOS="344" VPOS="1687" WIDTH="13"/>
						<String ID="P13_ST00053" HPOS="357" VPOS="1646" WIDTH="51" HEIGHT="30" CONTENT="the" WC="0.74" CC="430"/>
						<SP ID="P13_SP00042" HPOS="408" VPOS="1687" WIDTH="17"/>
						<String ID="P13_ST00054" HPOS="425" VPOS="1646" WIDTH="116" HEIGHT="35" CONTENT="House," WC="0.57" CC="604616"/>
					</TextLine>
					<TextLine ID="P13_TL00012" HPOS="149" VPOS="1709" WIDTH="279" HEIGHT="30">
						<String ID="P13_ST00055" HPOS="149" VPOS="1710" WIDTH="81" HEIGHT="29" CONTENT="That" WC="0.49" CC="2375"/>
						<SP ID="P13_SP00043" HPOS="230" VPOS="1739" WIDTH="15"/>
						<String ID="P13_ST00056" HPOS="245" VPOS="1709" WIDTH="77" HEIGHT="30" CONTENT="Jack" WC="0.42" CC="7078"/>
						<SP ID="P13_SP00044" HPOS="322" VPOS="1739" WIDTH="17"/>
						<String ID="P13_ST00057" HPOS="339" VPOS="1709" WIDTH="89" HEIGHT="29" CONTENT="built." WC="0.48" CC="880373"/>
					</TextLine>
				</TextBlock>
				<ComposedBlock ID="P13_CB00001" HPOS="39" VPOS="197" WIDTH="925" HEIGHT="765" STYLEREFS="TXT_0 PAR_LEFT" TYPE="Illustration">
					<GraphicalElement ID="P13_CB00001_SUB" HPOS="39" VPOS="197" WIDTH="925" HEIGHT="765"/>
				</ComposedBlock>
			</PrintSpace>
		</Page>
	</Layout>
</alto>
