<?xml version="1.0" encoding="UTF-8"?>
<alto xmlns:xsi="http://www.w3.org/2001/XMLSchema-instance" xsi:noNamespaceSchemaLocation="http://www.bl.uk/schemas/alto/alto-1-4.xsd" xmlns:xlink="http://www.w3.org/1999/xlink">
	<Description>
		<MeasurementUnit>mm10</MeasurementUnit>
		<sourceImageInformation>
			<fileName>//head1/IN/2007-34/A0010556622/004790.jp2</fileName>
		</sourceImageInformation>
		<OCRProcessing ID="OCRPROCESSING_1">
			<preProcessingStep>
				<processingSoftware>
					<softwareCreator>CCS Content Conversion Specialists GmbH, Germany</softwareCreator>
					<softwareName>CCS docWORKS</softwareName>
					<softwareVersion>6.1-0.54</softwareVersion>
				</processingSoftware>
			</preProcessingStep>
			<ocrProcessingStep>
				<processingSoftware>
					<softwareCreator>ABBYY (BIT Software), Russia</softwareCreator>
					<softwareName>Finereader</softwareName>
				</processingSoftware>
			</ocrProcessingStep>
		</OCRProcessing>
	</Description>
	<Styles>
		<TextStyle ID="TXT_0" FONTSIZE="10" FONTFAMILY="Courier New"/>
		<TextStyle ID="TXT_1" FONTSIZE="9" FONTFAMILY="Courier New"/>
		<ParagraphStyle ID="PAR_RIGHT" ALIGN="Right"/>
		<ParagraphStyle ID="PAR_LEFT" ALIGN="Left"/>
		<ParagraphStyle ID="PAR_CENTER" ALIGN="Center"/>
	</Styles>
	<Layout>
		<Page ID="P30" PHYSICAL_IMG_NR="30" HEIGHT="1999" WIDTH="1190" QUALITY="Damaged" POSITION="Left" ACCURACY="42.26">
			<TopMargin ID="P30_TM00001" HPOS="0" VPOS="0" WIDTH="1190" HEIGHT="139"/>
			<LeftMargin ID="P30_LM00001" HPOS="0" VPOS="139" WIDTH="81" HEIGHT="1739"/>
			<RightMargin ID="P30_RM00001" HPOS="1072" VPOS="139" WIDTH="118" HEIGHT="1739"/>
			<BottomMargin ID="P30_BM00001" HPOS="0" VPOS="1878" WIDTH="1190" HEIGHT="121"/>
			<PrintSpace ID="P30_PS00001" HPOS="81" VPOS="139" WIDTH="1008" HEIGHT="1739">
				<TextBlock ID="P30_TB00001" HPOS="272" VPOS="139" WIDTH="800" HEIGHT="41" STYLEREFS="TXT_0 PAR_RIGHT">
					<TextLine ID="P30_TL00001" HPOS="274" VPOS="141" WIDTH="798" HEIGHT="39">
						<String ID="P30_ST00001" HPOS="274" VPOS="141" WIDTH="60" HEIGHT="35" CONTENT="He," WC="0.80" CC="500"/>
						<SP ID="P30_SP00001" HPOS="334" VPOS="176" WIDTH="14"/>
						<String ID="P30_ST00002" HPOS="348" VPOS="141" WIDTH="121" HEIGHT="39" CONTENT="though" WC="0.43" CC="555087"/>
						<SP ID="P30_SP00002" HPOS="469" VPOS="180" WIDTH="17"/>
						<String ID="P30_ST00003" HPOS="486" VPOS="142" WIDTH="127" HEIGHT="38" CONTENT="vowing" WC="0.40" CC="078388"/>
						<SP ID="P30_SP00003" HPOS="613" VPOS="180" WIDTH="17"/>
						<String ID="P30_ST00004" HPOS="630" VPOS="146" WIDTH="6" HEIGHT="11" CONTENT="'" WC="0.66" CC="3"/>
						<SP ID="P30_SP00004" HPOS="636" VPOS="180" WIDTH="18"/>
						<String ID="P30_ST00005" HPOS="654" VPOS="142" WIDTH="80" HEIGHT="29" CONTENT="from" WC="0.36" CC="3875"/>
						<SP ID="P30_SP00005" HPOS="734" VPOS="180" WIDTH="13"/>
						<String ID="P30_ST00006" HPOS="747" VPOS="142" WIDTH="39" HEIGHT="28" CONTENT="all" WC="0.29" CC="776"/>
						<SP ID="P30_SP00006" HPOS="786" VPOS="180" WIDTH="20"/>
						<String ID="P30_ST00007" HPOS="806" VPOS="141" WIDTH="130" HEIGHT="38" CONTENT="worldly" WC="0.25" CC="8686767"/>
						<SP ID="P30_SP00007" HPOS="936" VPOS="180" WIDTH="13"/>
						<String ID="P30_ST00008" HPOS="949" VPOS="141" WIDTH="123" HEIGHT="29" CONTENT="studies" WC="0.31" CC="8088688"/>
					</TextLine>
				</TextBlock>
				<TextBlock ID="P30_TB00002" HPOS="269" VPOS="203" WIDTH="572" HEIGHT="98" STYLEREFS="TXT_0 PAR_LEFT">
					<TextLine ID="P30_TL00002" HPOS="519" VPOS="204" WIDTH="160" HEIGHT="35">
						<String ID="P30_ST00009" HPOS="519" VPOS="210" WIDTH="34" HEIGHT="24" CONTENT="to" WC="0.20" CC="78"/>
						<SP ID="P30_SP00008" HPOS="553" VPOS="234" WIDTH="16"/>
						<String ID="P30_ST00010" HPOS="569" VPOS="204" WIDTH="110" HEIGHT="35" CONTENT="cease'," WC="0.67" CC="0028065"/>
					</TextLine>
					<TextLine ID="P30_TL00003" HPOS="270" VPOS="266" WIDTH="571" HEIGHT="35">
						<String ID="P30_ST00011" HPOS="270" VPOS="266" WIDTH="117" HEIGHT="28" CONTENT="Breaks" WC="0.30" CC="763878"/>
						<SP ID="P30_SP00009" HPOS="387" VPOS="294" WIDTH="14"/>
						<String ID="P30_ST00012" HPOS="401" VPOS="266" WIDTH="52" HEIGHT="27" CONTENT="the" WC="0.41" CC="538"/>
						<SP ID="P30_SP00010" HPOS="453" VPOS="294" WIDTH="14"/>
						<String ID="P30_ST00013" HPOS="467" VPOS="266" WIDTH="97" HEIGHT="29" CONTENT="Peare" WC="0.30" CC="82885"/>
						<SP ID="P30_SP00011" HPOS="564" VPOS="295" WIDTH="16"/>
						<String ID="P30_ST00014" HPOS="580" VPOS="266" WIDTH="37" HEIGHT="29" CONTENT="of" WC="0.31" CC="85"/>
						<SP ID="P30_SP00012" HPOS="617" VPOS="295" WIDTH="17"/>
						<String ID="P30_ST00015" HPOS="634" VPOS="266" WIDTH="53" HEIGHT="30" CONTENT="the" WC="0.54" CC="480"/>
						<SP ID="P30_SP00013" HPOS="687" VPOS="296" WIDTH="15"/>
						<String ID="P30_ST00016" HPOS="702" VPOS="266" WIDTH="139" HEIGHT="35" CONTENT="Church," WC="0.40" CC="7887061"/>
					</TextLine>
				</TextBlock>
				<TextBlock ID="P30_TB00003" HPOS="519" VPOS="326" WIDTH="410" HEIGHT="35" STYLEREFS="TXT_0 PAR_RIGHT">
					<TextLine ID="P30_TL00004" HPOS="521" VPOS="328" WIDTH="408" HEIGHT="33">
						<String ID="P30_ST00017" HPOS="521" VPOS="333" WIDTH="31" HEIGHT="24" CONTENT="to" WC="0.31" CC="67"/>
						<SP ID="P30_SP00014" HPOS="552" VPOS="357" WIDTH="17"/>
						<String ID="P30_ST00018" HPOS="569" VPOS="329" WIDTH="39" HEIGHT="28" CONTENT="be" WC="0.58" CC="80"/>
						<SP ID="P30_SP00015" HPOS="608" VPOS="357" WIDTH="11"/>
						<String ID="P30_ST00019" HPOS="619" VPOS="329" WIDTH="121" HEIGHT="29" CONTENT="Justice" WC="0.36" CC="6768680"/>
						<SP ID="P30_SP00016" HPOS="740" VPOS="358" WIDTH="16"/>
						<String ID="P30_ST00020" HPOS="756" VPOS="328" WIDTH="36" HEIGHT="29" CONTENT="of" WC="0.81" CC="30"/>
						<SP ID="P30_SP00017" HPOS="792" VPOS="358" WIDTH="20"/>
						<String ID="P30_ST00021" HPOS="812" VPOS="328" WIDTH="99" HEIGHT="29" CONTENT="Peace" WC="0.60" CC="80830"/>
						<SP ID="P30_SP00018" HPOS="911" VPOS="358" WIDTH="13"/>
						<String ID="P30_ST00022" HPOS="924" VPOS="340" WIDTH="5" HEIGHT="21" CONTENT=";" WC="0.78" CC="2"/>
					</TextLine>
				</TextBlock>
				<TextBlock ID="P30_TB00004" HPOS="268" VPOS="388" WIDTH="621" HEIGHT="32" STYLEREFS="TXT_0 PAR_CENTER">
					<TextLine ID="P30_TL00005" HPOS="269" VPOS="389" WIDTH="620" HEIGHT="31">
						<String ID="P30_ST00023" HPOS="269" VPOS="389" WIDTH="118" HEIGHT="30" CONTENT="Breaks" WC="0.51" CC="720558"/>
						<SP ID="P30_SP00019" HPOS="387" VPOS="419" WIDTH="20"/>
						<String ID="P30_ST00024" HPOS="407" VPOS="390" WIDTH="48" HEIGHT="29" CONTENT="his" WC="0.37" CC="648"/>
						<SP ID="P30_SP00020" HPOS="455" VPOS="419" WIDTH="16"/>
						<String ID="P30_ST00025" HPOS="471" VPOS="400" WIDTH="84" HEIGHT="20" CONTENT="vows" WC="0.18" CC="8788"/>
						<SP ID="P30_SP00021" HPOS="555" VPOS="420" WIDTH="15"/>
						<String ID="P30_ST00026" HPOS="570" VPOS="391" WIDTH="90" HEIGHT="29" CONTENT="made" WC="0.59" CC="8330"/>
						<SP ID="P30_SP00022" HPOS="660" VPOS="420" WIDTH="12"/>
						<String ID="P30_ST00027" HPOS="672" VPOS="396" WIDTH="31" HEIGHT="24" CONTENT="to" WC="0.74" CC="05"/>
						<SP ID="P30_SP00023" HPOS="703" VPOS="420" WIDTH="15"/>
						<String ID="P30_ST00028" HPOS="718" VPOS="391" WIDTH="130" HEIGHT="29" CONTENT="Heaven" WC="0.60" CC="600457"/>
						<String ID="P30_ST00029" HPOS="850" VPOS="410" WIDTH="39" HEIGHT="3" CONTENT="—" WC="0.20" CC="8"/>
					</TextLine>
				</TextBlock>
				<TextBlock ID="P30_TB00005" HPOS="515" VPOS="452" WIDTH="352" HEIGHT="40" STYLEREFS="TXT_0 PAR_RIGHT">
					<TextLine ID="P30_TL00006" HPOS="516" VPOS="453" WIDTH="351" HEIGHT="39">
						<String ID="P30_ST00030" HPOS="516" VPOS="464" WIDTH="18" HEIGHT="19" CONTENT="a" WC="1.00" CC="0"/>
						<SP ID="P30_SP00024" HPOS="534" VPOS="483" WIDTH="11"/>
						<String ID="P30_ST00031" HPOS="545" VPOS="455" WIDTH="119" HEIGHT="37" CONTENT="pander" WC="0.38" CC="758808"/>
						<SP ID="P30_SP00025" HPOS="664" VPOS="492" WIDTH="12"/>
						<String ID="P30_ST00032" HPOS="676" VPOS="455" WIDTH="47" HEIGHT="28" CONTENT="for" WC="0.62" CC="208"/>
						<SP ID="P30_SP00026" HPOS="723" VPOS="492" WIDTH="16"/>
						<String ID="P30_ST00033" HPOS="739" VPOS="453" WIDTH="111" HEIGHT="30" CONTENT="Power" WC="0.44" CC="64708"/>
						<SP ID="P30_SP00027" HPOS="850" VPOS="492" WIDTH="13"/>
						<String ID="P30_ST00034" HPOS="863" VPOS="467" WIDTH="4" HEIGHT="22" CONTENT=";" WC="0.51" CC="4"/>
					</TextLine>
				</TextBlock>
				<TextBlock ID="P30_TB00006" HPOS="267" VPOS="512" WIDTH="605" HEIGHT="44" STYLEREFS="TXT_0 PAR_CENTER">
					<TextLine ID="P30_TL00007" HPOS="268" VPOS="513" WIDTH="604" HEIGHT="43">
						<String ID="P30_ST00035" HPOS="268" VPOS="513" WIDTH="27" HEIGHT="29" CONTENT="A" WC="0.22" CC="7"/>
						<SP ID="P30_SP00028" HPOS="295" VPOS="542" WIDTH="19"/>
						<String ID="P30_ST00036" HPOS="314" VPOS="513" WIDTH="146" HEIGHT="39" CONTENT="Perjurer" WC="0.59" CC="00835708"/>
						<String ID="P30_ST00037" HPOS="460" VPOS="534" WIDTH="42" HEIGHT="4" CONTENT="—" WC="0.20" CC="8"/>
						<String ID="P30_ST00038" HPOS="503" VPOS="527" WIDTH="18" HEIGHT="18" CONTENT="a" WC="0.94" CC="0"/>
						<SP ID="P30_SP00029" HPOS="521" VPOS="552" WIDTH="10"/>
						<String ID="P30_ST00039" HPOS="531" VPOS="516" WIDTH="98" HEIGHT="39" CONTENT="guide" WC="0.53" CC="87330"/>
						<SP ID="P30_SP00030" HPOS="629" VPOS="555" WIDTH="12"/>
						<String ID="P30_ST00040" HPOS="641" VPOS="522" WIDTH="33" HEIGHT="24" CONTENT="to" WC="0.46" CC="55"/>
						<SP ID="P30_SP00031" HPOS="674" VPOS="555" WIDTH="16"/>
						<String ID="P30_ST00041" HPOS="690" VPOS="516" WIDTH="52" HEIGHT="31" CONTENT="the" WC="0.73" CC="070"/>
						<SP ID="P30_SP00032" HPOS="742" VPOS="555" WIDTH="15"/>
						<String ID="P30_ST00042" HPOS="757" VPOS="516" WIDTH="115" HEIGHT="40" CONTENT="People" WC="0.35" CC="777870"/>
					</TextLine>
				</TextBlock>
				<TextBlock ID="P30_TB00007" HPOS="513" VPOS="588" WIDTH="160" HEIGHT="25" STYLEREFS="TXT_0 PAR_CENTER">
					<TextLine ID="P30_TL00008" HPOS="514" VPOS="589" WIDTH="159" HEIGHT="24">
						<String ID="P30_ST00043" HPOS="514" VPOS="589" WIDTH="40" HEIGHT="19" CONTENT="no" WC="0.14" CC="88"/>
						<SP ID="P30_SP00033" HPOS="554" VPOS="608" WIDTH="17"/>
						<String ID="P30_ST00044" HPOS="571" VPOS="589" WIDTH="85" HEIGHT="21" CONTENT="more" WC="0.49" CC="7470"/>
						<SP ID="P30_SP00034" HPOS="656" VPOS="610" WIDTH="14"/>
						<String ID="P30_ST00045" HPOS="670" VPOS="594" WIDTH="3" HEIGHT="19" CONTENT=";" WC="1.00" CC="0"/>
					</TextLine>
				</TextBlock>
				<TextBlock ID="P30_TB00008" HPOS="258" VPOS="634" WIDTH="831" HEIGHT="232" STYLEREFS="TXT_0 PAR_LEFT">
					<TextLine ID="P30_TL00009" HPOS="264" VPOS="638" WIDTH="410" HEIGHT="39">
						<String ID="P30_ST00046" HPOS="264" VPOS="638" WIDTH="52" HEIGHT="30" CONTENT="On" WC="0.27" CC="68"/>
						<SP ID="P30_SP00035" HPOS="316" VPOS="668" WIDTH="14"/>
						<String ID="P30_ST00047" HPOS="330" VPOS="639" WIDTH="70" HEIGHT="30" CONTENT="God" WC="0.29" CC="848"/>
						<SP ID="P30_SP00036" HPOS="400" VPOS="669" WIDTH="17"/>
						<String ID="P30_ST00048" HPOS="417" VPOS="646" WIDTH="88" HEIGHT="24" CONTENT="turns" WC="0.35" CC="78285"/>
						<SP ID="P30_SP00037" HPOS="505" VPOS="670" WIDTH="16"/>
						<String ID="P30_ST00049" HPOS="521" VPOS="640" WIDTH="48" HEIGHT="30" CONTENT="his" WC="0.27" CC="578"/>
						<SP ID="P30_SP00038" HPOS="569" VPOS="670" WIDTH="14"/>
						<String ID="P30_ST00050" HPOS="583" VPOS="641" WIDTH="91" HEIGHT="36" CONTENT="back," WC="0.42" CC="77750"/>
					</TextLine>
					<TextLine ID="P30_TL00010" HPOS="513" VPOS="704" WIDTH="575" HEIGHT="41">
						<String ID="P30_ST00051" HPOS="513" VPOS="704" WIDTH="91" HEIGHT="30" CONTENT="when" WC="0.32" CC="8648"/>
						<SP ID="P30_SP00039" HPOS="604" VPOS="734" WIDTH="14"/>
						<String ID="P30_ST00052" HPOS="618" VPOS="705" WIDTH="39" HEIGHT="29" CONTENT="he" WC="0.23" CC="77"/>
						<SP ID="P30_SP00040" HPOS="657" VPOS="734" WIDTH="16"/>
						<String ID="P30_ST00053" HPOS="673" VPOS="711" WIDTH="88" HEIGHT="25" CONTENT="turns" WC="0.40" CC="07687"/>
						<SP ID="P30_SP00041" HPOS="761" VPOS="736" WIDTH="16"/>
						<String ID="P30_ST00054" HPOS="777" VPOS="707" WIDTH="52" HEIGHT="30" CONTENT="the" WC="0.53" CC="184"/>
						<SP ID="P30_SP00042" HPOS="829" VPOS="737" WIDTH="12"/>
						<String ID="P30_ST00055" HPOS="841" VPOS="707" WIDTH="112" HEIGHT="30" CONTENT="State's" WC="0.54" CC="4630268"/>
						<SP ID="P30_SP00043" HPOS="953" VPOS="737" WIDTH="13"/>
						<String ID="P30_ST00056" HPOS="966" VPOS="707" WIDTH="101" HEIGHT="38" CONTENT="Agent" WC="0.55" CC="78051"/>
						<String ID="P30_ST00057" HPOS="1082" VPOS="718" WIDTH="6" HEIGHT="23" CONTENT=";" WC="0.32" CC="6"/>
					</TextLine>
					<TextLine ID="P30_TL00011" HPOS="262" VPOS="762" WIDTH="447" HEIGHT="41">
						<String ID="P30_ST00058" HPOS="262" VPOS="762" WIDTH="72" HEIGHT="31" CONTENT="And" WC="0.18" CC="887"/>
						<SP ID="P30_SP00044" HPOS="334" VPOS="793" WIDTH="17"/>
						<String ID="P30_ST00059" HPOS="351" VPOS="763" WIDTH="111" HEIGHT="32" CONTENT="damns" WC="0.24" CC="76887"/>
						<SP ID="P30_SP00045" HPOS="462" VPOS="795" WIDTH="18"/>
						<String ID="P30_ST00060" HPOS="480" VPOS="766" WIDTH="47" HEIGHT="29" CONTENT="his" WC="0.43" CC="736"/>
						<SP ID="P30_SP00046" HPOS="527" VPOS="795" WIDTH="12"/>
						<String ID="P30_ST00061" HPOS="539" VPOS="777" WIDTH="70" HEIGHT="19" CONTENT="own" WC="0.17" CC="788"/>
						<SP ID="P30_SP00047" HPOS="609" VPOS="796" WIDTH="13"/>
						<String ID="P30_ST00062" HPOS="622" VPOS="767" WIDTH="87" HEIGHT="36" CONTENT="Soul," WC="0.50" CC="08870"/>
					</TextLine>
					<TextLine ID="P30_TL00012" HPOS="513" VPOS="829" WIDTH="525" HEIGHT="34">
						<String ID="P30_ST00063" HPOS="513" VPOS="833" WIDTH="32" HEIGHT="25" CONTENT="to" WC="0.36" CC="66"/>
						<SP ID="P30_SP00048" HPOS="545" VPOS="858" WIDTH="13"/>
						<String ID="P30_ST00064" HPOS="558" VPOS="829" WIDTH="39" HEIGHT="29" CONTENT="be" WC="0.58" CC="80"/>
						<SP ID="P30_SP00049" HPOS="597" VPOS="858" WIDTH="12"/>
						<String ID="P30_ST00065" HPOS="609" VPOS="829" WIDTH="119" HEIGHT="32" CONTENT="friends" WC="0.29" CC="6857867"/>
						<SP ID="P30_SP00050" HPOS="728" VPOS="861" WIDTH="14"/>
						<String ID="P30_ST00066" HPOS="742" VPOS="833" WIDTH="74" HEIGHT="28" CONTENT="with" WC="0.63" CC="8006"/>
						<SP ID="P30_SP00051" HPOS="816" VPOS="861" WIDTH="17"/>
						<String ID="P30_ST00067" HPOS="833" VPOS="834" WIDTH="52" HEIGHT="28" CONTENT="the" WC="0.59" CC="470"/>
						<SP ID="P30_SP00052" HPOS="885" VPOS="862" WIDTH="148"/>
						<String ID="P30_ST00068" HPOS="1033" VPOS="858" WIDTH="5" HEIGHT="5" CONTENT="." WC="0.85" CC="1"/>
					</TextLine>
				</TextBlock>
				<TextBlock ID="P30_TB00009" HPOS="531" VPOS="922" WIDTH="167" HEIGHT="22" STYLEREFS="TXT_0 PAR_RIGHT">
					<TextLine ID="P30_TL00013" HPOS="533" VPOS="922" WIDTH="165" HEIGHT="22">
						<String ID="P30_ST00069" HPOS="533" VPOS="922" WIDTH="69" HEIGHT="19" CONTENT="THE" WC="0.78" CC="060"/>
						<SP ID="P30_SP00053" HPOS="602" VPOS="941" WIDTH="17"/>
						<String ID="P30_ST00070" HPOS="619" VPOS="923" WIDTH="79" HEIGHT="21" CONTENT="END." WC="0.50" CC="2880"/>
					</TextLine>
				</TextBlock>
				<TextBlock ID="P30_TB00010" HPOS="305" VPOS="1546" WIDTH="496" HEIGHT="100" STYLEREFS="TXT_1 PAR_LEFT">
					<TextLine ID="P30_TL00014" HPOS="308" VPOS="1547" WIDTH="493" HEIGHT="30">
						<String ID="P30_ST00071" HPOS="308" VPOS="1548" WIDTH="15" HEIGHT="9" CONTENT='"' WC="0.37" CC="6"/>
						<SP ID="P30_SP00054" HPOS="323" VPOS="1557" WIDTH="12"/>
						<String ID="P30_ST00072" HPOS="335" VPOS="1547" WIDTH="44" HEIGHT="19" CONTENT="'Tis" WC="0.31" CC="6847"/>
						<SP ID="P30_SP00055" HPOS="379" VPOS="1566" WIDTH="11"/>
						<String ID="P30_ST00073" HPOS="390" VPOS="1548" WIDTH="85" HEIGHT="27" CONTENT="Liberty" WC="0.41" CC="5085488"/>
						<SP ID="P30_SP00056" HPOS="475" VPOS="1575" WIDTH="10"/>
						<String ID="P30_ST00074" HPOS="485" VPOS="1549" WIDTH="68" HEIGHT="26" CONTENT="alone," WC="0.36" CC="808883"/>
						<SP ID="P30_SP00057" HPOS="553" VPOS="1575" WIDTH="12"/>
						<String ID="P30_ST00075" HPOS="565" VPOS="1551" WIDTH="48" HEIGHT="20" CONTENT="that" WC="0.46" CC="6780"/>
						<SP ID="P30_SP00058" HPOS="613" VPOS="1575" WIDTH="11"/>
						<String ID="P30_ST00076" HPOS="624" VPOS="1554" WIDTH="57" HEIGHT="23" CONTENT="gives" WC="0.21" CC="77788"/>
						<SP ID="P30_SP00059" HPOS="681" VPOS="1577" WIDTH="11"/>
						<String ID="P30_ST00077" HPOS="692" VPOS="1554" WIDTH="37" HEIGHT="20" CONTENT="the" WC="0.21" CC="688"/>
						<SP ID="P30_SP00060" HPOS="729" VPOS="1577" WIDTH="11"/>
						<String ID="P30_ST00078" HPOS="740" VPOS="1555" WIDTH="61" HEIGHT="21" CONTENT="fluw'r" WC="0.58" CC="116805"/>
					</TextLine>
					<TextLine ID="P30_TL00015" HPOS="306" VPOS="1584" WIDTH="468" HEIGHT="35">
						<String ID="P30_ST00079" HPOS="306" VPOS="1584" WIDTH="30" HEIGHT="18" CONTENT="Of" WC="0.47" CC="81"/>
						<SP ID="P30_SP00061" HPOS="336" VPOS="1602" WIDTH="14"/>
						<String ID="P30_ST00080" HPOS="350" VPOS="1584" WIDTH="87" HEIGHT="27" CONTENT="fleeting" WC="0.42" CC="00886588"/>
						<SP ID="P30_SP00062" HPOS="437" VPOS="1611" WIDTH="10"/>
						<String ID="P30_ST00081" HPOS="447" VPOS="1587" WIDTH="36" HEIGHT="20" CONTENT="life" WC="0.47" CC="0667"/>
						<SP ID="P30_SP00063" HPOS="483" VPOS="1611" WIDTH="12"/>
						<String ID="P30_ST00082" HPOS="495" VPOS="1593" WIDTH="26" HEIGHT="14" CONTENT="its" WC="0.25" CC="786"/>
						<SP ID="P30_SP00064" HPOS="521" VPOS="1611" WIDTH="12"/>
						<String ID="P30_ST00083" HPOS="533" VPOS="1588" WIDTH="66" HEIGHT="21" CONTENT="lustre" WC="0.51" CC="085058"/>
						<SP ID="P30_SP00065" HPOS="599" VPOS="1611" WIDTH="11"/>
						<String ID="P30_ST00084" HPOS="610" VPOS="1591" WIDTH="42" HEIGHT="19" CONTENT="and" WC="0.21" CC="688"/>
						<SP ID="P30_SP00066" HPOS="652" VPOS="1611" WIDTH="12"/>
						<String ID="P30_ST00085" HPOS="664" VPOS="1593" WIDTH="95" HEIGHT="24" CONTENT="perfume" WC="0.18" CC="8886888"/>
						<SP ID="P30_SP00067" HPOS="759" VPOS="1617" WIDTH="9"/>
						<String ID="P30_ST00086" HPOS="768" VPOS="1602" WIDTH="6" HEIGHT="17" CONTENT=";" WC="0.22" CC="7"/>
					</TextLine>
					<TextLine ID="P30_TL00016" HPOS="306" VPOS="1621" WIDTH="362" HEIGHT="25">
						<String ID="P30_ST00087" HPOS="306" VPOS="1621" WIDTH="47" HEIGHT="20" CONTENT="And" WC="0.14" CC="888"/>
						<SP ID="P30_SP00068" HPOS="353" VPOS="1641" WIDTH="13"/>
						<String ID="P30_ST00088" HPOS="366" VPOS="1630" WIDTH="27" HEIGHT="13" CONTENT="we" WC="0.17" CC="88"/>
						<SP ID="P30_SP00069" HPOS="393" VPOS="1643" WIDTH="12"/>
						<String ID="P30_ST00089" HPOS="405" VPOS="1631" WIDTH="34" HEIGHT="12" CONTENT="are" WC="0.14" CC="888"/>
						<SP ID="P30_SP00070" HPOS="439" VPOS="1643" WIDTH="14"/>
						<String ID="P30_ST00090" HPOS="453" VPOS="1626" WIDTH="66" HEIGHT="19" CONTENT="weeds" WC="0.18" CC="88887"/>
						<SP ID="P30_SP00071" HPOS="519" VPOS="1645" WIDTH="12"/>
						<String ID="P30_ST00091" HPOS="531" VPOS="1626" WIDTH="90" HEIGHT="20" CONTENT="without" WC="0.16" CC="8888888"/>
						<SP ID="P30_SP00072" HPOS="621" VPOS="1646" WIDTH="8"/>
						<String ID="P30_ST00092" HPOS="629" VPOS="1630" WIDTH="39" HEIGHT="16" CONTENT='H."' WC="0.50" CC="832"/>
					</TextLine>
				</TextBlock>
				<TextBlock ID="P30_TB00011" HPOS="81" VPOS="1835" WIDTH="204" HEIGHT="23" STYLEREFS="TXT_1 PAR_LEFT">
					<TextLine ID="P30_TL00017" HPOS="82" VPOS="1836" WIDTH="203" HEIGHT="22">
						<String ID="P30_ST00093" HPOS="82" VPOS="1836" WIDTH="70" HEIGHT="17" CONTENT="PfiuU.1" WC="0.36" CC="7767815"/>
						<SP ID="P30_SP00073" HPOS="152" VPOS="1853" WIDTH="11"/>
						<String ID="P30_ST00094" HPOS="163" VPOS="1838" WIDTH="21" HEIGHT="15" CONTENT="I.v" WC="0.37" CC="368"/>
						<SP ID="P30_SP00074" HPOS="184" VPOS="1853" WIDTH="11"/>
						<String ID="P30_ST00095" HPOS="195" VPOS="1838" WIDTH="21" HEIGHT="15" CONTENT="W" WC="0.50" CC="4"/>
						<SP ID="P30_SP00075" HPOS="216" VPOS="1853" WIDTH="16"/>
						<String ID="P30_ST00096" HPOS="232" VPOS="1840" WIDTH="53" HEIGHT="18" CONTENT="Hoiit.," WC="0.35" CC="6876870"/>
					</TextLine>
				</TextBlock>
				<TextBlock ID="P30_TB00012" HPOS="100" VPOS="1857" WIDTH="163" HEIGHT="21" STYLEREFS="TXT_1 PAR_LEFT">
					<TextLine ID="P30_TL00018" HPOS="101" VPOS="1858" WIDTH="162" HEIGHT="20">
						<String ID="P30_ST00097" HPOS="101" VPOS="1858" WIDTH="26" HEIGHT="18" CONTENT="43," WC="0.22" CC="886"/>
						<SP ID="P30_SP00076" HPOS="127" VPOS="1876" WIDTH="9"/>
						<String ID="P30_ST00098" HPOS="136" VPOS="1858" WIDTH="77" HEIGHT="20" CONTENT="Luilfc-att" WC="0.25" CC="7888772888"/>
						<SP ID="P30_SP00077" HPOS="213" VPOS="1878" WIDTH="10"/>
						<String ID="P30_ST00099" HPOS="223" VPOS="1860" WIDTH="40" HEIGHT="17" CONTENT="Hill." WC="0.48" CC="67470"/>
					</TextLine>
				</TextBlock>
				<ComposedBlock ID="P30_CB00001" HPOS="259" VPOS="986" WIDTH="718" HEIGHT="525" STYLEREFS="TXT_1 PAR_LEFT" TYPE="Illustration">
					<GraphicalElement ID="P30_CB00001_SUB" HPOS="259" VPOS="986" WIDTH="718" HEIGHT="525"/>
				</ComposedBlock>
			</PrintSpace>
		</Page>
	</Layout>
</alto>
