<?xml version="1.0" encoding="UTF-8"?>
<alto xmlns:xsi="http://www.w3.org/2001/XMLSchema-instance" xsi:noNamespaceSchemaLocation="http://www.bl.uk/schemas/alto/alto-1-4.xsd" xmlns:xlink="http://www.w3.org/1999/xlink">
	<Description>
		<MeasurementUnit>mm10</MeasurementUnit>
		<sourceImageInformation>
			<fileName>//head1/IN/2007-34/A0010556622/004780.jp2</fileName>
		</sourceImageInformation>
		<OCRProcessing ID="OCRPROCESSING_1">
			<preProcessingStep>
				<processingSoftware>
					<softwareCreator>CCS Content Conversion Specialists GmbH, Germany</softwareCreator>
					<softwareName>CCS docWORKS</softwareName>
					<softwareVersion>6.1-0.54</softwareVersion>
				</processingSoftware>
			</preProcessingStep>
			<ocrProcessingStep>
				<processingSoftware>
					<softwareCreator>ABBYY (BIT Software), Russia</softwareCreator>
					<softwareName>Finereader</softwareName>
				</processingSoftware>
			</ocrProcessingStep>
		</OCRProcessing>
	</Description>
	<Styles>
		<TextStyle ID="TXT_0" FONTSIZE="9" FONTFAMILY="Courier New"/>
		<TextStyle ID="TXT_1" FONTSIZE="10" FONTFAMILY="Courier New"/>
		<ParagraphStyle ID="PAR_LEFT" ALIGN="Left"/>
		<ParagraphStyle ID="PAR_RIGHT" ALIGN="Right"/>
		<ParagraphStyle ID="PAR_CENTER" ALIGN="Center"/>
	</Styles>
	<Layout>
		<Page ID="P20" PHYSICAL_IMG_NR="20" HEIGHT="1999" WIDTH="1190" QUALITY="Damaged" POSITION="Left" ACCURACY="52.50">
			<TopMargin ID="P20_TM00001" HPOS="0" VPOS="0" WIDTH="1190" HEIGHT="129"/>
			<LeftMargin ID="P20_LM00001" HPOS="0" VPOS="129" WIDTH="147" HEIGHT="1704"/>
			<RightMargin ID="P20_RM00001" HPOS="1176" VPOS="129" WIDTH="14" HEIGHT="1704"/>
			<BottomMargin ID="P20_BM00001" HPOS="0" VPOS="1833" WIDTH="1190" HEIGHT="166"/>
			<PrintSpace ID="P20_PS00001" HPOS="147" VPOS="129" WIDTH="1029" HEIGHT="1704">
				<TextBlock ID="P20_TB00001" HPOS="518" VPOS="915" WIDTH="175" HEIGHT="16" STYLEREFS="TXT_0 PAR_LEFT">
					<TextLine ID="P20_TL00001" HPOS="518" VPOS="916" WIDTH="175" HEIGHT="15">
						<String ID="P20_ST00001" HPOS="518" VPOS="916" WIDTH="53" HEIGHT="15" CONTENT="THE" WC="0.63" CC="550"/>
						<SP ID="P20_SP00001" HPOS="571" VPOS="931" WIDTH="12"/>
						<String ID="P20_ST00002" HPOS="583" VPOS="916" WIDTH="110" HEIGHT="15" CONTENT="DOCTOR." WC="0.43" CC="7725573"/>
					</TextLine>
				</TextBlock>
				<TextBlock ID="P20_TB00002" HPOS="301" VPOS="947" WIDTH="554" HEIGHT="30" STYLEREFS="TXT_0 PAR_LEFT">
					<TextLine ID="P20_TL00002" HPOS="301" VPOS="950" WIDTH="554" HEIGHT="27">
						<String ID="P20_ST00003" HPOS="301" VPOS="951" WIDTH="17" HEIGHT="10" CONTENT='"' WC="0.46" CC="5"/>
						<SP ID="P20_SP00002" HPOS="318" VPOS="961" WIDTH="11"/>
						<String ID="P20_ST00004" HPOS="329" VPOS="950" WIDTH="28" HEIGHT="20" CONTENT="At" WC="0.51" CC="27"/>
						<SP ID="P20_SP00003" HPOS="357" VPOS="970" WIDTH="10"/>
						<String ID="P20_ST00005" HPOS="367" VPOS="950" WIDTH="33" HEIGHT="20" CONTENT="his" WC="0.28" CC="866"/>
						<SP ID="P20_SP00004" HPOS="400" VPOS="970" WIDTH="7"/>
						<String ID="P20_ST00006" HPOS="407" VPOS="950" WIDTH="42" HEIGHT="21" CONTENT="last" WC="0.60" CC="4082"/>
						<SP ID="P20_SP00005" HPOS="449" VPOS="971" WIDTH="9"/>
						<String ID="P20_ST00007" HPOS="458" VPOS="957" WIDTH="51" HEIGHT="20" CONTENT="gasp" WC="0.41" CC="7374"/>
						<String ID="P20_ST00008" HPOS="510" VPOS="961" WIDTH="27" HEIGHT="5" CONTENT="—" WC="0.20" CC="8"/>
						<String ID="P20_ST00009" HPOS="538" VPOS="957" WIDTH="23" HEIGHT="14" CONTENT="as" WC="0.33" CC="57"/>
						<SP ID="P20_SP00006" HPOS="561" VPOS="977" WIDTH="9"/>
						<String ID="P20_ST00010" HPOS="570" VPOS="952" WIDTH="18" HEIGHT="19" CONTENT="if" WC="0.57" CC="17"/>
						<SP ID="P20_SP00007" HPOS="588" VPOS="977" WIDTH="13"/>
						<String ID="P20_ST00011" HPOS="601" VPOS="953" WIDTH="50" HEIGHT="19" CONTENT="with" WC="0.48" CC="6427"/>
						<SP ID="P20_SP00008" HPOS="651" VPOS="977" WIDTH="8"/>
						<String ID="P20_ST00012" HPOS="659" VPOS="954" WIDTH="73" HEIGHT="23" CONTENT="opium" WC="0.49" CC="64535"/>
						<SP ID="P20_SP00009" HPOS="732" VPOS="977" WIDTH="11"/>
						<String ID="P20_ST00013" HPOS="743" VPOS="954" WIDTH="112" HEIGHT="23" CONTENT="drugg'd.&#34;" WC="0.50" CC="340883627"/>
					</TextLine>
				</TextBlock>
				<TextBlock ID="P20_TB00003" HPOS="299" VPOS="1007" WIDTH="467" HEIGHT="61" STYLEREFS="TXT_0 PAR_LEFT">
					<TextLine ID="P20_TL00003" HPOS="436" VPOS="1008" WIDTH="330" HEIGHT="17">
						<String ID="P20_ST00014" HPOS="436" VPOS="1008" WIDTH="181" HEIGHT="16" CONTENT="DERRY-DOWN" WC="0.48" CC="8666408037"/>
						<SP ID="P20_SP00010" HPOS="617" VPOS="1024" WIDTH="13"/>
						<String ID="P20_ST00015" HPOS="630" VPOS="1009" WIDTH="136" HEIGHT="16" CONTENT="TRIANGLE." WC="0.44" CC="775847703"/>
					</TextLine>
					<TextLine ID="P20_TL00004" HPOS="300" VPOS="1043" WIDTH="338" HEIGHT="25">
						<String ID="P20_ST00016" HPOS="300" VPOS="1044" WIDTH="16" HEIGHT="11" CONTENT='"' WC="0.27" CC="7"/>
						<SP ID="P20_SP00011" HPOS="316" VPOS="1055" WIDTH="13"/>
						<String ID="P20_ST00017" HPOS="329" VPOS="1043" WIDTH="33" HEIGHT="20" CONTENT="He" WC="0.35" CC="66"/>
						<SP ID="P20_SP00012" HPOS="362" VPOS="1063" WIDTH="11"/>
						<String ID="P20_ST00018" HPOS="373" VPOS="1044" WIDTH="48" HEIGHT="20" CONTENT="that" WC="0.51" CC="7560"/>
						<SP ID="P20_SP00013" HPOS="421" VPOS="1064" WIDTH="10"/>
						<String ID="P20_ST00019" HPOS="431" VPOS="1044" WIDTH="44" HEIGHT="20" CONTENT="sold" WC="0.54" CC="0764"/>
						<SP ID="P20_SP00014" HPOS="475" VPOS="1064" WIDTH="10"/>
						<String ID="P20_ST00020" HPOS="485" VPOS="1044" WIDTH="32" HEIGHT="21" CONTENT="his" WC="0.27" CC="767"/>
						<SP ID="P20_SP00015" HPOS="517" VPOS="1065" WIDTH="10"/>
						<String ID="P20_ST00021" HPOS="527" VPOS="1047" WIDTH="111" HEIGHT="21" CONTENT='country."' WC="0.57" CC="507566510"/>
					</TextLine>
				</TextBlock>
				<TextBlock ID="P20_TB00004" HPOS="438" VPOS="1088" WIDTH="331" HEIGHT="18" STYLEREFS="TXT_0 PAR_LEFT">
					<TextLine ID="P20_TL00005" HPOS="439" VPOS="1089" WIDTH="330" HEIGHT="17">
						<String ID="P20_ST00022" HPOS="439" VPOS="1089" WIDTH="51" HEIGHT="15" CONTENT="THE" WC="0.67" CC="270"/>
						<SP ID="P20_SP00016" HPOS="490" VPOS="1104" WIDTH="15"/>
						<String ID="P20_ST00023" HPOS="505" VPOS="1089" WIDTH="114" HEIGHT="17" CONTENT="SPOUTER" WC="0.45" CC="6717456"/>
						<SP ID="P20_SP00017" HPOS="619" VPOS="1106" WIDTH="14"/>
						<String ID="P20_ST00024" HPOS="633" VPOS="1091" WIDTH="30" HEIGHT="15" CONTENT="OF" WC="0.63" CC="07"/>
						<SP ID="P20_SP00018" HPOS="663" VPOS="1106" WIDTH="14"/>
						<String ID="P20_ST00025" HPOS="677" VPOS="1092" WIDTH="92" HEIGHT="14" CONTENT="FROTH." WC="0.50" CC="883250"/>
					</TextLine>
				</TextBlock>
				<TextBlock ID="P20_TB00005" HPOS="298" VPOS="1123" WIDTH="530" HEIGHT="64" STYLEREFS="TXT_0 PAR_LEFT">
					<TextLine ID="P20_TL00006" HPOS="301" VPOS="1124" WIDTH="527" HEIGHT="27">
						<String ID="P20_ST00026" HPOS="301" VPOS="1125" WIDTH="17" HEIGHT="11" CONTENT="'*" WC="0.28" CC="77"/>
						<SP ID="P20_SP00019" HPOS="318" VPOS="1136" WIDTH="11"/>
						<String ID="P20_ST00027" HPOS="329" VPOS="1124" WIDTH="59" HEIGHT="20" CONTENT="With" WC="0.67" CC="0048"/>
						<SP ID="P20_SP00020" HPOS="388" VPOS="1144" WIDTH="12"/>
						<String ID="P20_ST00028" HPOS="400" VPOS="1131" WIDTH="68" HEIGHT="20" CONTENT="merry" WC="0.33" CC="66576"/>
						<SP ID="P20_SP00021" HPOS="468" VPOS="1151" WIDTH="10"/>
						<String ID="P20_ST00029" HPOS="478" VPOS="1126" WIDTH="98" HEIGHT="20" CONTENT="descants" WC="0.49" CC="24768308"/>
						<SP ID="P20_SP00022" HPOS="576" VPOS="1151" WIDTH="10"/>
						<String ID="P20_ST00030" HPOS="586" VPOS="1133" WIDTH="28" HEIGHT="14" CONTENT="on" WC="0.28" CC="58"/>
						<SP ID="P20_SP00023" HPOS="614" VPOS="1151" WIDTH="11"/>
						<String ID="P20_ST00031" HPOS="625" VPOS="1133" WIDTH="12" HEIGHT="14" CONTENT="a" WC="0.50" CC="4"/>
						<SP ID="P20_SP00024" HPOS="637" VPOS="1151" WIDTH="7"/>
						<String ID="P20_ST00032" HPOS="644" VPOS="1128" WIDTH="92" HEIGHT="20" CONTENT="nation's" WC="0.48" CC="50557717"/>
						<SP ID="P20_SP00025" HPOS="736" VPOS="1151" WIDTH="12"/>
						<String ID="P20_ST00033" HPOS="748" VPOS="1135" WIDTH="53" HEIGHT="13" CONTENT="woes" WC="0.58" CC="5083"/>
						<String ID="P20_ST00034" HPOS="803" VPOS="1140" WIDTH="25" HEIGHT="4" CONTENT="—" WC="0.20" CC="8"/>
					</TextLine>
					<TextLine ID="P20_TL00007" HPOS="299" VPOS="1161" WIDTH="483" HEIGHT="26">
						<String ID="P20_ST00035" HPOS="299" VPOS="1161" WIDTH="72" HEIGHT="20" CONTENT="There" WC="0.50" CC="37661"/>
						<SP ID="P20_SP00026" HPOS="371" VPOS="1181" WIDTH="11"/>
						<String ID="P20_ST00036" HPOS="382" VPOS="1163" WIDTH="16" HEIGHT="18" CONTENT="is" WC="0.51" CC="45"/>
						<SP ID="P20_SP00027" HPOS="398" VPOS="1181" WIDTH="11"/>
						<String ID="P20_ST00037" HPOS="409" VPOS="1169" WIDTH="13" HEIGHT="12" CONTENT="a" WC="0.44" CC="5"/>
						<SP ID="P20_SP00028" HPOS="422" VPOS="1181" WIDTH="10"/>
						<String ID="P20_ST00038" HPOS="432" VPOS="1163" WIDTH="69" HEIGHT="24" CONTENT="public" WC="0.88" CC="100050"/>
						<SP ID="P20_SP00029" HPOS="501" VPOS="1187" WIDTH="10"/>
						<String ID="P20_ST00039" HPOS="511" VPOS="1165" WIDTH="99" HEIGHT="19" CONTENT="mischief" WC="0.32" CC="85477773"/>
						<SP ID="P20_SP00030" HPOS="610" VPOS="1187" WIDTH="12"/>
						<String ID="P20_ST00040" HPOS="622" VPOS="1166" WIDTH="23" HEIGHT="19" CONTENT="in" WC="0.98" CC="00"/>
						<SP ID="P20_SP00031" HPOS="645" VPOS="1187" WIDTH="10"/>
						<String ID="P20_ST00041" HPOS="655" VPOS="1166" WIDTH="32" HEIGHT="19" CONTENT="his" WC="0.46" CC="447"/>
						<SP ID="P20_SP00032" HPOS="687" VPOS="1187" WIDTH="9"/>
						<String ID="P20_ST00042" HPOS="696" VPOS="1166" WIDTH="86" HEIGHT="20" CONTENT='mirth."' WC="0.55" CC="5177702"/>
					</TextLine>
				</TextBlock>
				<TextBlock ID="P20_TB00006" HPOS="476" VPOS="1244" WIDTH="241" HEIGHT="18" STYLEREFS="TXT_0 PAR_LEFT">
					<TextLine ID="P20_TL00008" HPOS="477" VPOS="1246" WIDTH="240" HEIGHT="16">
						<String ID="P20_ST00043" HPOS="477" VPOS="1246" WIDTH="51" HEIGHT="15" CONTENT="THE" WC="0.45" CC="871"/>
						<SP ID="P20_SP00033" HPOS="528" VPOS="1261" WIDTH="14"/>
						<String ID="P20_ST00044" HPOS="542" VPOS="1247" WIDTH="95" HEIGHT="15" CONTENT="GUILTY" WC="0.36" CC="467756"/>
						<SP ID="P20_SP00034" HPOS="637" VPOS="1262" WIDTH="12"/>
						<String ID="P20_ST00045" HPOS="649" VPOS="1247" WIDTH="68" HEIGHT="15" CONTENT="TRIO." WC="0.45" CC="86155"/>
					</TextLine>
				</TextBlock>
				<TextBlock ID="P20_TB00007" HPOS="299" VPOS="1277" WIDTH="590" HEIGHT="144" STYLEREFS="TXT_0 PAR_LEFT">
					<TextLine ID="P20_TL00009" HPOS="302" VPOS="1278" WIDTH="557" HEIGHT="30">
						<String ID="P20_ST00046" HPOS="302" VPOS="1278" WIDTH="16" HEIGHT="12" CONTENT='"' WC="0.31" CC="6"/>
						<SP ID="P20_SP00035" HPOS="318" VPOS="1290" WIDTH="12"/>
						<String ID="P20_ST00047" HPOS="330" VPOS="1278" WIDTH="64" HEIGHT="20" CONTENT="Great" WC="0.65" CC="45015"/>
						<SP ID="P20_SP00036" HPOS="394" VPOS="1298" WIDTH="9"/>
						<String ID="P20_ST00048" HPOS="403" VPOS="1279" WIDTH="50" HEIGHT="20" CONTENT="skill" WC="0.52" CC="36607"/>
						<SP ID="P20_SP00037" HPOS="453" VPOS="1299" WIDTH="9"/>
						<String ID="P20_ST00049" HPOS="462" VPOS="1280" WIDTH="53" HEIGHT="21" CONTENT="have" WC="0.39" CC="7843"/>
						<SP ID="P20_SP00038" HPOS="515" VPOS="1301" WIDTH="11"/>
						<String ID="P20_ST00050" HPOS="526" VPOS="1281" WIDTH="50" HEIGHT="27" CONTENT="they" WC="0.53" CC="6425"/>
						<SP ID="P20_SP00039" HPOS="576" VPOS="1308" WIDTH="10"/>
						<String ID="P20_ST00051" HPOS="586" VPOS="1283" WIDTH="21" HEIGHT="19" CONTENT="in" WC="0.89" CC="20"/>
						<SP ID="P20_SP00040" HPOS="607" VPOS="1308" WIDTH="7"/>
						<String ID="P20_ST00052" HPOS="614" VPOS="1284" WIDTH="96" HEIGHT="24" CONTENT="palmist." WC="0.71" CC="60000337"/>
						<String ID="P20_ST00053" HPOS="715" VPOS="1289" WIDTH="23" HEIGHT="19" CONTENT="y," WC="0.52" CC="26"/>
						<SP ID="P20_SP00041" HPOS="738" VPOS="1308" WIDTH="11"/>
						<String ID="P20_ST00054" HPOS="749" VPOS="1283" WIDTH="43" HEIGHT="19" CONTENT="and" WC="0.68" CC="044"/>
						<SP ID="P20_SP00042" HPOS="792" VPOS="1308" WIDTH="8"/>
						<String ID="P20_ST00055" HPOS="800" VPOS="1289" WIDTH="59" HEIGHT="13" CONTENT="more" WC="0.64" CC="7140"/>
					</TextLine>
					<TextLine ID="P20_TL00010" HPOS="300" VPOS="1315" WIDTH="512" HEIGHT="31">
						<String ID="P20_ST00056" HPOS="300" VPOS="1315" WIDTH="33" HEIGHT="21" CONTENT="To" WC="0.23" CC="87"/>
						<SP ID="P20_SP00043" HPOS="333" VPOS="1336" WIDTH="7"/>
						<String ID="P20_ST00057" HPOS="340" VPOS="1317" WIDTH="85" HEIGHT="24" CONTENT="conjure" WC="0.41" CC="5882284"/>
						<SP ID="P20_SP00044" HPOS="425" VPOS="1341" WIDTH="9"/>
						<String ID="P20_ST00058" HPOS="434" VPOS="1318" WIDTH="61" HEIGHT="19" CONTENT="clean" WC="0.54" CC="80076"/>
						<SP ID="P20_SP00045" HPOS="495" VPOS="1341" WIDTH="11"/>
						<String ID="P20_ST00059" HPOS="506" VPOS="1325" WIDTH="57" HEIGHT="21" CONTENT="away" WC="0.42" CC="6807"/>
						<SP ID="P20_SP00046" HPOS="563" VPOS="1346" WIDTH="10"/>
						<String ID="P20_ST00060" HPOS="573" VPOS="1320" WIDTH="37" HEIGHT="20" CONTENT="the" WC="0.57" CC="066"/>
						<SP ID="P20_SP00047" HPOS="610" VPOS="1346" WIDTH="11"/>
						<String ID="P20_ST00061" HPOS="621" VPOS="1320" WIDTH="48" HEIGHT="25" CONTENT="gold" WC="0.56" CC="8800"/>
						<SP ID="P20_SP00048" HPOS="669" VPOS="1346" WIDTH="10"/>
						<String ID="P20_ST00062" HPOS="679" VPOS="1321" WIDTH="50" HEIGHT="25" CONTENT="they" WC="0.61" CC="2804"/>
						<SP ID="P20_SP00049" HPOS="729" VPOS="1346" WIDTH="9"/>
						<String ID="P20_ST00063" HPOS="738" VPOS="1320" WIDTH="74" HEIGHT="26" CONTENT="touch," WC="0.50" CC="383185"/>
					</TextLine>
					<TextLine ID="P20_TL00011" HPOS="301" VPOS="1352" WIDTH="489" HEIGHT="32">
						<String ID="P20_ST00064" HPOS="301" VPOS="1352" WIDTH="125" HEIGHT="27" CONTENT="Conveying" WC="0.53" CC="036674048"/>
						<SP ID="P20_SP00050" HPOS="426" VPOS="1379" WIDTH="11"/>
						<String ID="P20_ST00065" HPOS="437" VPOS="1356" WIDTH="107" HEIGHT="19" CONTENT="worthless" WC="0.58" CC="600560377"/>
						<SP ID="P20_SP00051" HPOS="544" VPOS="1379" WIDTH="11"/>
						<String ID="P20_ST00066" HPOS="555" VPOS="1357" WIDTH="58" HEIGHT="19" CONTENT="dross" WC="0.37" CC="36876"/>
						<SP ID="P20_SP00052" HPOS="613" VPOS="1379" WIDTH="11"/>
						<String ID="P20_ST00067" HPOS="624" VPOS="1358" WIDTH="46" HEIGHT="19" CONTENT="into" WC="0.79" CC="3102"/>
						<SP ID="P20_SP00053" HPOS="670" VPOS="1379" WIDTH="10"/>
						<String ID="P20_ST00068" HPOS="680" VPOS="1358" WIDTH="27" HEIGHT="19" CONTENT="Its" WC="0.47" CC="437"/>
						<SP ID="P20_SP00054" HPOS="707" VPOS="1379" WIDTH="11"/>
						<String ID="P20_ST00069" HPOS="718" VPOS="1358" WIDTH="58" HEIGHT="26" CONTENT="place" WC="0.52" CC="63336"/>
						<String ID="P20_ST00070" HPOS="783" VPOS="1365" WIDTH="7" HEIGHT="18" CONTENT=";" WC="0.57" CC="4"/>
					</TextLine>
					<TextLine ID="P20_TL00012" HPOS="301" VPOS="1388" WIDTH="588" HEIGHT="33">
						<String ID="P20_ST00071" HPOS="301" VPOS="1388" WIDTH="61" HEIGHT="20" CONTENT="Loud" WC="0.58" CC="7801"/>
						<SP ID="P20_SP00055" HPOS="362" VPOS="1408" WIDTH="11"/>
						<String ID="P20_ST00072" HPOS="373" VPOS="1389" WIDTH="59" HEIGHT="21" CONTENT="when" WC="0.37" CC="8708"/>
						<SP ID="P20_SP00056" HPOS="432" VPOS="1410" WIDTH="11"/>
						<String ID="P20_ST00073" HPOS="443" VPOS="1391" WIDTH="50" HEIGHT="27" CONTENT="they" WC="0.52" CC="0648"/>
						<SP ID="P20_SP00057" HPOS="493" VPOS="1418" WIDTH="11"/>
						<String ID="P20_ST00074" HPOS="504" VPOS="1392" WIDTH="46" HEIGHT="27" CONTENT="beg," WC="0.53" CC="3482"/>
						<SP ID="P20_SP00058" HPOS="550" VPOS="1419" WIDTH="12"/>
						<String ID="P20_ST00075" HPOS="562" VPOS="1393" WIDTH="65" HEIGHT="21" CONTENT="dumb" WC="0.54" CC="5084"/>
						<SP ID="P20_SP00059" HPOS="627" VPOS="1419" WIDTH="11"/>
						<String ID="P20_ST00076" HPOS="638" VPOS="1395" WIDTH="49" HEIGHT="26" CONTENT="only" WC="0.54" CC="5606"/>
						<SP ID="P20_SP00060" HPOS="687" VPOS="1421" WIDTH="10"/>
						<String ID="P20_ST00077" HPOS="697" VPOS="1396" WIDTH="63" HEIGHT="20" CONTENT="when" WC="0.35" CC="7763"/>
						<SP ID="P20_SP00061" HPOS="760" VPOS="1421" WIDTH="10"/>
						<String ID="P20_ST00078" HPOS="770" VPOS="1396" WIDTH="50" HEIGHT="25" CONTENT="they" WC="0.84" CC="4100"/>
						<SP ID="P20_SP00062" HPOS="820" VPOS="1421" WIDTH="10"/>
						<String ID="P20_ST00079" HPOS="830" VPOS="1397" WIDTH="59" HEIGHT="21" CONTENT="steal." WC="0.54" CC="443661"/>
					</TextLine>
				</TextBlock>
				<TextBlock ID="P20_TB00008" HPOS="533" VPOS="1468" WIDTH="327" HEIGHT="27" STYLEREFS="TXT_0 PAR_RIGHT">
					<TextLine ID="P20_TL00013" HPOS="534" VPOS="1468" WIDTH="326" HEIGHT="27">
						<String ID="P20_ST00080" HPOS="534" VPOS="1468" WIDTH="79" HEIGHT="20" CONTENT="Dream" WC="0.59" CC="36018"/>
						<SP ID="P20_SP00063" HPOS="613" VPOS="1488" WIDTH="9"/>
						<String ID="P20_ST00081" HPOS="622" VPOS="1469" WIDTH="55" HEIGHT="21" CONTENT="after" WC="0.53" CC="06536"/>
						<SP ID="P20_SP00064" HPOS="677" VPOS="1490" WIDTH="10"/>
						<String ID="P20_ST00082" HPOS="687" VPOS="1470" WIDTH="72" HEIGHT="20" CONTENT="dream" WC="0.72" CC="40404"/>
						<SP ID="P20_SP00065" HPOS="759" VPOS="1490" WIDTH="11"/>
						<String ID="P20_ST00083" HPOS="770" VPOS="1478" WIDTH="75" HEIGHT="14" CONTENT="ensues" WC="0.50" CC="625085"/>
						<SP ID="P20_SP00066" HPOS="845" VPOS="1492" WIDTH="10"/>
						<String ID="P20_ST00084" HPOS="855" VPOS="1480" WIDTH="5" HEIGHT="15" CONTENT=";" WC="0.66" CC="3"/>
					</TextLine>
				</TextBlock>
				<TextBlock ID="P20_TB00009" HPOS="298" VPOS="1499" WIDTH="597" HEIGHT="67" STYLEREFS="TXT_0 PAR_LEFT">
					<TextLine ID="P20_TL00014" HPOS="301" VPOS="1500" WIDTH="594" HEIGHT="35">
						<String ID="P20_ST00085" HPOS="301" VPOS="1500" WIDTH="48" HEIGHT="19" CONTENT="And" WC="0.83" CC="013"/>
						<SP ID="P20_SP00067" HPOS="349" VPOS="1519" WIDTH="10"/>
						<String ID="P20_ST00086" HPOS="359" VPOS="1501" WIDTH="43" HEIGHT="20" CONTENT="still" WC="0.68" CC="70223"/>
						<SP ID="P20_SP00068" HPOS="402" VPOS="1521" WIDTH="10"/>
						<String ID="P20_ST00087" HPOS="412" VPOS="1503" WIDTH="50" HEIGHT="26" CONTENT="they" WC="0.41" CC="8446"/>
						<SP ID="P20_SP00069" HPOS="462" VPOS="1529" WIDTH="11"/>
						<String ID="P20_ST00088" HPOS="473" VPOS="1504" WIDTH="81" HEIGHT="25" CONTENT="dream;" WC="0.64" CC="364008"/>
						<SP ID="P20_SP00070" HPOS="554" VPOS="1529" WIDTH="7"/>
						<String ID="P20_ST00089" HPOS="561" VPOS="1505" WIDTH="49" HEIGHT="19" CONTENT="that" WC="0.45" CC="0776"/>
						<SP ID="P20_SP00071" HPOS="610" VPOS="1529" WIDTH="10"/>
						<String ID="P20_ST00090" HPOS="620" VPOS="1506" WIDTH="51" HEIGHT="27" CONTENT="they" WC="0.34" CC="8728"/>
						<SP ID="P20_SP00072" HPOS="671" VPOS="1533" WIDTH="10"/>
						<String ID="P20_ST00091" HPOS="681" VPOS="1507" WIDTH="54" HEIGHT="21" CONTENT="shall" WC="0.35" CC="77726"/>
						<SP ID="P20_SP00073" HPOS="735" VPOS="1533" WIDTH="9"/>
						<String ID="P20_ST00092" HPOS="744" VPOS="1508" WIDTH="45" HEIGHT="20" CONTENT="still" WC="0.41" CC="87525"/>
						<SP ID="P20_SP00074" HPOS="789" VPOS="1533" WIDTH="10"/>
						<String ID="P20_ST00093" HPOS="799" VPOS="1509" WIDTH="96" HEIGHT="26" CONTENT="succeed," WC="0.27" CC="64877886"/>
					</TextLine>
					<TextLine ID="P20_TL00015" HPOS="299" VPOS="1538" WIDTH="325" HEIGHT="28">
						<String ID="P20_ST00094" HPOS="299" VPOS="1538" WIDTH="49" HEIGHT="19" CONTENT="And" WC="0.49" CC="077"/>
						<SP ID="P20_SP00075" HPOS="348" VPOS="1557" WIDTH="9"/>
						<String ID="P20_ST00095" HPOS="357" VPOS="1539" WIDTH="42" HEIGHT="19" CONTENT="still" WC="0.57" CC="76303"/>
						<SP ID="P20_SP00076" HPOS="399" VPOS="1558" WIDTH="11"/>
						<String ID="P20_ST00096" HPOS="410" VPOS="1546" WIDTH="35" HEIGHT="14" CONTENT="are" WC="0.70" CC="053"/>
						<SP ID="P20_SP00077" HPOS="445" VPOS="1560" WIDTH="10"/>
						<String ID="P20_ST00097" HPOS="455" VPOS="1541" WIDTH="169" HEIGHT="25" CONTENT='disappointed."' WC="0.57" CC="47758172620004"/>
					</TextLine>
				</TextBlock>
				<TextBlock ID="P20_TB00010" HPOS="245" VPOS="1608" WIDTH="437" HEIGHT="37" STYLEREFS="TXT_1 PAR_LEFT">
					<TextLine ID="P20_TL00016" HPOS="246" VPOS="1609" WIDTH="436" HEIGHT="36">
						<String ID="P20_ST00098" HPOS="246" VPOS="1609" WIDTH="78" HEIGHT="31" CONTENT="This" WC="0.56" CC="0826"/>
						<SP ID="P20_SP00078" HPOS="324" VPOS="1640" WIDTH="16"/>
						<String ID="P20_ST00099" HPOS="340" VPOS="1611" WIDTH="24" HEIGHT="30" CONTENT="is" WC="0.33" CC="57"/>
						<SP ID="P20_SP00079" HPOS="364" VPOS="1641" WIDTH="22"/>
						<String ID="P20_ST00100" HPOS="386" VPOS="1612" WIDTH="91" HEIGHT="31" CONTENT="THE" WC="0.78" CC="060"/>
						<SP ID="P20_SP00080" HPOS="477" VPOS="1643" WIDTH="22"/>
						<String ID="P20_ST00101" HPOS="499" VPOS="1614" WIDTH="183" HEIGHT="31" CONTENT="DOCTOR" WC="0.61" CC="162057"/>
					</TextLine>
				</TextBlock>
				<TextBlock ID="P20_TB00011" HPOS="491" VPOS="1677" WIDTH="320" HEIGHT="40" STYLEREFS="TXT_1 PAR_CENTER">
					<TextLine ID="P20_TL00017" HPOS="492" VPOS="1678" WIDTH="319" HEIGHT="39">
						<String ID="P20_ST00102" HPOS="492" VPOS="1678" WIDTH="36" HEIGHT="29" CONTENT="of" WC="0.62" CC="51"/>
						<SP ID="P20_SP00081" HPOS="528" VPOS="1707" WIDTH="20"/>
						<String ID="P20_ST00103" HPOS="548" VPOS="1678" WIDTH="154" HEIGHT="32" CONTENT="Circidar" WC="0.71" CC="40035800"/>
						<SP ID="P20_SP00082" HPOS="702" VPOS="1710" WIDTH="19"/>
						<String ID="P20_ST00104" HPOS="721" VPOS="1681" WIDTH="90" HEIGHT="36" CONTENT="fame," WC="0.68" CC="00870"/>
					</TextLine>
				</TextBlock>
				<TextBlock ID="P20_TB00012" HPOS="244" VPOS="1733" WIDTH="506" HEIGHT="44" STYLEREFS="TXT_1 PAR_LEFT">
					<TextLine ID="P20_TL00018" HPOS="245" VPOS="1733" WIDTH="505" HEIGHT="44">
						<String ID="P20_ST00105" HPOS="245" VPOS="1733" WIDTH="28" HEIGHT="30" CONTENT="A" WC="0.40" CC="5"/>
						<SP ID="P20_SP00083" HPOS="273" VPOS="1763" WIDTH="17"/>
						<String ID="P20_ST00106" HPOS="290" VPOS="1733" WIDTH="155" HEIGHT="39" CONTENT="Driv'ller," WC="0.51" CC="8853418043"/>
						<SP ID="P20_SP00084" HPOS="445" VPOS="1772" WIDTH="16"/>
						<String ID="P20_ST00107" HPOS="461" VPOS="1748" WIDTH="19" HEIGHT="19" CONTENT="a" WC="0.40" CC="5"/>
						<SP ID="P20_SP00085" HPOS="480" VPOS="1772" WIDTH="14"/>
						<String ID="P20_ST00108" HPOS="494" VPOS="1739" WIDTH="105" HEIGHT="38" CONTENT="Bigot," WC="0.59" CC="828031"/>
						<SP ID="P20_SP00086" HPOS="599" VPOS="1777" WIDTH="11"/>
						<String ID="P20_ST00109" HPOS="610" VPOS="1750" WIDTH="18" HEIGHT="20" CONTENT="a" WC="1.00" CC="0"/>
						<SP ID="P20_SP00087" HPOS="628" VPOS="1777" WIDTH="15"/>
						<String ID="P20_ST00110" HPOS="643" VPOS="1741" WIDTH="107" HEIGHT="32" CONTENT="Knave" WC="0.75" CC="18020"/>
					</TextLine>
				</TextBlock>
				<TextBlock ID="P20_TB00013" HPOS="492" VPOS="1800" WIDTH="267" HEIGHT="33" STYLEREFS="TXT_1 PAR_LEFT">
					<TextLine ID="P20_TL00019" HPOS="493" VPOS="1800" WIDTH="266" HEIGHT="33">
						<String ID="P20_ST00111" HPOS="493" VPOS="1800" WIDTH="132" HEIGHT="32" CONTENT="without" WC="0.57" CC="8405560"/>
						<SP ID="P20_SP00088" HPOS="625" VPOS="1832" WIDTH="13"/>
						<String ID="P20_ST00112" HPOS="638" VPOS="1803" WIDTH="108" HEIGHT="30" CONTENT="shame" WC="0.59" CC="05660"/>
						<String ID="P20_ST00113" HPOS="754" VPOS="1816" WIDTH="5" HEIGHT="17" CONTENT=":" WC="1.00" CC="0"/>
					</TextLine>
				</TextBlock>
				<ComposedBlock ID="P20_CB00001" HPOS="147" VPOS="129" WIDTH="913" HEIGHT="725" STYLEREFS="TXT_0 PAR_LEFT" TYPE="Illustration">
					<GraphicalElement ID="P20_CB00001_SUB" HPOS="147" VPOS="129" WIDTH="913" HEIGHT="725"/>
				</ComposedBlock>
			</PrintSpace>
		</Page>
	</Layout>
</alto>
