<?xml version="1.0" encoding="UTF-8"?>
<alto xmlns:xsi="http://www.w3.org/2001/XMLSchema-instance" xsi:noNamespaceSchemaLocation="http://www.bl.uk/schemas/alto/alto-1-4.xsd" xmlns:xlink="http://www.w3.org/1999/xlink">
	<Description>
		<MeasurementUnit>mm10</MeasurementUnit>
		<sourceImageInformation>
			<fileName>//head1/IN/2007-34/A0010556622/004787.jp2</fileName>
		</sourceImageInformation>
		<OCRProcessing ID="OCRPROCESSING_1">
			<preProcessingStep>
				<processingSoftware>
					<softwareCreator>CCS Content Conversion Specialists GmbH, Germany</softwareCreator>
					<softwareName>CCS docWORKS</softwareName>
					<softwareVersion>6.1-0.54</softwareVersion>
				</processingSoftware>
			</preProcessingStep>
			<ocrProcessingStep>
				<processingSoftware>
					<softwareCreator>ABBYY (BIT Software), Russia</softwareCreator>
					<softwareName>Finereader</softwareName>
				</processingSoftware>
			</ocrProcessingStep>
		</OCRProcessing>
	</Description>
	<Styles>
		<TextStyle ID="TXT_0" FONTSIZE="11" FONTFAMILY="Courier New"/>
		<TextStyle ID="TXT_1" FONTSIZE="9" FONTFAMILY="Courier New"/>
		<TextStyle ID="TXT_2" FONTSIZE="10" FONTFAMILY="Courier New"/>
		<ParagraphStyle ID="PAR_CENTER" ALIGN="Center"/>
		<ParagraphStyle ID="PAR_LEFT" ALIGN="Left"/>
		<ParagraphStyle ID="PAR_RIGHT" ALIGN="Right"/>
	</Styles>
	<Layout>
		<Page ID="P27" PHYSICAL_IMG_NR="27" HEIGHT="1999" WIDTH="1190" QUALITY="Damaged" POSITION="Right" ACCURACY="54.62">
			<TopMargin ID="P27_TM00001" HPOS="0" VPOS="0" WIDTH="1190" HEIGHT="184"/>
			<LeftMargin ID="P27_LM00001" HPOS="0" VPOS="184" WIDTH="45" HEIGHT="1729"/>
			<RightMargin ID="P27_RM00001" HPOS="1103" VPOS="184" WIDTH="87" HEIGHT="1729"/>
			<BottomMargin ID="P27_BM00001" HPOS="0" VPOS="1913" WIDTH="1190" HEIGHT="86"/>
			<PrintSpace ID="P27_PS00001" HPOS="45" VPOS="184" WIDTH="1059" HEIGHT="1729">
				<TextBlock ID="P27_TB00001" HPOS="254" VPOS="1233" WIDTH="647" HEIGHT="33" STYLEREFS="TXT_0 PAR_CENTER">
					<TextLine ID="P27_TL00001" HPOS="254" VPOS="1234" WIDTH="647" HEIGHT="32">
						<String ID="P27_ST00001" HPOS="254" VPOS="1234" WIDTH="93" HEIGHT="29" CONTENT="THE" WC="0.54" CC="085"/>
						<SP ID="P27_SP00001" HPOS="347" VPOS="1263" WIDTH="23"/>
						<String ID="P27_ST00002" HPOS="370" VPOS="1234" WIDTH="221" HEIGHT="32" CONTENT="CLERICAL" WC="0.51" CC="46188072"/>
						<SP ID="P27_SP00002" HPOS="591" VPOS="1266" WIDTH="25"/>
						<String ID="P27_ST00003" HPOS="616" VPOS="1237" WIDTH="285" HEIGHT="29" CONTENT="MAGISTRATE" WC="0.47" CC="6783747600"/>
					</TextLine>
				</TextBlock>
				<TextBlock ID="P27_TB00002" HPOS="45" VPOS="1310" WIDTH="1055" HEIGHT="61" STYLEREFS="TXT_1 PAR_LEFT">
					<TextLine ID="P27_TL00002" HPOS="46" VPOS="1311" WIDTH="1054" HEIGHT="36">
						<String ID="P27_ST00004" HPOS="46" VPOS="1314" WIDTH="18" HEIGHT="9" CONTENT="'*" WC="0.42" CC="46"/>
						<SP ID="P27_SP00003" HPOS="64" VPOS="1323" WIDTH="21"/>
						<String ID="P27_ST00005" HPOS="85" VPOS="1311" WIDTH="48" HEIGHT="22" CONTENT="The" WC="0.59" CC="163"/>
						<SP ID="P27_SP00004" HPOS="133" VPOS="1333" WIDTH="13"/>
						<String ID="P27_ST00006" HPOS="146" VPOS="1311" WIDTH="94" HEIGHT="31" CONTENT="Bishop." WC="0.52" CC="6705470"/>
						<SP ID="P27_SP00005" HPOS="240" VPOS="1342" WIDTH="19"/>
						<String ID="P27_ST00007" HPOS="259" VPOS="1312" WIDTH="60" HEIGHT="24" CONTENT="Will" WC="0.64" CC="7420"/>
						<SP ID="P27_SP00006" HPOS="319" VPOS="1342" WIDTH="14"/>
						<String ID="P27_ST00008" HPOS="333" VPOS="1322" WIDTH="46" HEIGHT="23" CONTENT="you" WC="0.70" CC="800"/>
						<SP ID="P27_SP00007" HPOS="379" VPOS="1345" WIDTH="10"/>
						<String ID="P27_ST00009" HPOS="389" VPOS="1315" WIDTH="29" HEIGHT="24" CONTENT="be" WC="0.83" CC="03"/>
						<SP ID="P27_SP00008" HPOS="418" VPOS="1345" WIDTH="13"/>
						<String ID="P27_ST00010" HPOS="431" VPOS="1316" WIDTH="101" HEIGHT="31" CONTENT="diligent" WC="0.53" CC="80637038"/>
						<SP ID="P27_SP00009" HPOS="532" VPOS="1347" WIDTH="15"/>
						<String ID="P27_ST00011" HPOS="547" VPOS="1316" WIDTH="24" HEIGHT="22" CONTENT="in" WC="0.87" CC="20"/>
						<SP ID="P27_SP00010" HPOS="571" VPOS="1347" WIDTH="12"/>
						<String ID="P27_ST00012" HPOS="583" VPOS="1316" WIDTH="100" HEIGHT="30" CONTENT="Prayers" WC="0.61" CC="5700606"/>
						<String ID="P27_ST00013" HPOS="685" VPOS="1329" WIDTH="33" HEIGHT="3" CONTENT="—" WC="0.20" CC="8"/>
						<String ID="P27_ST00014" HPOS="720" VPOS="1315" WIDTH="82" HEIGHT="31" CONTENT="laving" WC="0.77" CC="004504"/>
						<SP ID="P27_SP00011" HPOS="802" VPOS="1347" WIDTH="12"/>
						<String ID="P27_ST00015" HPOS="814" VPOS="1315" WIDTH="64" HEIGHT="23" CONTENT="aside" WC="0.58" CC="73360"/>
						<SP ID="P27_SP00012" HPOS="878" VPOS="1347" WIDTH="12"/>
						<String ID="P27_ST00016" HPOS="890" VPOS="1315" WIDTH="40" HEIGHT="23" CONTENT="the" WC="0.63" CC="612"/>
						<SP ID="P27_SP00013" HPOS="930" VPOS="1347" WIDTH="12"/>
						<String ID="P27_ST00017" HPOS="942" VPOS="1314" WIDTH="71" HEIGHT="31" CONTENT="study" WC="0.60" CC="15480"/>
						<SP ID="P27_SP00014" HPOS="1013" VPOS="1347" WIDTH="11"/>
						<String ID="P27_ST00018" HPOS="1024" VPOS="1313" WIDTH="28" HEIGHT="24" CONTENT="of" WC="0.65" CC="06"/>
						<SP ID="P27_SP00015" HPOS="1052" VPOS="1347" WIDTH="11"/>
						<String ID="P27_ST00019" HPOS="1063" VPOS="1313" WIDTH="37" HEIGHT="23" CONTENT="the" WC="0.23" CC="886"/>
					</TextLine>
					<TextLine ID="P27_TL00003" HPOS="85" VPOS="1344" WIDTH="617" HEIGHT="27">
						<String ID="P27_ST00020" HPOS="85" VPOS="1344" WIDTH="77" HEIGHT="23" CONTENT="world" WC="0.57" CC="74045"/>
						<SP ID="P27_SP00016" HPOS="162" VPOS="1367" WIDTH="12"/>
						<String ID="P27_ST00021" HPOS="174" VPOS="1345" WIDTH="46" HEIGHT="22" CONTENT="and" WC="0.15" CC="888"/>
						<SP ID="P27_SP00017" HPOS="220" VPOS="1367" WIDTH="15"/>
						<String ID="P27_ST00022" HPOS="235" VPOS="1346" WIDTH="40" HEIGHT="22" CONTENT="the" WC="0.79" CC="060"/>
						<SP ID="P27_SP00018" HPOS="275" VPOS="1368" WIDTH="13"/>
						<String ID="P27_ST00023" HPOS="288" VPOS="1346" WIDTH="57" HEIGHT="24" CONTENT="flesh" WC="0.78" CC="00064"/>
						<SP ID="P27_SP00019" HPOS="345" VPOS="1370" WIDTH="13"/>
						<String ID="P27_ST00024" HPOS="358" VPOS="1349" WIDTH="8" HEIGHT="21" CONTENT="?" WC="0.41" CC="5"/>
						<SP ID="P27_SP00020" HPOS="366" VPOS="1370" WIDTH="73"/>
						<String ID="P27_ST00025" HPOS="439" VPOS="1350" WIDTH="47" HEIGHT="21" CONTENT="The" WC="0.84" CC="031"/>
						<SP ID="P27_SP00021" HPOS="486" VPOS="1371" WIDTH="13"/>
						<String ID="P27_ST00026" HPOS="499" VPOS="1350" WIDTH="84" HEIGHT="21" CONTENT="Priest." WC="0.74" CC="2132520"/>
						<SP ID="P27_SP00022" HPOS="583" VPOS="1371" WIDTH="34"/>
						<String ID="P27_ST00027" HPOS="617" VPOS="1349" WIDTH="10" HEIGHT="22" CONTENT="I" WC="0.66" CC="3"/>
						<SP ID="P27_SP00023" HPOS="627" VPOS="1371" WIDTH="16"/>
						<String ID="P27_ST00028" HPOS="643" VPOS="1348" WIDTH="59" HEIGHT="23" CONTENT="will." WC="0.73" CC="73200"/>
					</TextLine>
				</TextBlock>
				<TextBlock ID="P27_TB00003" HPOS="48" VPOS="1376" WIDTH="1056" HEIGHT="169" STYLEREFS="TXT_1 PAR_LEFT">
					<TextLine ID="P27_TL00004" HPOS="48" VPOS="1377" WIDTH="1056" HEIGHT="35">
						<String ID="P27_ST00029" HPOS="48" VPOS="1377" WIDTH="14" HEIGHT="23" CONTENT="7" WC="0.16" CC="8"/>
						<SP ID="P27_SP00024" HPOS="62" VPOS="1400" WIDTH="12"/>
						<String ID="P27_ST00030" HPOS="74" VPOS="1378" WIDTH="28" HEIGHT="22" CONTENT="he" WC="0.62" CC="70"/>
						<SP ID="P27_SP00025" HPOS="102" VPOS="1400" WIDTH="14"/>
						<String ID="P27_ST00031" HPOS="116" VPOS="1378" WIDTH="94" HEIGHT="31" CONTENT="Bishop." WC="0.86" CC="0223001"/>
						<SP ID="P27_SP00026" HPOS="210" VPOS="1409" WIDTH="33"/>
						<String ID="P27_ST00032" HPOS="243" VPOS="1379" WIDTH="59" HEIGHT="23" CONTENT="Will" WC="0.65" CC="6420"/>
						<SP ID="P27_SP00027" HPOS="302" VPOS="1409" WIDTH="13"/>
						<String ID="P27_ST00033" HPOS="315" VPOS="1389" WIDTH="48" HEIGHT="23" CONTENT="you" WC="0.65" CC="720"/>
						<SP ID="P27_SP00028" HPOS="363" VPOS="1412" WIDTH="13"/>
						<String ID="P27_ST00034" HPOS="376" VPOS="1383" WIDTH="117" HEIGHT="22" CONTENT="maintain" WC="0.62" CC="76600225"/>
						<SP ID="P27_SP00029" HPOS="493" VPOS="1412" WIDTH="14"/>
						<String ID="P27_ST00035" HPOS="507" VPOS="1383" WIDTH="46" HEIGHT="23" CONTENT="and" WC="0.46" CC="267"/>
						<SP ID="P27_SP00030" HPOS="553" VPOS="1412" WIDTH="13"/>
						<String ID="P27_ST00036" HPOS="566" VPOS="1387" WIDTH="36" HEIGHT="18" CONTENT="set" WC="0.52" CC="507"/>
						<SP ID="P27_SP00031" HPOS="602" VPOS="1412" WIDTH="14"/>
						<String ID="P27_ST00037" HPOS="616" VPOS="1382" WIDTH="124" HEIGHT="27" CONTENT="forwards," WC="0.65" CC="140880404"/>
						<SP ID="P27_SP00032" HPOS="740" VPOS="1412" WIDTH="14"/>
						<String ID="P27_ST00038" HPOS="754" VPOS="1390" WIDTH="23" HEIGHT="15" CONTENT="as" WC="0.63" CC="70"/>
						<SP ID="P27_SP00033" HPOS="777" VPOS="1412" WIDTH="21"/>
						<String ID="P27_ST00039" HPOS="798" VPOS="1382" WIDTH="71" HEIGHT="23" CONTENT="much" WC="0.74" CC="6003"/>
						<SP ID="P27_SP00034" HPOS="869" VPOS="1412" WIDTH="19"/>
						<String ID="P27_ST00040" HPOS="888" VPOS="1389" WIDTH="24" HEIGHT="15" CONTENT="as" WC="1.00" CC="00"/>
						<SP ID="P27_SP00035" HPOS="912" VPOS="1412" WIDTH="13"/>
						<String ID="P27_ST00041" HPOS="925" VPOS="1381" WIDTH="58" HEIGHT="24" CONTENT="lieth" WC="0.55" CC="25067"/>
						<SP ID="P27_SP00036" HPOS="983" VPOS="1412" WIDTH="20"/>
						<String ID="P27_ST00042" HPOS="1003" VPOS="1381" WIDTH="25" HEIGHT="23" CONTENT="in" WC="0.22" CC="78"/>
						<SP ID="P27_SP00037" HPOS="1028" VPOS="1412" WIDTH="19"/>
						<String ID="P27_ST00043" HPOS="1047" VPOS="1387" WIDTH="57" HEIGHT="24" CONTENT="you," WC="0.59" CC="0537"/>
					</TextLine>
					<TextLine ID="P27_TL00005" HPOS="85" VPOS="1412" WIDTH="1019" HEIGHT="35">
						<String ID="P27_ST00044" HPOS="85" VPOS="1412" WIDTH="133" HEIGHT="30" CONTENT="quietness," WC="0.71" CC="7000640710"/>
						<SP ID="P27_SP00038" HPOS="218" VPOS="1442" WIDTH="13"/>
						<String ID="P27_ST00045" HPOS="231" VPOS="1421" WIDTH="82" HEIGHT="24" CONTENT="peace," WC="0.59" CC="508307"/>
						<SP ID="P27_SP00039" HPOS="313" VPOS="1445" WIDTH="14"/>
						<String ID="P27_ST00046" HPOS="327" VPOS="1415" WIDTH="47" HEIGHT="24" CONTENT="and" WC="0.24" CC="678"/>
						<SP ID="P27_SP00040" HPOS="374" VPOS="1445" WIDTH="13"/>
						<String ID="P27_ST00047" HPOS="387" VPOS="1415" WIDTH="61" HEIGHT="28" CONTENT="love," WC="0.57" CC="05717"/>
						<SP ID="P27_SP00041" HPOS="448" VPOS="1445" WIDTH="14"/>
						<String ID="P27_ST00048" HPOS="462" VPOS="1423" WIDTH="88" HEIGHT="23" CONTENT="among" WC="0.51" CC="61158"/>
						<SP ID="P27_SP00042" HPOS="550" VPOS="1446" WIDTH="13"/>
						<String ID="P27_ST00049" HPOS="563" VPOS="1416" WIDTH="32" HEIGHT="22" CONTENT="all" WC="0.50" CC="724"/>
						<SP ID="P27_SP00043" HPOS="595" VPOS="1446" WIDTH="13"/>
						<String ID="P27_ST00050" HPOS="608" VPOS="1416" WIDTH="123" HEIGHT="23" CONTENT="Christian" WC="0.64" CC="260586300"/>
						<SP ID="P27_SP00044" HPOS="731" VPOS="1446" WIDTH="12"/>
						<String ID="P27_ST00051" HPOS="743" VPOS="1415" WIDTH="88" HEIGHT="32" CONTENT="People" WC="0.75" CC="700312"/>
						<SP ID="P27_SP00045" HPOS="831" VPOS="1447" WIDTH="11"/>
						<String ID="P27_ST00052" HPOS="842" VPOS="1417" WIDTH="7" HEIGHT="21" CONTENT="?" WC="0.75" CC="2"/>
						<SP ID="P27_SP00046" HPOS="849" VPOS="1447" WIDTH="70"/>
						<String ID="P27_ST00053" HPOS="919" VPOS="1415" WIDTH="82" HEIGHT="23" CONTENT="Priest." WC="0.93" CC="0040000"/>
						<SP ID="P27_SP00047" HPOS="1001" VPOS="1447" WIDTH="23"/>
						<String ID="P27_ST00054" HPOS="1024" VPOS="1414" WIDTH="11" HEIGHT="23" CONTENT="I" WC="0.40" CC="5"/>
						<SP ID="P27_SP00048" HPOS="1035" VPOS="1447" WIDTH="12"/>
						<String ID="P27_ST00055" HPOS="1047" VPOS="1412" WIDTH="57" HEIGHT="23" CONTENT="will." WC="0.58" CC="60860"/>
					</TextLine>
					<TextLine ID="P27_TL00006" HPOS="48" VPOS="1443" WIDTH="1056" HEIGHT="38">
						<String ID="P27_ST00056" HPOS="48" VPOS="1443" WIDTH="21" HEIGHT="32" CONTENT="%" WC="0.15" CC="8"/>
						<SP ID="P27_SP00049" HPOS="69" VPOS="1475" WIDTH="26"/>
						<String ID="P27_ST00057" HPOS="95" VPOS="1445" WIDTH="54" HEIGHT="23" CONTENT="The" WC="0.50" CC="770"/>
						<SP ID="P27_SP00050" HPOS="149" VPOS="1475" WIDTH="14"/>
						<String ID="P27_ST00058" HPOS="163" VPOS="1446" WIDTH="92" HEIGHT="32" CONTENT="Bishop" WC="0.62" CC="800705"/>
						<SP ID="P27_SP00051" HPOS="255" VPOS="1478" WIDTH="13"/>
						<String ID="P27_ST00059" HPOS="268" VPOS="1446" WIDTH="83" HEIGHT="33" CONTENT="laying" WC="0.48" CC="261748"/>
						<SP ID="P27_SP00052" HPOS="351" VPOS="1479" WIDTH="13"/>
						<String ID="P27_ST00060" HPOS="364" VPOS="1449" WIDTH="36" HEIGHT="23" CONTENT="his" WC="0.76" CC="070"/>
						<SP ID="P27_SP00053" HPOS="400" VPOS="1479" WIDTH="14"/>
						<String ID="P27_ST00061" HPOS="414" VPOS="1450" WIDTH="63" HEIGHT="22" CONTENT="hand" WC="0.41" CC="6088"/>
						<SP ID="P27_SP00054" HPOS="477" VPOS="1479" WIDTH="13"/>
						<String ID="P27_ST00062" HPOS="490" VPOS="1457" WIDTH="64" HEIGHT="24" CONTENT="upon" WC="0.46" CC="0866"/>
						<SP ID="P27_SP00055" HPOS="554" VPOS="1481" WIDTH="15"/>
						<String ID="P27_ST00063" HPOS="569" VPOS="1449" WIDTH="40" HEIGHT="23" CONTENT="the" WC="0.71" CC="340"/>
						<SP ID="P27_SP00056" HPOS="609" VPOS="1481" WIDTH="13"/>
						<String ID="P27_ST00064" HPOS="622" VPOS="1449" WIDTH="60" HEIGHT="22" CONTENT="head" WC="0.59" CC="3363"/>
						<SP ID="P27_SP00057" HPOS="682" VPOS="1481" WIDTH="10"/>
						<String ID="P27_ST00065" HPOS="692" VPOS="1449" WIDTH="28" HEIGHT="22" CONTENT="of" WC="0.81" CC="30"/>
						<SP ID="P27_SP00058" HPOS="720" VPOS="1481" WIDTH="10"/>
						<String ID="P27_ST00066" HPOS="730" VPOS="1449" WIDTH="49" HEIGHT="22" CONTENT="him" WC="0.59" CC="704"/>
						<SP ID="P27_SP00059" HPOS="779" VPOS="1481" WIDTH="13"/>
						<String ID="P27_ST00067" HPOS="792" VPOS="1449" WIDTH="52" HEIGHT="22" CONTENT="that" WC="0.84" CC="0600"/>
						<SP ID="P27_SP00060" HPOS="844" VPOS="1481" WIDTH="14"/>
						<String ID="P27_ST00068" HPOS="858" VPOS="1449" WIDTH="117" HEIGHT="22" CONTENT="receiveth" WC="0.86" CC="020003014"/>
						<SP ID="P27_SP00061" HPOS="975" VPOS="1481" WIDTH="11"/>
						<String ID="P27_ST00069" HPOS="986" VPOS="1449" WIDTH="41" HEIGHT="21" CONTENT="the" WC="0.36" CC="675"/>
						<SP ID="P27_SP00062" HPOS="1027" VPOS="1481" WIDTH="9"/>
						<String ID="P27_ST00070" HPOS="1036" VPOS="1446" WIDTH="68" HEIGHT="24" CONTENT="order" WC="0.61" CC="03545"/>
					</TextLine>
					<TextLine ID="P27_TL00007" HPOS="85" VPOS="1472" WIDTH="887" HEIGHT="42">
						<String ID="P27_ST00071" HPOS="85" VPOS="1478" WIDTH="28" HEIGHT="23" CONTENT="of" WC="0.34" CC="66"/>
						<SP ID="P27_SP00063" HPOS="113" VPOS="1501" WIDTH="15"/>
						<String ID="P27_ST00072" HPOS="128" VPOS="1479" WIDTH="154" HEIGHT="30" CONTENT="Priesthood," WC="0.47" CC="80167504887"/>
						<SP ID="P27_SP00064" HPOS="282" VPOS="1509" WIDTH="13"/>
						<String ID="P27_ST00073" HPOS="295" VPOS="1472" WIDTH="62" HEIGHT="33" CONTENT="shall" WC="0.40" CC="66483"/>
						<SP ID="P27_SP00065" HPOS="357" VPOS="1509" WIDTH="14"/>
						<String ID="P27_ST00074" HPOS="371" VPOS="1491" WIDTH="51" HEIGHT="23" CONTENT="say," WC="0.49" CC="4554"/>
						<SP ID="P27_SP00066" HPOS="422" VPOS="1514" WIDTH="16"/>
						<String ID="P27_ST00075" HPOS="438" VPOS="1483" WIDTH="154" HEIGHT="22" CONTENT="RECEIVE" WC="0.85" CC="6000300"/>
						<SP ID="P27_SP00067" HPOS="592" VPOS="1514" WIDTH="22"/>
						<String ID="P27_ST00076" HPOS="614" VPOS="1482" WIDTH="73" HEIGHT="23" CONTENT="THE" WC="0.73" CC="080"/>
						<SP ID="P27_SP00068" HPOS="687" VPOS="1514" WIDTH="23"/>
						<String ID="P27_ST00077" HPOS="710" VPOS="1481" WIDTH="98" HEIGHT="24" CONTENT="HOLY" WC="0.57" CC="7054"/>
						<SP ID="P27_SP00069" HPOS="808" VPOS="1514" WIDTH="23"/>
						<String ID="P27_ST00078" HPOS="831" VPOS="1481" WIDTH="141" HEIGHT="24" CONTENT='GHOST."' WC="0.55" CC="1670607"/>
					</TextLine>
					<TextLine ID="P27_TL00008" HPOS="617" VPOS="1513" WIDTH="484" HEIGHT="32">
						<String ID="P27_ST00079" HPOS="617" VPOS="1516" WIDTH="47" HEIGHT="23" CONTENT="The" WC="0.84" CC="040"/>
						<SP ID="P27_SP00070" HPOS="664" VPOS="1539" WIDTH="12"/>
						<String ID="P27_ST00080" HPOS="676" VPOS="1516" WIDTH="67" HEIGHT="22" CONTENT="Form" WC="0.70" CC="0830"/>
						<SP ID="P27_SP00071" HPOS="743" VPOS="1539" WIDTH="12"/>
						<String ID="P27_ST00081" HPOS="755" VPOS="1516" WIDTH="30" HEIGHT="29" CONTENT="of" WC="0.66" CC="33"/>
						<SP ID="P27_SP00072" HPOS="785" VPOS="1545" WIDTH="8"/>
						<String ID="P27_ST00082" HPOS="793" VPOS="1516" WIDTH="134" HEIGHT="22" CONTENT="Ordination" WC="0.79" CC="0000030562"/>
						<SP ID="P27_SP00073" HPOS="927" VPOS="1545" WIDTH="11"/>
						<String ID="P27_ST00083" HPOS="938" VPOS="1516" WIDTH="40" HEIGHT="29" CONTENT="for" WC="0.73" CC="322"/>
						<SP ID="P27_SP00074" HPOS="978" VPOS="1545" WIDTH="12"/>
						<String ID="P27_ST00084" HPOS="990" VPOS="1522" WIDTH="13" HEIGHT="15" CONTENT="a" WC="1.00" CC="0"/>
						<SP ID="P27_SP00075" HPOS="1003" VPOS="1545" WIDTH="14"/>
						<String ID="P27_ST00085" HPOS="1017" VPOS="1513" WIDTH="84" HEIGHT="23" CONTENT="Priest." WC="0.81" CC="1012520"/>
					</TextLine>
				</TextBlock>
				<TextBlock ID="P27_TB00004" HPOS="430" VPOS="1725" WIDTH="220" HEIGHT="11" STYLEREFS="TXT_1 PAR_LEFT">
					<TextLine ID="P27_TL00009" HPOS="431" VPOS="1726" WIDTH="219" HEIGHT="10">
						<String ID="P27_ST00086" HPOS="431" VPOS="1726" WIDTH="12" HEIGHT="10" CONTENT="#" WC="0.14" CC="8"/>
						<SP ID="P27_SP00076" HPOS="443" VPOS="1736" WIDTH="85"/>
						<String ID="P27_ST00087" HPOS="528" VPOS="1727" WIDTH="12" HEIGHT="9" CONTENT="#" WC="0.14" CC="8"/>
						<SP ID="P27_SP00077" HPOS="540" VPOS="1736" WIDTH="98"/>
						<String ID="P27_ST00088" HPOS="638" VPOS="1726" WIDTH="12" HEIGHT="10" CONTENT="#" WC="0.14" CC="8"/>
					</TextLine>
				</TextBlock>
				<TextBlock ID="P27_TB00005" HPOS="276" VPOS="1751" WIDTH="384" HEIGHT="27" STYLEREFS="TXT_1 PAR_LEFT">
					<TextLine ID="P27_TL00010" HPOS="276" VPOS="1752" WIDTH="384" HEIGHT="26">
						<String ID="P27_ST00089" HPOS="276" VPOS="1752" WIDTH="81" HEIGHT="19" CONTENT="Behold" WC="0.43" CC="787261"/>
						<SP ID="P27_SP00078" HPOS="357" VPOS="1771" WIDTH="11"/>
						<String ID="P27_ST00090" HPOS="368" VPOS="1753" WIDTH="38" HEIGHT="19" CONTENT="the" WC="0.43" CC="375"/>
						<SP ID="P27_SP00079" HPOS="406" VPOS="1772" WIDTH="11"/>
						<String ID="P27_ST00091" HPOS="417" VPOS="1754" WIDTH="82" HEIGHT="24" CONTENT="picture" WC="0.50" CC="1657606"/>
						<SP ID="P27_SP00080" HPOS="499" VPOS="1778" WIDTH="10"/>
						<String ID="P27_ST00092" HPOS="509" VPOS="1754" WIDTH="3" HEIGHT="18" CONTENT="!" WC="0.78" CC="2"/>
						<SP ID="P27_SP00081" HPOS="512" VPOS="1778" WIDTH="32"/>
						<String ID="P27_ST00093" HPOS="544" VPOS="1754" WIDTH="19" HEIGHT="19" CONTENT="Is" WC="0.21" CC="78"/>
						<SP ID="P27_SP00082" HPOS="563" VPOS="1778" WIDTH="12"/>
						<String ID="P27_ST00094" HPOS="575" VPOS="1754" WIDTH="16" HEIGHT="19" CONTENT="it" WC="0.25" CC="86"/>
						<SP ID="P27_SP00083" HPOS="591" VPOS="1778" WIDTH="11"/>
						<String ID="P27_ST00095" HPOS="602" VPOS="1754" WIDTH="6" HEIGHT="19" CONTENT="1" WC="0.24" CC="7"/>
						<SP ID="P27_SP00084" HPOS="608" VPOS="1778" WIDTH="3"/>
						<String ID="P27_ST00096" HPOS="611" VPOS="1754" WIDTH="4" HEIGHT="18" CONTENT="i" WC="0.18" CC="8"/>
						<String ID="P27_ST00097" HPOS="620" VPOS="1753" WIDTH="25" HEIGHT="19" CONTENT="lee" WC="0.17" CC="887"/>
						<SP ID="P27_SP00085" HPOS="645" VPOS="1778" WIDTH="8"/>
						<String ID="P27_ST00098" HPOS="653" VPOS="1754" WIDTH="7" HEIGHT="18" CONTENT="?" WC="0.16" CC="8"/>
					</TextLine>
				</TextBlock>
				<TextBlock ID="P27_TB00006" HPOS="259" VPOS="1805" WIDTH="635" HEIGHT="52" STYLEREFS="TXT_2 PAR_CENTER">
					<TextLine ID="P27_TL00011" HPOS="259" VPOS="1806" WIDTH="635" HEIGHT="51">
						<String ID="P27_ST00099" HPOS="259" VPOS="1806" WIDTH="164" HEIGHT="42" CONTENT="THIS" WC="0.44" CC="2838"/>
						<SP ID="P27_SP00086" HPOS="423" VPOS="1848" WIDTH="35"/>
						<String ID="P27_ST00100" HPOS="458" VPOS="1808" WIDTH="62" HEIGHT="40" CONTENT="IS" WC="0.30" CC="58"/>
						<SP ID="P27_SP00087" HPOS="520" VPOS="1848" WIDTH="35"/>
						<String ID="P27_ST00101" HPOS="555" VPOS="1810" WIDTH="39" HEIGHT="39" CONTENT="A" WC="0.20" CC="7"/>
						<SP ID="P27_SP00088" HPOS="594" VPOS="1849" WIDTH="37"/>
						<String ID="P27_ST00102" HPOS="631" VPOS="1808" WIDTH="263" HEIGHT="49" CONTENT="PRIEST," WC="0.45" CC="7803845"/>
					</TextLine>
				</TextBlock>
				<TextBlock ID="P27_TB00007" HPOS="471" VPOS="1877" WIDTH="453" HEIGHT="36" STYLEREFS="TXT_2 PAR_RIGHT">
					<TextLine ID="P27_TL00012" HPOS="472" VPOS="1877" WIDTH="452" HEIGHT="36">
						<String ID="P27_ST00103" HPOS="472" VPOS="1877" WIDTH="91" HEIGHT="30" CONTENT="made" WC="0.35" CC="7881"/>
						<SP ID="P27_SP00089" HPOS="563" VPOS="1907" WIDTH="18"/>
						<String ID="P27_ST00104" HPOS="581" VPOS="1882" WIDTH="7" HEIGHT="13" CONTENT="'•" WC="0.60" CC="08"/>
						<SP ID="P27_SP00090" HPOS="588" VPOS="1907" WIDTH="12"/>
						<String ID="P27_ST00105" HPOS="600" VPOS="1878" WIDTH="170" HEIGHT="35" CONTENT="according" WC="0.37" CC="588728068"/>
						<SP ID="P27_SP00091" HPOS="770" VPOS="1913" WIDTH="16"/>
						<String ID="P27_ST00106" HPOS="786" VPOS="1881" WIDTH="30" HEIGHT="26" CONTENT="to" WC="0.35" CC="48"/>
						<SP ID="P27_SP00092" HPOS="816" VPOS="1913" WIDTH="16"/>
						<String ID="P27_ST00107" HPOS="832" VPOS="1877" WIDTH="92" HEIGHT="34" CONTENT='Law",' WC="0.31" CC="77774"/>
					</TextLine>
				</TextBlock>
				<ComposedBlock ID="P27_CB00001" HPOS="123" VPOS="184" WIDTH="878" HEIGHT="1036" STYLEREFS="TXT_1 PAR_LEFT" TYPE="Illustration">
					<GraphicalElement ID="P27_CB00001_SUB" HPOS="123" VPOS="184" WIDTH="878" HEIGHT="1036"/>
				</ComposedBlock>
			</PrintSpace>
		</Page>
	</Layout>
</alto>
