<?xml version="1.0" encoding="UTF-8"?>
<alto xmlns:xsi="http://www.w3.org/2001/XMLSchema-instance" xsi:noNamespaceSchemaLocation="http://www.bl.uk/schemas/alto/alto-1-4.xsd" xmlns:xlink="http://www.w3.org/1999/xlink">
	<Description>
		<MeasurementUnit>mm10</MeasurementUnit>
		<sourceImageInformation>
			<fileName>//head1/IN/2007-34/A0010556622/004769.jp2</fileName>
		</sourceImageInformation>
		<OCRProcessing ID="OCRPROCESSING_1">
			<preProcessingStep>
				<processingSoftware>
					<softwareCreator>CCS Content Conversion Specialists GmbH, Germany</softwareCreator>
					<softwareName>CCS docWORKS</softwareName>
					<softwareVersion>6.1-0.54</softwareVersion>
				</processingSoftware>
			</preProcessingStep>
			<ocrProcessingStep>
				<processingSoftware>
					<softwareCreator>ABBYY (BIT Software), Russia</softwareCreator>
					<softwareName>Finereader</softwareName>
				</processingSoftware>
			</ocrProcessingStep>
		</OCRProcessing>
	</Description>
	<Styles>
		<TextStyle ID="TXT_0" FONTSIZE="11" FONTFAMILY="Courier New"/>
		<TextStyle ID="TXT_1" FONTSIZE="9" FONTFAMILY="Courier New"/>
		<TextStyle ID="TXT_2" FONTSIZE="10" FONTFAMILY="Courier New"/>
		<ParagraphStyle ID="PAR_CENTER" ALIGN="Center"/>
		<ParagraphStyle ID="PAR_RIGHT" ALIGN="Right"/>
		<ParagraphStyle ID="PAR_LEFT" ALIGN="Left"/>
	</Styles>
	<Layout>
		<Page ID="P9" PHYSICAL_IMG_NR="9" HEIGHT="1999" WIDTH="1190" QUALITY="Damaged" POSITION="Right" ACCURACY="62.68">
			<TopMargin ID="P9_TM00001" HPOS="0" VPOS="0" WIDTH="1190" HEIGHT="159"/>
			<LeftMargin ID="P9_LM00001" HPOS="0" VPOS="159" WIDTH="14" HEIGHT="1703"/>
			<RightMargin ID="P9_RM00001" HPOS="1060" VPOS="159" WIDTH="130" HEIGHT="1703"/>
			<BottomMargin ID="P9_BM00001" HPOS="0" VPOS="1862" WIDTH="1190" HEIGHT="137"/>
			<PrintSpace ID="P9_PS00001" HPOS="14" VPOS="159" WIDTH="1046" HEIGHT="1703">
				<TextBlock ID="P9_TB00001" HPOS="408" VPOS="159" WIDTH="263" HEIGHT="26" STYLEREFS="TXT_0 PAR_CENTER">
					<TextLine ID="P9_TL00001" HPOS="409" VPOS="160" WIDTH="262" HEIGHT="25">
						<String ID="P9_ST00001" HPOS="409" VPOS="160" WIDTH="71" HEIGHT="24" CONTENT="THE" WC="0.81" CC="050"/>
						<SP ID="P9_SP00001" HPOS="480" VPOS="184" WIDTH="20"/>
						<String ID="P9_ST00002" HPOS="500" VPOS="160" WIDTH="171" HEIGHT="25" CONTENT="AUTHORS" WC="0.54" CC="7027580"/>
					</TextLine>
				</TextBlock>
				<TextBlock ID="P9_TB00002" HPOS="298" VPOS="233" WIDTH="473" HEIGHT="37" STYLEREFS="TXT_0 PAR_CENTER">
					<TextLine ID="P9_TL00002" HPOS="299" VPOS="233" WIDTH="472" HEIGHT="37">
						<String ID="P9_ST00003" HPOS="299" VPOS="233" WIDTH="472" HEIGHT="37" CONTENT="DEDICATION" WC="0.49" CC="8445770065"/>
					</TextLine>
				</TextBlock>
				<TextBlock ID="P9_TB00003" HPOS="331" VPOS="327" WIDTH="425" HEIGHT="20" STYLEREFS="TXT_1 PAR_CENTER">
					<TextLine ID="P9_TL00003" HPOS="333" VPOS="327" WIDTH="423" HEIGHT="20">
						<String ID="P9_ST00004" HPOS="333" VPOS="327" WIDTH="34" HEIGHT="19" CONTENT="TO" WC="0.86" CC="02"/>
						<SP ID="P9_SP00002" HPOS="367" VPOS="346" WIDTH="14"/>
						<String ID="P9_ST00005" HPOS="381" VPOS="328" WIDTH="44" HEIGHT="18" CONTENT="HIS" WC="0.76" CC="070"/>
						<SP ID="P9_SP00003" HPOS="425" VPOS="346" WIDTH="15"/>
						<String ID="P9_ST00006" HPOS="440" VPOS="329" WIDTH="150" HEIGHT="18" CONTENT="POLITICAL" WC="0.51" CC="808326067"/>
						<SP ID="P9_SP00004" HPOS="590" VPOS="347" WIDTH="14"/>
						<String ID="P9_ST00007" HPOS="604" VPOS="331" WIDTH="152" HEIGHT="16" CONTENT="GODCHILD." WC="0.62" CC="200078870"/>
					</TextLine>
				</TextBlock>
				<TextBlock ID="P9_TB00004" HPOS="524" VPOS="464" WIDTH="36" HEIGHT="17" STYLEREFS="TXT_2 PAR_CENTER">
					<TextLine ID="P9_TL00004" HPOS="524" VPOS="464" WIDTH="36" HEIGHT="17">
						<String ID="P9_ST00008" HPOS="524" VPOS="464" WIDTH="36" HEIGHT="17" CONTENT="TO" WC="0.53" CC="71"/>
					</TextLine>
				</TextBlock>
				<TextBlock ID="P9_TB00005" HPOS="232" VPOS="511" WIDTH="634" HEIGHT="52" STYLEREFS="TXT_0 PAR_CENTER">
					<TextLine ID="P9_TL00005" HPOS="233" VPOS="511" WIDTH="633" HEIGHT="52">
						<String ID="P9_ST00009" HPOS="233" VPOS="511" WIDTH="351" HEIGHT="43" CONTENT="DOCTOR" WC="0.39" CC="777066"/>
						<SP ID="P9_SP00005" HPOS="584" VPOS="554" WIDTH="50"/>
						<String ID="P9_ST00010" HPOS="634" VPOS="513" WIDTH="232" HEIGHT="50" CONTENT="SLOP," WC="0.44" CC="87532"/>
					</TextLine>
				</TextBlock>
				<TextBlock ID="P9_TB00006" HPOS="382" VPOS="612" WIDTH="335" HEIGHT="16" STYLEREFS="TXT_1 PAR_CENTER">
					<TextLine ID="P9_TL00006" HPOS="383" VPOS="612" WIDTH="334" HEIGHT="16">
						<String ID="P9_ST00011" HPOS="383" VPOS="612" WIDTH="27" HEIGHT="15" CONTENT="IN" WC="0.33" CC="57"/>
						<SP ID="P9_SP00006" HPOS="410" VPOS="627" WIDTH="12"/>
						<String ID="P9_ST00012" HPOS="422" VPOS="612" WIDTH="254" HEIGHT="16" CONTENT="ACKNOWLEDGMENT" WC="0.49" CC="88077281640078"/>
						<SP ID="P9_SP00007" HPOS="676" VPOS="628" WIDTH="13"/>
						<String ID="P9_ST00013" HPOS="689" VPOS="613" WIDTH="28" HEIGHT="14" CONTENT="OP" WC="0.58" CC="08"/>
					</TextLine>
				</TextBlock>
				<TextBlock ID="P9_TB00007" HPOS="27" VPOS="674" WIDTH="1022" HEIGHT="33" STYLEREFS="TXT_1 PAR_CENTER">
					<TextLine ID="P9_TL00007" HPOS="27" VPOS="674" WIDTH="1022" HEIGHT="33">
						<String ID="P9_ST00014" HPOS="27" VPOS="674" WIDTH="104" HEIGHT="26" CONTENT="MANY" WC="0.23" CC="8588"/>
						<SP ID="P9_SP00008" HPOS="131" VPOS="700" WIDTH="17"/>
						<String ID="P9_ST00015" HPOS="148" VPOS="676" WIDTH="127" HEIGHT="24" CONTENT="PUBLIC" WC="0.65" CC="826300"/>
						<SP ID="P9_SP00009" HPOS="275" VPOS="700" WIDTH="17"/>
						<String ID="P9_ST00016" HPOS="292" VPOS="677" WIDTH="257" HEIGHT="24" CONTENT="TESTIMONIALS" WC="0.73" CC="030003331780"/>
						<SP ID="P9_SP00010" HPOS="549" VPOS="701" WIDTH="19"/>
						<String ID="P9_ST00017" HPOS="568" VPOS="678" WIDTH="44" HEIGHT="23" CONTENT="OF" WC="0.76" CC="22"/>
						<SP ID="P9_SP00011" HPOS="612" VPOS="701" WIDTH="17"/>
						<String ID="P9_ST00018" HPOS="629" VPOS="677" WIDTH="57" HEIGHT="24" CONTENT="HIS" WC="0.63" CC="730"/>
						<SP ID="P9_SP00012" HPOS="686" VPOS="701" WIDTH="18"/>
						<String ID="P9_ST00019" HPOS="704" VPOS="677" WIDTH="114" HEIGHT="25" CONTENT="FILIAL" WC="0.55" CC="734127"/>
						<SP ID="P9_SP00013" HPOS="818" VPOS="702" WIDTH="17"/>
						<String ID="P9_ST00020" HPOS="835" VPOS="677" WIDTH="199" HEIGHT="24" CONTENT="GRATITUDE" WC="0.71" CC="264000361"/>
						<String ID="P9_ST00021" HPOS="1042" VPOS="690" WIDTH="7" HEIGHT="17" CONTENT="&gt;" WC="0.15" CC="8"/>
					</TextLine>
				</TextBlock>
				<TextBlock ID="P9_TB00008" HPOS="496" VPOS="739" WIDTH="99" HEIGHT="15" STYLEREFS="TXT_1 PAR_CENTER">
					<TextLine ID="P9_TL00008" HPOS="497" VPOS="739" WIDTH="98" HEIGHT="15">
						<String ID="P9_ST00022" HPOS="497" VPOS="739" WIDTH="53" HEIGHT="15" CONTENT="AND" WC="0.30" CC="758"/>
						<SP ID="P9_SP00014" HPOS="550" VPOS="754" WIDTH="13"/>
						<String ID="P9_ST00023" HPOS="563" VPOS="739" WIDTH="32" HEIGHT="15" CONTENT="TO" WC="0.48" CC="36"/>
					</TextLine>
				</TextBlock>
				<TextBlock ID="P9_TB00009" HPOS="216" VPOS="794" WIDTH="660" HEIGHT="35" STYLEREFS="TXT_2 PAR_CENTER">
					<TextLine ID="P9_TL00009" HPOS="217" VPOS="794" WIDTH="659" HEIGHT="31">
						<String ID="P9_ST00024" HPOS="217" VPOS="795" WIDTH="92" HEIGHT="30" CONTENT="THE" WC="1.00" CC="000"/>
						<SP ID="P9_SP00015" HPOS="309" VPOS="825" WIDTH="25"/>
						<String ID="P9_ST00025" HPOS="334" VPOS="794" WIDTH="202" HEIGHT="31" CONTENT="NURSERY" WC="0.48" CC="5871056"/>
						<SP ID="P9_SP00016" HPOS="536" VPOS="825" WIDTH="24"/>
						<String ID="P9_ST00026" HPOS="560" VPOS="794" WIDTH="56" HEIGHT="29" CONTENT="OF" WC="0.58" CC="61"/>
						<SP ID="P9_SP00017" HPOS="616" VPOS="825" WIDTH="23"/>
						<String ID="P9_ST00027" HPOS="639" VPOS="794" WIDTH="237" HEIGHT="30" CONTENT="CHILDREN-" WC="0.43" CC="745765282"/>
					</TextLine>
				</TextBlock>
				<TextBlock ID="P9_TB00010" HPOS="366" VPOS="887" WIDTH="356" HEIGHT="35" STYLEREFS="TXT_2 PAR_CENTER">
					<TextLine ID="P9_TL00010" HPOS="367" VPOS="887" WIDTH="355" HEIGHT="35">
						<String ID="P9_ST00028" HPOS="367" VPOS="888" WIDTH="71" HEIGHT="29" CONTENT="SIX" WC="0.54" CC="435"/>
						<SP ID="P9_SP00018" HPOS="438" VPOS="917" WIDTH="24"/>
						<String ID="P9_ST00029" HPOS="462" VPOS="887" WIDTH="113" HEIGHT="30" CONTENT="FEET" WC="0.89" CC="4000"/>
						<SP ID="P9_SP00019" HPOS="575" VPOS="917" WIDTH="24"/>
						<String ID="P9_ST00030" HPOS="599" VPOS="888" WIDTH="123" HEIGHT="34" CONTENT="HIGH," WC="0.59" CC="52343"/>
					</TextLine>
				</TextBlock>
				<TextBlock ID="P9_TB00011" HPOS="286" VPOS="977" WIDTH="513" HEIGHT="41" STYLEREFS="TXT_2 PAR_CENTER">
					<TextLine ID="P9_TL00011" HPOS="286" VPOS="978" WIDTH="513" HEIGHT="40">
						<String ID="P9_ST00031" HPOS="286" VPOS="978" WIDTH="121" HEIGHT="34" CONTENT="HIS" WC="0.40" CC="728"/>
						<SP ID="P9_SP00020" HPOS="407" VPOS="1012" WIDTH="44"/>
						<String ID="P9_ST00032" HPOS="451" VPOS="978" WIDTH="348" HEIGHT="40" CONTENT="READERS," WC="0.29" CC="58887674"/>
					</TextLine>
				</TextBlock>
				<TextBlock ID="P9_TB00012" HPOS="232" VPOS="1077" WIDTH="616" HEIGHT="34" STYLEREFS="TXT_2 PAR_CENTER">
					<TextLine ID="P9_TL00012" HPOS="232" VPOS="1077" WIDTH="616" HEIGHT="34">
						<String ID="P9_ST00033" HPOS="232" VPOS="1078" WIDTH="53" HEIGHT="20" CONTENT="FOR" WC="0.75" CC="006"/>
						<SP ID="P9_SP00021" HPOS="285" VPOS="1098" WIDTH="13"/>
						<String ID="P9_ST00034" HPOS="298" VPOS="1078" WIDTH="63" HEIGHT="20" CONTENT="THE" WC="0.60" CC="803"/>
						<SP ID="P9_SP00022" HPOS="361" VPOS="1098" WIDTH="14"/>
						<String ID="P9_ST00035" HPOS="375" VPOS="1077" WIDTH="211" HEIGHT="34" CONTENT="DEMG^^AKD" WC="0.26" CC="708888888"/>
						<SP ID="P9_SP00023" HPOS="586" VPOS="1111" WIDTH="15"/>
						<String ID="P9_ST00036" HPOS="601" VPOS="1077" WIDTH="197" HEIGHT="22" CONTENT="ftJaPRUCTION" WC="0.45" CC="778888701006"/>
						<SP ID="P9_SP00024" HPOS="798" VPOS="1111" WIDTH="16"/>
						<String ID="P9_ST00037" HPOS="814" VPOS="1079" WIDTH="34" HEIGHT="20" CONTENT="°F" WC="0.19" CC="78"/>
					</TextLine>
				</TextBlock>
				<TextBlock ID="P9_TB00013" HPOS="325" VPOS="1146" WIDTH="437" HEIGHT="34" STYLEREFS="TXT_2 PAR_CENTER">
					<TextLine ID="P9_TL00013" HPOS="326" VPOS="1146" WIDTH="435" HEIGHT="34">
						<String ID="P9_ST00038" HPOS="326" VPOS="1153" WIDTH="94" HEIGHT="23" CONTENT="their" WC="0.57" CC="80372"/>
						<SP ID="P9_SP00025" HPOS="420" VPOS="1176" WIDTH="15"/>
						<String ID="P9_ST00039" HPOS="435" VPOS="1146" WIDTH="309" HEIGHT="34" CONTENT="u^fee^MiM^MiNDs" WC="0.34" CC="887788888846500"/>
						<String ID="P9_ST00040" HPOS="754" VPOS="1163" WIDTH="7" HEIGHT="16" CONTENT=";" WC="0.24" CC="7"/>
					</TextLine>
				</TextBlock>
				<TextBlock ID="P9_TB00014" HPOS="217" VPOS="1233" WIDTH="653" HEIGHT="31" STYLEREFS="TXT_2 PAR_CENTER">
					<TextLine ID="P9_TL00014" HPOS="219" VPOS="1234" WIDTH="651" HEIGHT="30">
						<String ID="P9_ST00041" HPOS="219" VPOS="1234" WIDTH="101" HEIGHT="30" CONTENT="THIS" WC="0.80" CC="0430"/>
						<SP ID="P9_SP00026" HPOS="320" VPOS="1264" WIDTH="23"/>
						<String ID="P9_ST00042" HPOS="343" VPOS="1234" WIDTH="210" HEIGHT="30" CONTENT="JUVENILE" WC="0.66" CC="55704300"/>
						<SP ID="P9_SP00027" HPOS="553" VPOS="1264" WIDTH="23"/>
						<String ID="P9_ST00043" HPOS="576" VPOS="1234" WIDTH="294" HEIGHT="30" CONTENT="PUBLICATION" WC="0.60" CC="07306340467"/>
					</TextLine>
				</TextBlock>
				<TextBlock ID="P9_TB00015" HPOS="303" VPOS="1322" WIDTH="479" HEIGHT="23" STYLEREFS="TXT_2 PAR_CENTER">
					<TextLine ID="P9_TL00015" HPOS="303" VPOS="1322" WIDTH="479" HEIGHT="23">
						<String ID="P9_ST00044" HPOS="303" VPOS="1324" WIDTH="26" HEIGHT="19" CONTENT="IS" WC="1.00" CC="00"/>
						<SP ID="P9_SP00028" HPOS="329" VPOS="1343" WIDTH="14"/>
						<String ID="P9_ST00045" HPOS="343" VPOS="1322" WIDTH="258" HEIGHT="22" CONTENT="AFFECTIONATELY" WC="0.58" CC="65160160760067"/>
						<SP ID="P9_SP00029" HPOS="601" VPOS="1344" WIDTH="16"/>
						<String ID="P9_ST00046" HPOS="617" VPOS="1322" WIDTH="165" HEIGHT="23" CONTENT="INSCRIBED," WC="0.61" CC="2800774340"/>
					</TextLine>
				</TextBlock>
				<TextBlock ID="P9_TB00016" HPOS="527" VPOS="1378" WIDTH="33" HEIGHT="14" STYLEREFS="TXT_2 PAR_CENTER">
					<TextLine ID="P9_TL00016" HPOS="529" VPOS="1378" WIDTH="31" HEIGHT="14">
						<String ID="P9_ST00047" HPOS="529" VPOS="1378" WIDTH="31" HEIGHT="14" CONTENT="RY" WC="0.19" CC="87"/>
					</TextLine>
				</TextBlock>
				<TextBlock ID="P9_TB00017" HPOS="193" VPOS="1423" WIDTH="702" HEIGHT="28" STYLEREFS="TXT_2 PAR_CENTER">
					<TextLine ID="P9_TL00017" HPOS="194" VPOS="1424" WIDTH="701" HEIGHT="27">
						<String ID="P9_ST00048" HPOS="194" VPOS="1427" WIDTH="71" HEIGHT="24" CONTENT="THE" WC="0.76" CC="330"/>
						<SP ID="P9_SP00030" HPOS="265" VPOS="1451" WIDTH="18"/>
						<String ID="P9_ST00049" HPOS="283" VPOS="1426" WIDTH="171" HEIGHT="25" CONTENT="DOCTORS" WC="0.70" CC="8002350"/>
						<SP ID="P9_SP00031" HPOS="454" VPOS="1451" WIDTH="19"/>
						<String ID="P9_ST00050" HPOS="473" VPOS="1424" WIDTH="184" HEIGHT="25" CONTENT="POLITICAL" WC="0.78" CC="704001023"/>
						<SP ID="P9_SP00032" HPOS="657" VPOS="1451" WIDTH="18"/>
						<String ID="P9_ST00051" HPOS="675" VPOS="1424" WIDTH="220" HEIGHT="27" CONTENT="GODFATHER," WC="0.71" CC="0055002077"/>
					</TextLine>
				</TextBlock>
				<TextBlock ID="P9_TB00018" HPOS="754" VPOS="1497" WIDTH="303" HEIGHT="32" STYLEREFS="TXT_2 PAR_RIGHT">
					<TextLine ID="P9_TL00018" HPOS="755" VPOS="1497" WIDTH="302" HEIGHT="32">
						<String ID="P9_ST00052" HPOS="755" VPOS="1498" WIDTH="90" HEIGHT="31" CONTENT="THE" WC="0.77" CC="060"/>
						<SP ID="P9_SP00033" HPOS="845" VPOS="1529" WIDTH="22"/>
						<String ID="P9_ST00053" HPOS="867" VPOS="1497" WIDTH="190" HEIGHT="32" CONTENT="AUTHOR." WC="0.43" CC="4705687"/>
					</TextLine>
				</TextBlock>
				<TextBlock ID="P9_TB00019" HPOS="14" VPOS="1629" WIDTH="1046" HEIGHT="233" STYLEREFS="TXT_1 PAR_LEFT">
					<TextLine ID="P9_TL00019" HPOS="67" VPOS="1629" WIDTH="993" HEIGHT="38">
						<String ID="P9_ST00054" HPOS="67" VPOS="1636" WIDTH="146" HEIGHT="28" CONTENT="NOTE.—" WC="0.59" CC="880008"/>
						<String ID="P9_ST00055" HPOS="215" VPOS="1635" WIDTH="56" HEIGHT="27" CONTENT="The" WC="0.54" CC="273"/>
						<SP ID="P9_SP00034" HPOS="271" VPOS="1664" WIDTH="13"/>
						<String ID="P9_ST00056" HPOS="284" VPOS="1635" WIDTH="177" HEIGHT="27" CONTENT="Publication" WC="0.72" CC="27602522000"/>
						<SP ID="P9_SP00035" HPOS="461" VPOS="1664" WIDTH="13"/>
						<String ID="P9_ST00057" HPOS="474" VPOS="1634" WIDTH="116" HEIGHT="28" CONTENT="wherein" WC="0.58" CC="6880500"/>
						<SP ID="P9_SP00036" HPOS="590" VPOS="1664" WIDTH="14"/>
						<String ID="P9_ST00058" HPOS="604" VPOS="1634" WIDTH="45" HEIGHT="27" CONTENT="the" WC="0.50" CC="770"/>
						<SP ID="P9_SP00037" HPOS="649" VPOS="1664" WIDTH="13"/>
						<String ID="P9_ST00059" HPOS="662" VPOS="1633" WIDTH="106" HEIGHT="27" CONTENT="Author" WC="0.52" CC="073762"/>
						<SP ID="P9_SP00038" HPOS="768" VPOS="1664" WIDTH="21"/>
						<String ID="P9_ST00060" HPOS="789" VPOS="1631" WIDTH="56" HEIGHT="36" CONTENT='of"' WC="0.81" CC="050"/>
						<SP ID="P9_SP00039" HPOS="845" VPOS="1667" WIDTH="15"/>
						<String ID="P9_ST00061" HPOS="860" VPOS="1630" WIDTH="56" HEIGHT="27" CONTENT="The" WC="0.68" CC="540"/>
						<SP ID="P9_SP00040" HPOS="916" VPOS="1667" WIDTH="11"/>
						<String ID="P9_ST00062" HPOS="927" VPOS="1629" WIDTH="133" HEIGHT="29" CONTENT="Political" WC="0.76" CC="143050401"/>
					</TextLine>
					<TextLine ID="P9_TL00020" HPOS="18" VPOS="1676" WIDTH="1041" HEIGHT="42">
						<String ID="P9_ST00063" HPOS="18" VPOS="1684" WIDTH="92" HEIGHT="28" CONTENT="House" WC="0.70" CC="22720"/>
						<SP ID="P9_SP00041" HPOS="110" VPOS="1712" WIDTH="13"/>
						<String ID="P9_ST00064" HPOS="123" VPOS="1684" WIDTH="61" HEIGHT="27" CONTENT="that" WC="0.70" CC="5401"/>
						<SP ID="P9_SP00042" HPOS="184" VPOS="1712" WIDTH="14"/>
						<String ID="P9_ST00065" HPOS="198" VPOS="1683" WIDTH="75" HEIGHT="27" CONTENT="Jack" WC="0.66" CC="1056"/>
						<SP ID="P9_SP00043" HPOS="273" VPOS="1712" WIDTH="13"/>
						<String ID="P9_ST00066" HPOS="286" VPOS="1682" WIDTH="79" HEIGHT="27" CONTENT="Built" WC="0.61" CC="82045"/>
						<String ID="P9_ST00067" HPOS="373" VPOS="1681" WIDTH="15" HEIGHT="13" CONTENT='"' WC="0.87" CC="1"/>
						<SP ID="P9_SP00044" HPOS="388" VPOS="1712" WIDTH="14"/>
						<String ID="P9_ST00068" HPOS="402" VPOS="1681" WIDTH="142" HEIGHT="37" CONTENT="conferred" WC="0.72" CC="538400011"/>
						<SP ID="P9_SP00045" HPOS="544" VPOS="1718" WIDTH="17"/>
						<String ID="P9_ST00069" HPOS="561" VPOS="1690" WIDTH="69" HEIGHT="27" CONTENT="upon" WC="0.62" CC="8600"/>
						<SP ID="P9_SP00046" HPOS="630" VPOS="1718" WIDTH="13"/>
						<String ID="P9_ST00070" HPOS="643" VPOS="1680" WIDTH="52" HEIGHT="26" CONTENT="Dr." WC="0.58" CC="705"/>
						<SP ID="P9_SP00047" HPOS="695" VPOS="1718" WIDTH="12"/>
						<String ID="P9_ST00071" HPOS="707" VPOS="1678" WIDTH="101" HEIGHT="28" CONTENT="SLOP" WC="0.84" CC="0006"/>
						<SP ID="P9_SP00048" HPOS="808" VPOS="1718" WIDTH="18"/>
						<String ID="P9_ST00072" HPOS="826" VPOS="1678" WIDTH="44" HEIGHT="26" CONTENT="the" WC="0.74" CC="250"/>
						<SP ID="P9_SP00049" HPOS="870" VPOS="1718" WIDTH="18"/>
						<String ID="P9_ST00073" HPOS="888" VPOS="1677" WIDTH="100" HEIGHT="35" CONTENT="lasting" WC="0.72" CC="0523007"/>
						<SP ID="P9_SP00050" HPOS="988" VPOS="1718" WIDTH="18"/>
						<String ID="P9_ST00074" HPOS="1006" VPOS="1676" WIDTH="53" HEIGHT="26" CONTENT="dis" SUBS_TYPE="HypPart1" SUBS_CONTENT="distinction" WC="0.70" CC="0074"/>
						<HYP CONTENT="-"/>
					</TextLine>
					<TextLine ID="P9_TL00021" HPOS="19" VPOS="1722" WIDTH="1040" HEIGHT="45">
						<String ID="P9_ST00075" HPOS="19" VPOS="1732" WIDTH="113" HEIGHT="27" CONTENT="tinction" SUBS_TYPE="HypPart2" SUBS_CONTENT="distinction" WC="0.65" CC="70043135"/>
						<SP ID="P9_SP00051" HPOS="132" VPOS="1759" WIDTH="11"/>
						<String ID="P9_ST00076" HPOS="143" VPOS="1731" WIDTH="36" HEIGHT="36" CONTENT="of" WC="0.51" CC="53"/>
						<SP ID="P9_SP00052" HPOS="179" VPOS="1767" WIDTH="2"/>
						<String ID="P9_ST00077" HPOS="181" VPOS="1730" WIDTH="42" HEIGHT="27" CONTENT="his" WC="0.62" CC="704"/>
						<SP ID="P9_SP00053" HPOS="223" VPOS="1767" WIDTH="8"/>
						<String ID="P9_ST00078" HPOS="231" VPOS="1739" WIDTH="84" HEIGHT="22" CONTENT="name," WC="0.85" CC="00024"/>
						<SP ID="P9_SP00054" HPOS="315" VPOS="1767" WIDTH="10"/>
						<String ID="P9_ST00079" HPOS="325" VPOS="1739" WIDTH="58" HEIGHT="17" CONTENT="was" WC="0.53" CC="435"/>
						<SP ID="P9_SP00055" HPOS="383" VPOS="1767" WIDTH="8"/>
						<String ID="P9_ST00080" HPOS="391" VPOS="1738" WIDTH="18" HEIGHT="18" CONTENT="a" WC="0.62" CC="3"/>
						<SP ID="P9_SP00056" HPOS="409" VPOS="1767" WIDTH="8"/>
						<String ID="P9_ST00081" HPOS="417" VPOS="1728" WIDTH="53" HEIGHT="28" CONTENT="Jeu" WC="0.73" CC="304"/>
						<SP ID="P9_SP00057" HPOS="470" VPOS="1767" WIDTH="11"/>
						<String ID="P9_ST00082" HPOS="481" VPOS="1728" WIDTH="134" HEIGHT="36" CONTENT="d'Esprit," WC="0.86" CC="060050000"/>
						<SP ID="P9_SP00058" HPOS="615" VPOS="1767" WIDTH="10"/>
						<String ID="P9_ST00083" HPOS="625" VPOS="1726" WIDTH="113" HEIGHT="27" CONTENT="entitled" WC="0.75" CC="34406000"/>
						<SP ID="P9_SP00059" HPOS="738" VPOS="1767" WIDTH="8"/>
						<String ID="P9_ST00084" HPOS="746" VPOS="1729" WIDTH="14" HEIGHT="13" CONTENT='"' WC="1.00" CC="0"/>
						<SP ID="P9_SP00060" HPOS="760" VPOS="1767" WIDTH="8"/>
						<String ID="P9_ST00085" HPOS="768" VPOS="1722" WIDTH="291" HEIGHT="38" CONTENT="Buonaparte-phobia," WC="0.67" CC="875040002040507083"/>
					</TextLine>
					<TextLine ID="P9_TL00022" HPOS="16" VPOS="1769" WIDTH="1043" HEIGHT="47">
						<String ID="P9_ST00086" HPOS="16" VPOS="1790" WIDTH="31" HEIGHT="17" CONTENT="er" WC="0.58" CC="80"/>
						<SP ID="P9_SP00061" HPOS="47" VPOS="1807" WIDTH="13"/>
						<String ID="P9_ST00087" HPOS="60" VPOS="1779" WIDTH="117" HEIGHT="37" CONTENT="Cursing" WC="0.58" CC="6305057"/>
						<SP ID="P9_SP00062" HPOS="177" VPOS="1816" WIDTH="15"/>
						<String ID="P9_ST00088" HPOS="192" VPOS="1778" WIDTH="78" HEIGHT="27" CONTENT="made" WC="1.00" CC="0000"/>
						<SP ID="P9_SP00063" HPOS="270" VPOS="1816" WIDTH="14"/>
						<String ID="P9_ST00089" HPOS="284" VPOS="1788" WIDTH="64" HEIGHT="26" CONTENT="easy" WC="0.74" CC="0082"/>
						<SP ID="P9_SP00064" HPOS="348" VPOS="1816" WIDTH="13"/>
						<String ID="P9_ST00090" HPOS="361" VPOS="1782" WIDTH="27" HEIGHT="22" CONTENT="to" WC="0.63" CC="25"/>
						<SP ID="P9_SP00065" HPOS="388" VPOS="1816" WIDTH="14"/>
						<String ID="P9_ST00091" HPOS="402" VPOS="1777" WIDTH="44" HEIGHT="27" CONTENT="the" WC="0.73" CC="520"/>
						<SP ID="P9_SP00066" HPOS="446" VPOS="1816" WIDTH="12"/>
						<String ID="P9_ST00092" HPOS="458" VPOS="1779" WIDTH="116" HEIGHT="23" CONTENT="meanest" WC="0.89" CC="0202001"/>
						<SP ID="P9_SP00067" HPOS="574" VPOS="1816" WIDTH="19"/>
						<String ID="P9_ST00093" HPOS="593" VPOS="1772" WIDTH="186" HEIGHT="37" CONTENT="capacity;'—" WC="0.52" CC="40446025868"/>
						<String ID="P9_ST00094" HPOS="781" VPOS="1772" WIDTH="20" HEIGHT="27" CONTENT="it" WC="0.95" CC="01"/>
						<SP ID="P9_SP00068" HPOS="801" VPOS="1816" WIDTH="13"/>
						<String ID="P9_ST00095" HPOS="814" VPOS="1772" WIDTH="24" HEIGHT="26" CONTENT="is" WC="0.46" CC="46"/>
						<SP ID="P9_SP00069" HPOS="838" VPOS="1816" WIDTH="12"/>
						<String ID="P9_ST00096" HPOS="850" VPOS="1769" WIDTH="143" HEIGHT="37" CONTENT="reprinted," WC="0.66" CC="5551600440"/>
						<SP ID="P9_SP00070" HPOS="993" VPOS="1816" WIDTH="12"/>
						<String ID="P9_ST00097" HPOS="1005" VPOS="1769" WIDTH="54" HEIGHT="26" CONTENT="and" WC="0.89" CC="300"/>
					</TextLine>
					<TextLine ID="P9_TL00023" HPOS="16" VPOS="1818" WIDTH="748" HEIGHT="44">
						<String ID="P9_ST00098" HPOS="16" VPOS="1836" WIDTH="61" HEIGHT="26" CONTENT="may" WC="0.80" CC="203"/>
						<SP ID="P9_SP00071" HPOS="77" VPOS="1862" WIDTH="14"/>
						<String ID="P9_ST00099" HPOS="91" VPOS="1827" WIDTH="30" HEIGHT="26" CONTENT="be" WC="0.85" CC="20"/>
						<SP ID="P9_SP00072" HPOS="121" VPOS="1862" WIDTH="14"/>
						<String ID="P9_ST00100" HPOS="135" VPOS="1826" WIDTH="58" HEIGHT="28" CONTENT="had" WC="0.57" CC="705"/>
						<SP ID="P9_SP00073" HPOS="193" VPOS="1862" WIDTH="12"/>
						<String ID="P9_ST00101" HPOS="205" VPOS="1826" WIDTH="37" HEIGHT="35" CONTENT="of" WC="0.42" CC="46"/>
						<SP ID="P9_SP00074" HPOS="242" VPOS="1862" WIDTH="6"/>
						<String ID="P9_ST00102" HPOS="248" VPOS="1825" WIDTH="44" HEIGHT="28" CONTENT="the" WC="0.89" CC="030"/>
						<SP ID="P9_SP00075" HPOS="292" VPOS="1862" WIDTH="14"/>
						<String ID="P9_ST00103" HPOS="306" VPOS="1823" WIDTH="155" HEIGHT="32" CONTENT="Publisher," WC="0.69" CC="5700075031"/>
						<SP ID="P9_SP00076" HPOS="461" VPOS="1862" WIDTH="10"/>
						<String ID="P9_ST00104" HPOS="471" VPOS="1822" WIDTH="82" HEIGHT="27" CONTENT="Price" WC="0.72" CC="03261"/>
						<SP ID="P9_SP00077" HPOS="553" VPOS="1862" WIDTH="15"/>
						<String ID="P9_ST00105" HPOS="568" VPOS="1819" WIDTH="55" HEIGHT="28" CONTENT="One" WC="0.65" CC="073"/>
						<SP ID="P9_SP00078" HPOS="623" VPOS="1862" WIDTH="14"/>
						<String ID="P9_ST00106" HPOS="637" VPOS="1818" WIDTH="127" HEIGHT="37" CONTENT="Shilling." WC="0.55" CC="573007680"/>
					</TextLine>
				</TextBlock>
			</PrintSpace>
		</Page>
	</Layout>
</alto>
