<?xml version="1.0" encoding="UTF-8"?>
<alto xmlns:xsi="http://www.w3.org/2001/XMLSchema-instance" xsi:noNamespaceSchemaLocation="http://www.bl.uk/schemas/alto/alto-1-4.xsd" xmlns:xlink="http://www.w3.org/1999/xlink">
	<Description>
		<MeasurementUnit>mm10</MeasurementUnit>
		<sourceImageInformation>
			<fileName>//head1/IN/2007-34/A0010556622/004762.jp2</fileName>
		</sourceImageInformation>
		<OCRProcessing ID="OCRPROCESSING_1">
			<preProcessingStep>
				<processingSoftware>
					<softwareCreator>CCS Content Conversion Specialists GmbH, Germany</softwareCreator>
					<softwareName>CCS docWORKS</softwareName>
					<softwareVersion>6.1-0.54</softwareVersion>
				</processingSoftware>
			</preProcessingStep>
			<ocrProcessingStep>
				<processingSoftware>
					<softwareCreator>ABBYY (BIT Software), Russia</softwareCreator>
					<softwareName>Finereader</softwareName>
				</processingSoftware>
			</ocrProcessingStep>
		</OCRProcessing>
	</Description>
	<Styles/>
	<Layout>
		<Page ID="P2" PHYSICAL_IMG_NR="2" HEIGHT="1999" WIDTH="1190" POSITION="Left">
			<TopMargin ID="P2_TM00001" HPOS="0" VPOS="0" WIDTH="1190" HEIGHT="0"/>
			<LeftMargin ID="P2_LM00001" HPOS="0" VPOS="0" WIDTH="0" HEIGHT="1999"/>
			<RightMargin ID="P2_RM00001" HPOS="1190" VPOS="0" WIDTH="0" HEIGHT="1999"/>
			<BottomMargin ID="P2_BM00001" HPOS="0" VPOS="1999" WIDTH="1190" HEIGHT="0"/>
			<PrintSpace ID="P2_PS00001" HPOS="0" VPOS="0" WIDTH="1190" HEIGHT="1999"/>
		</Page>
	</Layout>
</alto>
