<?xml version="1.0" encoding="UTF-8"?>
<alto xmlns:xsi="http://www.w3.org/2001/XMLSchema-instance" xsi:noNamespaceSchemaLocation="http://www.bl.uk/schemas/alto/alto-1-4.xsd" xmlns:xlink="http://www.w3.org/1999/xlink">
	<Description>
		<MeasurementUnit>mm10</MeasurementUnit>
		<sourceImageInformation>
			<fileName>//head1/IN/2007-34/A0010556622/004778.jp2</fileName>
		</sourceImageInformation>
		<OCRProcessing ID="OCRPROCESSING_1">
			<preProcessingStep>
				<processingSoftware>
					<softwareCreator>CCS Content Conversion Specialists GmbH, Germany</softwareCreator>
					<softwareName>CCS docWORKS</softwareName>
					<softwareVersion>6.1-0.54</softwareVersion>
				</processingSoftware>
			</preProcessingStep>
			<ocrProcessingStep>
				<processingSoftware>
					<softwareCreator>ABBYY (BIT Software), Russia</softwareCreator>
					<softwareName>Finereader</softwareName>
				</processingSoftware>
			</ocrProcessingStep>
		</OCRProcessing>
	</Description>
	<Styles>
		<TextStyle ID="TXT_0" FONTSIZE="9" FONTFAMILY="Courier New"/>
		<TextStyle ID="TXT_1" FONTSIZE="11" FONTFAMILY="Courier New"/>
		<TextStyle ID="TXT_2" FONTSIZE="10" FONTFAMILY="Courier New"/>
		<ParagraphStyle ID="PAR_LEFT" ALIGN="Left"/>
		<ParagraphStyle ID="PAR_CENTER" ALIGN="Center"/>
		<ParagraphStyle ID="PAR_RIGHT" ALIGN="Right"/>
	</Styles>
	<Layout>
		<Page ID="P18" PHYSICAL_IMG_NR="18" HEIGHT="1999" WIDTH="1190" QUALITY="Damaged" POSITION="Left" ACCURACY="54.74">
			<TopMargin ID="P18_TM00001" HPOS="0" VPOS="0" WIDTH="1190" HEIGHT="198"/>
			<LeftMargin ID="P18_LM00001" HPOS="0" VPOS="198" WIDTH="160" HEIGHT="1734"/>
			<RightMargin ID="P18_RM00001" HPOS="1145" VPOS="198" WIDTH="45" HEIGHT="1734"/>
			<BottomMargin ID="P18_BM00001" HPOS="0" VPOS="1932" WIDTH="1190" HEIGHT="67"/>
			<PrintSpace ID="P18_PS00001" HPOS="160" VPOS="198" WIDTH="985" HEIGHT="1734">
				<TextBlock ID="P18_TB00001" HPOS="353" VPOS="899" WIDTH="552" HEIGHT="299" STYLEREFS="TXT_0 PAR_LEFT">
					<TextLine ID="P18_TL00001" HPOS="370" VPOS="902" WIDTH="487" HEIGHT="28">
						<String ID="P18_ST00001" HPOS="370" VPOS="903" WIDTH="17" HEIGHT="11" CONTENT='"' WC="0.49" CC="5"/>
						<SP ID="P18_SP00001" HPOS="387" VPOS="914" WIDTH="11"/>
						<String ID="P18_ST00002" HPOS="398" VPOS="902" WIDTH="136" HEIGHT="25" CONTENT="Portentous," WC="0.49" CC="88144423177"/>
						<SP ID="P18_SP00002" HPOS="534" VPOS="927" WIDTH="10"/>
						<String ID="P18_ST00003" HPOS="544" VPOS="904" WIDTH="151" HEIGHT="26" CONTENT="unexampled," WC="0.67" CC="03066433070"/>
						<SP ID="P18_SP00003" HPOS="695" VPOS="930" WIDTH="13"/>
						<String ID="P18_ST00004" HPOS="708" VPOS="904" WIDTH="135" HEIGHT="26" CONTENT="unexplain'd" WC="0.57" CC="34475246105"/>
						<SP ID="P18_SP00004" HPOS="843" VPOS="930" WIDTH="9"/>
						<String ID="P18_ST00005" HPOS="852" VPOS="905" WIDTH="5" HEIGHT="18" CONTENT="!" WC="0.57" CC="4"/>
					</TextLine>
					<TextLine ID="P18_TL00002" HPOS="599" VPOS="941" WIDTH="274" HEIGHT="26">
						<String ID="P18_ST00006" HPOS="599" VPOS="941" WIDTH="67" HEIGHT="20" CONTENT="What" WC="0.57" CC="4443"/>
						<SP ID="P18_SP00005" HPOS="666" VPOS="961" WIDTH="12"/>
						<String ID="P18_ST00007" HPOS="678" VPOS="948" WIDTH="49" HEIGHT="13" CONTENT="man" WC="0.25" CC="867"/>
						<SP ID="P18_SP00006" HPOS="727" VPOS="961" WIDTH="9"/>
						<String ID="P18_ST00008" HPOS="736" VPOS="942" WIDTH="74" HEIGHT="25" CONTENT="seeing" WC="0.59" CC="730236"/>
						<SP ID="P18_SP00007" HPOS="810" VPOS="967" WIDTH="10"/>
						<String ID="P18_ST00009" HPOS="820" VPOS="942" WIDTH="53" HEIGHT="24" CONTENT="this," WC="0.32" CC="88286"/>
					</TextLine>
					<TextLine ID="P18_TL00003" HPOS="366" VPOS="978" WIDTH="514" HEIGHT="27">
						<String ID="P18_ST00010" HPOS="366" VPOS="978" WIDTH="48" HEIGHT="21" CONTENT="And" WC="0.47" CC="356"/>
						<SP ID="P18_SP00008" HPOS="414" VPOS="999" WIDTH="7"/>
						<String ID="P18_ST00011" HPOS="421" VPOS="979" WIDTH="78" HEIGHT="26" CONTENT="having" WC="0.49" CC="762508"/>
						<SP ID="P18_SP00009" HPOS="499" VPOS="1005" WIDTH="9"/>
						<String ID="P18_ST00012" HPOS="508" VPOS="979" WIDTH="79" HEIGHT="20" CONTENT="human" WC="0.62" CC="16243"/>
						<SP ID="P18_SP00010" HPOS="587" VPOS="1005" WIDTH="9"/>
						<String ID="P18_ST00013" HPOS="596" VPOS="980" WIDTH="98" HEIGHT="25" CONTENT="feelings," WC="0.74" CC="070002840"/>
						<SP ID="P18_SP00011" HPOS="694" VPOS="1005" WIDTH="9"/>
						<String ID="P18_ST00014" HPOS="703" VPOS="980" WIDTH="49" HEIGHT="19" CONTENT="does" WC="0.27" CC="6877"/>
						<SP ID="P18_SP00012" HPOS="752" VPOS="1005" WIDTH="12"/>
						<String ID="P18_ST00015" HPOS="764" VPOS="983" WIDTH="38" HEIGHT="17" CONTENT="not" WC="0.60" CC="523"/>
						<SP ID="P18_SP00013" HPOS="802" VPOS="1005" WIDTH="8"/>
						<String ID="P18_ST00016" HPOS="810" VPOS="980" WIDTH="70" HEIGHT="25" CONTENT="blush," WC="0.57" CC="240585"/>
					</TextLine>
					<TextLine ID="P18_TL00004" HPOS="361" VPOS="1016" WIDTH="529" HEIGHT="27">
						<String ID="P18_ST00017" HPOS="361" VPOS="1016" WIDTH="48" HEIGHT="21" CONTENT="And" WC="0.53" CC="624"/>
						<SP ID="P18_SP00014" HPOS="409" VPOS="1037" WIDTH="8"/>
						<String ID="P18_ST00018" HPOS="417" VPOS="1017" WIDTH="58" HEIGHT="26" CONTENT="hang" WC="0.32" CC="6748"/>
						<SP ID="P18_SP00015" HPOS="475" VPOS="1043" WIDTH="7"/>
						<String ID="P18_ST00019" HPOS="482" VPOS="1017" WIDTH="32" HEIGHT="20" CONTENT="his" WC="0.37" CC="737"/>
						<SP ID="P18_SP00016" HPOS="514" VPOS="1043" WIDTH="10"/>
						<String ID="P18_ST00020" HPOS="524" VPOS="1018" WIDTH="62" HEIGHT="25" CONTENT="head," WC="0.68" CC="02714"/>
						<SP ID="P18_SP00017" HPOS="586" VPOS="1043" WIDTH="9"/>
						<String ID="P18_ST00021" HPOS="595" VPOS="1021" WIDTH="22" HEIGHT="17" CONTENT="to" WC="0.82" CC="20"/>
						<SP ID="P18_SP00018" HPOS="617" VPOS="1043" WIDTH="12"/>
						<String ID="P18_ST00022" HPOS="629" VPOS="1018" WIDTH="63" HEIGHT="20" CONTENT="think" WC="0.55" CC="88005"/>
						<SP ID="P18_SP00019" HPOS="692" VPOS="1043" WIDTH="10"/>
						<String ID="P18_ST00023" HPOS="702" VPOS="1018" WIDTH="87" HEIGHT="20" CONTENT="himself" WC="0.73" CC="7003006"/>
						<SP ID="P18_SP00020" HPOS="789" VPOS="1043" WIDTH="13"/>
						<String ID="P18_ST00024" HPOS="802" VPOS="1025" WIDTH="11" HEIGHT="13" CONTENT="a" WC="0.15" CC="8"/>
						<SP ID="P18_SP00021" HPOS="813" VPOS="1043" WIDTH="9"/>
						<String ID="P18_ST00025" HPOS="822" VPOS="1024" WIDTH="49" HEIGHT="14" CONTENT="man" WC="0.35" CC="774"/>
						<SP ID="P18_SP00022" HPOS="871" VPOS="1043" WIDTH="10"/>
						<String ID="P18_ST00026" HPOS="881" VPOS="1018" WIDTH="9" HEIGHT="19" CONTENT="?" WC="1.00" CC="0"/>
					</TextLine>
					<TextLine ID="P18_TL00005" HPOS="360" VPOS="1055" WIDTH="388" HEIGHT="20">
						<String ID="P18_ST00027" HPOS="360" VPOS="1065" WIDTH="28" HEIGHT="5" CONTENT="—" WC="0.20" CC="8"/>
						<String ID="P18_ST00028" HPOS="388" VPOS="1065" WIDTH="38" HEIGHT="5" CONTENT="—" WC="0.20" CC="8"/>
						<String ID="P18_ST00029" HPOS="426" VPOS="1065" WIDTH="60" HEIGHT="6" CONTENT="—^—" WC="0.20" CC="888"/>
						<String ID="P18_ST00030" HPOS="486" VPOS="1066" WIDTH="40" HEIGHT="5" CONTENT="—" WC="0.20" CC="8"/>
						<SP ID="P18_SP00023" HPOS="526" VPOS="1071" WIDTH="66"/>
						<String ID="P18_ST00031" HPOS="592" VPOS="1055" WIDTH="11" HEIGHT="20" CONTENT="I" WC="0.50" CC="4"/>
						<SP ID="P18_SP00024" HPOS="603" VPOS="1075" WIDTH="11"/>
						<String ID="P18_ST00032" HPOS="614" VPOS="1060" WIDTH="78" HEIGHT="15" CONTENT="cannot" WC="0.66" CC="174240"/>
						<SP ID="P18_SP00025" HPOS="692" VPOS="1075" WIDTH="12"/>
						<String ID="P18_ST00033" HPOS="704" VPOS="1060" WIDTH="44" HEIGHT="15" CONTENT="rest" WC="0.56" CC="4750"/>
					</TextLine>
					<TextLine ID="P18_TL00006" HPOS="358" VPOS="1093" WIDTH="455" HEIGHT="27">
						<String ID="P18_ST00034" HPOS="358" VPOS="1093" WIDTH="18" HEIGHT="20" CONTENT="A" WC="0.74" CC="2"/>
						<SP ID="P18_SP00026" HPOS="376" VPOS="1113" WIDTH="9"/>
						<String ID="P18_ST00035" HPOS="385" VPOS="1093" WIDTH="64" HEIGHT="21" CONTENT="silent" WC="0.50" CC="762280"/>
						<SP ID="P18_SP00027" HPOS="449" VPOS="1114" WIDTH="11"/>
						<String ID="P18_ST00036" HPOS="460" VPOS="1094" WIDTH="85" HEIGHT="20" CONTENT="witness" WC="0.52" CC="6662650"/>
						<SP ID="P18_SP00028" HPOS="545" VPOS="1114" WIDTH="10"/>
						<String ID="P18_ST00037" HPOS="555" VPOS="1093" WIDTH="23" HEIGHT="20" CONTENT="of" WC="0.90" CC="20"/>
						<SP ID="P18_SP00029" HPOS="578" VPOS="1114" WIDTH="13"/>
						<String ID="P18_ST00038" HPOS="591" VPOS="1093" WIDTH="38" HEIGHT="21" CONTENT="the" WC="0.45" CC="357"/>
						<SP ID="P18_SP00030" HPOS="629" VPOS="1114" WIDTH="9"/>
						<String ID="P18_ST00039" HPOS="638" VPOS="1093" WIDTH="106" HEIGHT="27" CONTENT="headlong" WC="0.36" CC="75867267"/>
						<SP ID="P18_SP00031" HPOS="744" VPOS="1120" WIDTH="10"/>
						<String ID="P18_ST00040" HPOS="754" VPOS="1100" WIDTH="59" HEIGHT="20" CONTENT="rage," WC="0.43" CC="45845"/>
					</TextLine>
					<TextLine ID="P18_TL00007" HPOS="362" VPOS="1131" WIDTH="484" HEIGHT="27">
						<String ID="P18_ST00041" HPOS="362" VPOS="1131" WIDTH="31" HEIGHT="19" CONTENT="Or" WC="0.45" CC="28"/>
						<SP ID="P18_SP00032" HPOS="393" VPOS="1150" WIDTH="7"/>
						<String ID="P18_ST00042" HPOS="400" VPOS="1131" WIDTH="95" HEIGHT="20" CONTENT="heedless" WC="0.42" CC="44880837"/>
						<SP ID="P18_SP00033" HPOS="495" VPOS="1151" WIDTH="10"/>
						<String ID="P18_ST00043" HPOS="505" VPOS="1132" WIDTH="58" HEIGHT="26" CONTENT="folly," WC="0.60" CC="580062"/>
						<SP ID="P18_SP00034" HPOS="563" VPOS="1158" WIDTH="13"/>
						<String ID="P18_ST00044" HPOS="576" VPOS="1132" WIDTH="25" HEIGHT="25" CONTENT="by" WC="0.39" CC="65"/>
						<SP ID="P18_SP00035" HPOS="601" VPOS="1158" WIDTH="11"/>
						<String ID="P18_ST00045" HPOS="612" VPOS="1132" WIDTH="68" HEIGHT="19" CONTENT="which" WC="0.69" CC="60701"/>
						<SP ID="P18_SP00036" HPOS="680" VPOS="1158" WIDTH="10"/>
						<String ID="P18_ST00046" HPOS="690" VPOS="1132" WIDTH="116" HEIGHT="20" CONTENT="thousands" WC="0.46" CC="470366278"/>
						<SP ID="P18_SP00037" HPOS="806" VPOS="1158" WIDTH="7"/>
						<String ID="P18_ST00047" HPOS="813" VPOS="1132" WIDTH="33" HEIGHT="19" CONTENT="die" WC="0.61" CC="406"/>
						<SP ID="P18_SP00038" HPOS="846" VPOS="1158" WIDTH="0"/>
					</TextLine>
					<TextLine ID="P18_TL00008" HPOS="361" VPOS="1166" WIDTH="474" HEIGHT="28">
						<String ID="P18_ST00048" HPOS="361" VPOS="1166" WIDTH="64" HEIGHT="22" CONTENT="Bleed" WC="0.36" CC="84855"/>
						<SP ID="P18_SP00039" HPOS="425" VPOS="1188" WIDTH="11"/>
						<String ID="P18_ST00049" HPOS="436" VPOS="1168" WIDTH="48" HEIGHT="25" CONTENT="gold" WC="0.70" CC="8002"/>
						<SP ID="P18_SP00040" HPOS="484" VPOS="1193" WIDTH="8"/>
						<String ID="P18_ST00050" HPOS="492" VPOS="1169" WIDTH="33" HEIGHT="19" CONTENT="for" WC="0.63" CC="703"/>
						<SP ID="P18_SP00041" HPOS="525" VPOS="1193" WIDTH="9"/>
						<String ID="P18_ST00051" HPOS="534" VPOS="1169" WIDTH="110" HEIGHT="19" CONTENT="Ministers" WC="0.57" CC="600274377"/>
						<SP ID="P18_SP00042" HPOS="644" VPOS="1193" WIDTH="11"/>
						<String ID="P18_ST00052" HPOS="655" VPOS="1171" WIDTH="23" HEIGHT="16" CONTENT="to" WC="0.55" CC="26"/>
						<SP ID="P18_SP00043" HPOS="678" VPOS="1193" WIDTH="10"/>
						<String ID="P18_ST00053" HPOS="688" VPOS="1173" WIDTH="59" HEIGHT="21" CONTENT="sport" WC="0.43" CC="58373"/>
						<SP ID="P18_SP00044" HPOS="747" VPOS="1194" WIDTH="7"/>
						<String ID="P18_ST00054" HPOS="754" VPOS="1170" WIDTH="81" HEIGHT="24" CONTENT='away."' WC="0.56" CC="760606"/>
					</TextLine>
				</TextBlock>
				<TextBlock ID="P18_TB00002" HPOS="587" VPOS="1252" WIDTH="145" HEIGHT="15" STYLEREFS="TXT_0 PAR_CENTER">
					<TextLine ID="P18_TL00009" HPOS="587" VPOS="1252" WIDTH="145" HEIGHT="15">
						<String ID="P18_ST00055" HPOS="587" VPOS="1252" WIDTH="83" HEIGHT="15" CONTENT="THESE" WC="0.27" CC="77587"/>
						<SP ID="P18_SP00045" HPOS="670" VPOS="1267" WIDTH="13"/>
						<String ID="P18_ST00056" HPOS="683" VPOS="1253" WIDTH="49" HEIGHT="14" CONTENT="ARE" WC="0.28" CC="676"/>
					</TextLine>
				</TextBlock>
				<TextBlock ID="P18_TB00003" HPOS="437" VPOS="1286" WIDTH="440" HEIGHT="43" STYLEREFS="TXT_1 PAR_CENTER">
					<TextLine ID="P18_TL00010" HPOS="437" VPOS="1287" WIDTH="440" HEIGHT="42">
						<String ID="P18_ST00057" HPOS="437" VPOS="1287" WIDTH="143" HEIGHT="42" CONTENT="THE" WC="0.54" CC="561"/>
						<SP ID="P18_SP00046" HPOS="580" VPOS="1329" WIDTH="34"/>
						<String ID="P18_ST00058" HPOS="614" VPOS="1288" WIDTH="263" HEIGHT="41" CONTENT="PEOPLE" WC="0.53" CC="636063"/>
					</TextLine>
				</TextBlock>
				<TextBlock ID="P18_TB00004" HPOS="555" VPOS="1354" WIDTH="356" HEIGHT="33" STYLEREFS="TXT_2 PAR_RIGHT">
					<TextLine ID="P18_TL00011" HPOS="555" VPOS="1355" WIDTH="356" HEIGHT="32">
						<String ID="P18_ST00059" HPOS="555" VPOS="1356" WIDTH="40" HEIGHT="28" CONTENT="all" WC="0.75" CC="150"/>
						<SP ID="P18_SP00047" HPOS="595" VPOS="1384" WIDTH="17"/>
						<String ID="P18_ST00060" HPOS="612" VPOS="1359" WIDTH="100" HEIGHT="25" CONTENT="tatter" WC="0.58" CC="447008"/>
						<SP ID="P18_SP00048" HPOS="712" VPOS="1384" WIDTH="5"/>
						<String ID="P18_ST00061" HPOS="717" VPOS="1356" WIDTH="19" HEIGHT="28" CONTENT="d" WC="0.56" CC="4"/>
						<SP ID="P18_SP00049" HPOS="736" VPOS="1384" WIDTH="17"/>
						<String ID="P18_ST00062" HPOS="753" VPOS="1355" WIDTH="62" HEIGHT="29" CONTENT="and" WC="0.31" CC="676"/>
						<SP ID="P18_SP00050" HPOS="815" VPOS="1384" WIDTH="15"/>
						<String ID="P18_ST00063" HPOS="830" VPOS="1359" WIDTH="81" HEIGHT="28" CONTENT="torn," WC="0.56" CC="74260"/>
					</TextLine>
				</TextBlock>
				<TextBlock ID="P18_TB00005" HPOS="306" VPOS="1416" WIDTH="326" HEIGHT="39" STYLEREFS="TXT_2 PAR_LEFT">
					<TextLine ID="P18_TL00012" HPOS="306" VPOS="1417" WIDTH="326" HEIGHT="38">
						<String ID="P18_ST00064" HPOS="306" VPOS="1417" WIDTH="81" HEIGHT="30" CONTENT="Who" WC="0.64" CC="504"/>
						<SP ID="P18_SP00051" HPOS="387" VPOS="1447" WIDTH="14"/>
						<String ID="P18_ST00065" HPOS="401" VPOS="1428" WIDTH="87" HEIGHT="19" CONTENT="curse" WC="0.67" CC="40560"/>
						<SP ID="P18_SP00052" HPOS="488" VPOS="1447" WIDTH="17"/>
						<String ID="P18_ST00066" HPOS="505" VPOS="1417" WIDTH="52" HEIGHT="30" CONTENT="the" WC="0.68" CC="440"/>
						<SP ID="P18_SP00053" HPOS="557" VPOS="1447" WIDTH="15"/>
						<String ID="P18_ST00067" HPOS="572" VPOS="1417" WIDTH="60" HEIGHT="38" CONTENT="day" WC="0.55" CC="507"/>
					</TextLine>
				</TextBlock>
				<TextBlock ID="P18_TB00006" HPOS="304" VPOS="1478" WIDTH="679" HEIGHT="90" STYLEREFS="TXT_2 PAR_LEFT">
					<TextLine ID="P18_TL00013" HPOS="552" VPOS="1478" WIDTH="431" HEIGHT="39">
						<String ID="P18_ST00068" HPOS="552" VPOS="1478" WIDTH="138" HEIGHT="30" CONTENT="wherein" WC="0.78" CC="7100006"/>
						<SP ID="P18_SP00054" HPOS="690" VPOS="1508" WIDTH="17"/>
						<String ID="P18_ST00069" HPOS="707" VPOS="1479" WIDTH="74" HEIGHT="38" CONTENT="they" WC="0.72" CC="4203"/>
						<SP ID="P18_SP00055" HPOS="781" VPOS="1517" WIDTH="16"/>
						<String ID="P18_ST00070" HPOS="797" VPOS="1489" WIDTH="81" HEIGHT="19" CONTENT="were" WC="0.75" CC="3330"/>
						<SP ID="P18_SP00056" HPOS="878" VPOS="1517" WIDTH="17"/>
						<String ID="P18_ST00071" HPOS="895" VPOS="1478" WIDTH="88" HEIGHT="36" CONTENT="born," WC="0.77" CC="61030"/>
					</TextLine>
					<TextLine ID="P18_TL00014" HPOS="304" VPOS="1540" WIDTH="415" HEIGHT="28">
						<String ID="P18_ST00072" HPOS="304" VPOS="1540" WIDTH="50" HEIGHT="28" CONTENT="On" WC="0.34" CC="66"/>
						<SP ID="P18_SP00057" HPOS="354" VPOS="1568" WIDTH="16"/>
						<String ID="P18_ST00073" HPOS="370" VPOS="1544" WIDTH="133" HEIGHT="24" CONTENT="account" WC="0.71" CC="0004167"/>
						<SP ID="P18_SP00058" HPOS="503" VPOS="1568" WIDTH="11"/>
						<String ID="P18_ST00074" HPOS="514" VPOS="1541" WIDTH="35" HEIGHT="27" CONTENT="of" WC="1.00" CC="00"/>
						<SP ID="P18_SP00059" HPOS="549" VPOS="1568" WIDTH="18"/>
						<String ID="P18_ST00075" HPOS="567" VPOS="1540" WIDTH="152" HEIGHT="28" CONTENT="Taxation" WC="0.73" CC="00102528"/>
					</TextLine>
				</TextBlock>
				<TextBlock ID="P18_TB00007" HPOS="555" VPOS="1601" WIDTH="376" HEIGHT="38" STYLEREFS="TXT_2 PAR_RIGHT">
					<TextLine ID="P18_TL00015" HPOS="555" VPOS="1601" WIDTH="376" HEIGHT="38">
						<String ID="P18_ST00076" HPOS="555" VPOS="1605" WIDTH="52" HEIGHT="25" CONTENT="too" WC="0.90" CC="002"/>
						<SP ID="P18_SP00060" HPOS="607" VPOS="1630" WIDTH="13"/>
						<String ID="P18_ST00077" HPOS="620" VPOS="1606" WIDTH="91" HEIGHT="33" CONTENT="great" WC="0.66" CC="88000"/>
						<SP ID="P18_SP00061" HPOS="711" VPOS="1639" WIDTH="11"/>
						<String ID="P18_ST00078" HPOS="722" VPOS="1606" WIDTH="30" HEIGHT="25" CONTENT="to" WC="0.96" CC="00"/>
						<SP ID="P18_SP00062" HPOS="752" VPOS="1639" WIDTH="17"/>
						<String ID="P18_ST00079" HPOS="769" VPOS="1601" WIDTH="38" HEIGHT="29" CONTENT="be" WC="0.98" CC="00"/>
						<SP ID="P18_SP00063" HPOS="807" VPOS="1639" WIDTH="16"/>
						<String ID="P18_ST00080" HPOS="823" VPOS="1601" WIDTH="108" HEIGHT="37" CONTENT="borne," WC="0.52" CC="837800"/>
					</TextLine>
				</TextBlock>
				<TextBlock ID="P18_TB00008" HPOS="303" VPOS="1662" WIDTH="339" HEIGHT="38" STYLEREFS="TXT_2 PAR_LEFT">
					<TextLine ID="P18_TL00016" HPOS="303" VPOS="1662" WIDTH="339" HEIGHT="38">
						<String ID="P18_ST00081" HPOS="303" VPOS="1662" WIDTH="73" HEIGHT="30" CONTENT="And" WC="0.56" CC="480"/>
						<SP ID="P18_SP00064" HPOS="376" VPOS="1692" WIDTH="16"/>
						<String ID="P18_ST00082" HPOS="392" VPOS="1673" WIDTH="74" HEIGHT="27" CONTENT="pray" WC="0.60" CC="7502"/>
						<SP ID="P18_SP00065" HPOS="466" VPOS="1700" WIDTH="15"/>
						<String ID="P18_ST00083" HPOS="481" VPOS="1662" WIDTH="49" HEIGHT="30" CONTENT="for" WC="0.63" CC="225"/>
						<SP ID="P18_SP00066" HPOS="530" VPOS="1700" WIDTH="15"/>
						<String ID="P18_ST00084" HPOS="545" VPOS="1663" WIDTH="97" HEIGHT="36" CONTENT="relief," WC="0.60" CC="7152055"/>
					</TextLine>
				</TextBlock>
				<TextBlock ID="P18_TB00009" HPOS="551" VPOS="1723" WIDTH="359" HEIGHT="39" STYLEREFS="TXT_2 PAR_RIGHT">
					<TextLine ID="P18_TL00017" HPOS="551" VPOS="1724" WIDTH="359" HEIGHT="38">
						<String ID="P18_ST00085" HPOS="551" VPOS="1724" WIDTH="79" HEIGHT="30" CONTENT="from" WC="0.66" CC="3801"/>
						<SP ID="P18_SP00067" HPOS="630" VPOS="1754" WIDTH="16"/>
						<String ID="P18_ST00086" HPOS="646" VPOS="1725" WIDTH="92" HEIGHT="37" CONTENT="night" WC="0.55" CC="85800"/>
						<SP ID="P18_SP00068" HPOS="738" VPOS="1762" WIDTH="15"/>
						<String ID="P18_ST00087" HPOS="753" VPOS="1729" WIDTH="31" HEIGHT="25" CONTENT="to" WC="1.00" CC="00"/>
						<SP ID="P18_SP00069" HPOS="784" VPOS="1762" WIDTH="16"/>
						<String ID="P18_ST00088" HPOS="800" VPOS="1734" WIDTH="90" HEIGHT="21" CONTENT="morn" WC="0.57" CC="6208"/>
						<SP ID="P18_SP00070" HPOS="890" VPOS="1762" WIDTH="16"/>
						<String ID="P18_ST00089" HPOS="906" VPOS="1740" WIDTH="4" HEIGHT="5" CONTENT="•" WC="0.20" CC="8"/>
					</TextLine>
				</TextBlock>
				<TextBlock ID="P18_TB00010" HPOS="303" VPOS="1783" WIDTH="387" HEIGHT="35" STYLEREFS="TXT_2 PAR_LEFT">
					<TextLine ID="P18_TL00018" HPOS="304" VPOS="1783" WIDTH="386" HEIGHT="35">
						<String ID="P18_ST00090" HPOS="304" VPOS="1783" WIDTH="90" HEIGHT="35" CONTENT="Who," WC="0.59" CC="8430"/>
						<SP ID="P18_SP00071" HPOS="394" VPOS="1818" WIDTH="18"/>
						<String ID="P18_ST00091" HPOS="412" VPOS="1784" WIDTH="31" HEIGHT="29" CONTENT="in" WC="0.26" CC="68"/>
						<SP ID="P18_SP00072" HPOS="443" VPOS="1818" WIDTH="15"/>
						<String ID="P18_ST00092" HPOS="458" VPOS="1784" WIDTH="80" HEIGHT="34" CONTENT="vain," WC="0.66" CC="50550"/>
						<SP ID="P18_SP00073" HPOS="538" VPOS="1818" WIDTH="20"/>
						<String ID="P18_ST00093" HPOS="558" VPOS="1785" WIDTH="132" HEIGHT="30" CONTENT="Petition" WC="0.61" CC="06560038"/>
					</TextLine>
				</TextBlock>
				<TextBlock ID="P18_TB00011" HPOS="551" VPOS="1846" WIDTH="229" HEIGHT="29" STYLEREFS="TXT_2 PAR_CENTER">
					<TextLine ID="P18_TL00019" HPOS="551" VPOS="1847" WIDTH="229" HEIGHT="28">
						<String ID="P18_ST00094" HPOS="551" VPOS="1847" WIDTH="29" HEIGHT="28" CONTENT="in" WC="0.33" CC="48"/>
						<SP ID="P18_SP00074" HPOS="580" VPOS="1875" WIDTH="18"/>
						<String ID="P18_ST00095" HPOS="598" VPOS="1856" WIDTH="89" HEIGHT="19" CONTENT="even'" WC="0.30" CC="48686"/>
						<SP ID="P18_SP00075" HPOS="687" VPOS="1875" WIDTH="19"/>
						<String ID="P18_ST00096" HPOS="706" VPOS="1848" WIDTH="74" HEIGHT="27" CONTENT="form" WC="0.13" CC="8888"/>
					</TextLine>
				</TextBlock>
				<ComposedBlock ID="P18_CB00001" HPOS="160" VPOS="198" WIDTH="985" HEIGHT="672" STYLEREFS="TXT_0 PAR_LEFT" TYPE="Illustration">
					<GraphicalElement ID="P18_CB00001_SUB" HPOS="160" VPOS="198" WIDTH="985" HEIGHT="672"/>
				</ComposedBlock>
			</PrintSpace>
		</Page>
	</Layout>
</alto>
