<?xml version="1.0" encoding="UTF-8"?>
<alto xmlns:xsi="http://www.w3.org/2001/XMLSchema-instance" xsi:noNamespaceSchemaLocation="http://www.bl.uk/schemas/alto/alto-1-4.xsd" xmlns:xlink="http://www.w3.org/1999/xlink">
	<Description>
		<MeasurementUnit>mm10</MeasurementUnit>
		<sourceImageInformation>
			<fileName>//head1/IN/2007-34/A0010556622/004772.jp2</fileName>
		</sourceImageInformation>
		<OCRProcessing ID="OCRPROCESSING_1">
			<preProcessingStep>
				<processingSoftware>
					<softwareCreator>CCS Content Conversion Specialists GmbH, Germany</softwareCreator>
					<softwareName>CCS docWORKS</softwareName>
					<softwareVersion>6.1-0.54</softwareVersion>
				</processingSoftware>
			</preProcessingStep>
			<ocrProcessingStep>
				<processingSoftware>
					<softwareCreator>ABBYY (BIT Software), Russia</softwareCreator>
					<softwareName>Finereader</softwareName>
				</processingSoftware>
			</ocrProcessingStep>
		</OCRProcessing>
	</Description>
	<Styles>
		<TextStyle ID="TXT_0" FONTSIZE="9" FONTFAMILY="Courier New"/>
		<TextStyle ID="TXT_1" FONTSIZE="10" FONTFAMILY="Courier New"/>
		<ParagraphStyle ID="PAR_LEFT" ALIGN="Left"/>
		<ParagraphStyle ID="PAR_RIGHT" ALIGN="Right"/>
	</Styles>
	<Layout>
		<Page ID="P12" PHYSICAL_IMG_NR="12" HEIGHT="1999" WIDTH="1190" QUALITY="Damaged" POSITION="Left" ACCURACY="50.27">
			<TopMargin ID="P12_TM00001" HPOS="0" VPOS="0" WIDTH="1190" HEIGHT="0"/>
			<LeftMargin ID="P12_LM00001" HPOS="0" VPOS="0" WIDTH="0" HEIGHT="1999"/>
			<RightMargin ID="P12_RM00001" HPOS="1190" VPOS="0" WIDTH="0" HEIGHT="1999"/>
			<BottomMargin ID="P12_BM00001" HPOS="0" VPOS="1999" WIDTH="1190" HEIGHT="0"/>
			<PrintSpace ID="P12_PS00001" HPOS="0" VPOS="0" WIDTH="1190" HEIGHT="1999">
				<TextBlock ID="P12_TB00001" HPOS="375" VPOS="1125" WIDTH="582" HEIGHT="266" STYLEREFS="TXT_0 PAR_LEFT">
					<TextLine ID="P12_TL00001" HPOS="499" VPOS="1128" WIDTH="458" HEIGHT="41">
						<String ID="P12_ST00001" HPOS="499" VPOS="1138" WIDTH="16" HEIGHT="11" CONTENT='"' WC="0.70" CC="2"/>
						<SP ID="P12_SP00001" HPOS="515" VPOS="1149" WIDTH="12"/>
						<String ID="P12_ST00002" HPOS="527" VPOS="1137" WIDTH="16" HEIGHT="19" CONTENT="A" WC="0.71" CC="2"/>
						<SP ID="P12_SP00002" HPOS="543" VPOS="1156" WIDTH="12"/>
						<String ID="P12_ST00003" HPOS="555" VPOS="1143" WIDTH="48" HEIGHT="14" CONTENT="race" WC="0.33" CC="5875"/>
						<SP ID="P12_SP00003" HPOS="603" VPOS="1157" WIDTH="9"/>
						<String ID="P12_ST00004" HPOS="612" VPOS="1138" WIDTH="88" HEIGHT="19" CONTENT="obscene" WC="0.37" CC="8536487"/>
						<SP ID="P12_SP00004" HPOS="700" VPOS="1157" WIDTH="3"/>
						<String ID="P12_ST00005" HPOS="703" VPOS="1128" WIDTH="94" HEIGHT="34" CONTENT="f$/£b" WC="0.14" CC="88888"/>
						<SP ID="P12_SP00005" HPOS="797" VPOS="1162" WIDTH="16"/>
						<String ID="P12_ST00006" HPOS="813" VPOS="1128" WIDTH="58" HEIGHT="40" CONTENT="%jjl£f" WC="0.24" CC="876885"/>
						<SP ID="P12_SP00006" HPOS="871" VPOS="1168" WIDTH="25"/>
						<String ID="P12_ST00007" HPOS="896" VPOS="1144" WIDTH="18" HEIGHT="23" CONTENT="J," WC="0.18" CC="87"/>
						<SP ID="P12_SP00007" HPOS="914" VPOS="1168" WIDTH="7"/>
						<String ID="P12_ST00008" HPOS="921" VPOS="1146" WIDTH="36" HEIGHT="23" CONTENT="v\" WC="0.14" CC="88"/>
					</TextLine>
					<TextLine ID="P12_TL00002" HPOS="378" VPOS="1169" WIDTH="579" HEIGHT="36">
						<String ID="P12_ST00009" HPOS="378" VPOS="1176" WIDTH="98" HEIGHT="25" CONTENT="Spawn'd" WC="0.59" CC="0426831"/>
						<SP ID="P12_SP00008" HPOS="476" VPOS="1201" WIDTH="10"/>
						<String ID="P12_ST00010" HPOS="486" VPOS="1177" WIDTH="22" HEIGHT="17" CONTENT="in" WC="0.40" CC="56"/>
						<SP ID="P12_SP00009" HPOS="508" VPOS="1201" WIDTH="11"/>
						<String ID="P12_ST00011" HPOS="519" VPOS="1176" WIDTH="36" HEIGHT="18" CONTENT="the" WC="0.37" CC="764"/>
						<SP ID="P12_SP00010" HPOS="555" VPOS="1201" WIDTH="12"/>
						<String ID="P12_ST00012" HPOS="567" VPOS="1176" WIDTH="77" HEIGHT="25" CONTENT="muddy" WC="0.42" CC="70776"/>
						<SP ID="P12_SP00011" HPOS="644" VPOS="1201" WIDTH="12"/>
						<String ID="P12_ST00013" HPOS="656" VPOS="1169" WIDTH="55" HEIGHT="25" CONTENT="beds'" WC="0.22" CC="86887"/>
						<SP ID="P12_SP00012" HPOS="711" VPOS="1201" WIDTH="6"/>
						<String ID="P12_ST00014" HPOS="717" VPOS="1170" WIDTH="240" HEIGHT="35" CONTENT="oPWw^a^jS^ftii'tbii" WC="0.19" CC="8888888888778876885"/>
					</TextLine>
					<TextLine ID="P12_TL00003" HPOS="380" VPOS="1204" WIDTH="577" HEIGHT="40">
						<String ID="P12_ST00015" HPOS="380" VPOS="1213" WIDTH="108" HEIGHT="25" CONTENT="Polluting" WC="0.66" CC="501004557"/>
						<SP ID="P12_SP00013" HPOS="488" VPOS="1238" WIDTH="11"/>
						<String ID="P12_ST00016" HPOS="499" VPOS="1213" WIDTH="71" HEIGHT="25" CONTENT="Egypt" WC="0.50" CC="38722"/>
						<String ID="P12_ST00017" HPOS="580" VPOS="1220" WIDTH="5" HEIGHT="12" CONTENT=":" WC="0.78" CC="2"/>
						<SP ID="P12_SP00014" HPOS="585" VPOS="1238" WIDTH="16"/>
						<String ID="P12_ST00018" HPOS="601" VPOS="1212" WIDTH="100" HEIGHT="25" CONTENT="gardens," WC="0.40" CC="77542855"/>
						<SP ID="P12_SP00015" HPOS="701" VPOS="1238" WIDTH="11"/>
						<String ID="P12_ST00019" HPOS="712" VPOS="1204" WIDTH="220" HEIGHT="40" CONTENT="fii.l^i^m^^iLj" WC="0.25" CC="45778878888488"/>
						<SP ID="P12_SP00016" HPOS="932" VPOS="1244" WIDTH="11"/>
						<String ID="P12_ST00020" HPOS="943" VPOS="1204" WIDTH="14" HEIGHT="34" CONTENT="J" WC="0.44" CC="5"/>
					</TextLine>
					<TextLine ID="P12_TL00004" HPOS="380" VPOS="1250" WIDTH="337" HEIGHT="26">
						<String ID="P12_ST00021" HPOS="380" VPOS="1251" WIDTH="63" HEIGHT="19" CONTENT="Were" WC="0.63" CC="4055"/>
						<SP ID="P12_SP00017" HPOS="443" VPOS="1270" WIDTH="11"/>
						<String ID="P12_ST00022" HPOS="454" VPOS="1251" WIDTH="82" HEIGHT="19" CONTENT="cover'd" WC="0.62" CC="7003427"/>
						<SP ID="P12_SP00018" HPOS="536" VPOS="1270" WIDTH="11"/>
						<String ID="P12_ST00023" HPOS="547" VPOS="1251" WIDTH="49" HEIGHT="19" CONTENT="with" WC="0.42" CC="6473"/>
						<SP ID="P12_SP00019" HPOS="596" VPOS="1270" WIDTH="10"/>
						<String ID="P12_ST00024" HPOS="606" VPOS="1250" WIDTH="38" HEIGHT="20" CONTENT="the" WC="0.49" CC="076"/>
						<SP ID="P12_SP00020" HPOS="644" VPOS="1270" WIDTH="11"/>
						<String ID="P12_ST00025" HPOS="655" VPOS="1253" WIDTH="46" HEIGHT="23" CONTENT="pest" WC="0.46" CC="6860"/>
						<String ID="P12_ST00026" HPOS="710" VPOS="1257" WIDTH="7" HEIGHT="17" CONTENT=";" WC="0.24" CC="7"/>
						<SP ID="P12_SP00021" HPOS="717" VPOS="1276" WIDTH="0"/>
					</TextLine>
					<TextLine ID="P12_TL00005" HPOS="382" VPOS="1286" WIDTH="537" HEIGHT="28">
						<String ID="P12_ST00027" HPOS="382" VPOS="1288" WIDTH="46" HEIGHT="21" CONTENT="The" WC="0.30" CC="487"/>
						<SP ID="P12_SP00022" HPOS="428" VPOS="1309" WIDTH="9"/>
						<String ID="P12_ST00028" HPOS="437" VPOS="1289" WIDTH="103" HEIGHT="25" CONTENT="croaking" WC="0.46" CC="56870607"/>
						<SP ID="P12_SP00023" HPOS="540" VPOS="1314" WIDTH="8"/>
						<String ID="P12_ST00029" HPOS="548" VPOS="1289" WIDTH="99" HEIGHT="19" CONTENT="nuisance" WC="0.48" CC="24625656"/>
						<SP ID="P12_SP00024" HPOS="647" VPOS="1314" WIDTH="11"/>
						<String ID="P12_ST00030" HPOS="658" VPOS="1287" WIDTH="73" HEIGHT="20" CONTENT="lurk'd" WC="0.65" CC="205407"/>
						<SP ID="P12_SP00025" HPOS="731" VPOS="1314" WIDTH="10"/>
						<String ID="P12_ST00031" HPOS="741" VPOS="1287" WIDTH="22" HEIGHT="19" CONTENT="in" WC="0.33" CC="66"/>
						<SP ID="P12_SP00026" HPOS="763" VPOS="1314" WIDTH="11"/>
						<String ID="P12_ST00032" HPOS="774" VPOS="1292" WIDTH="62" HEIGHT="20" CONTENT="every" WC="0.46" CC="42766"/>
						<SP ID="P12_SP00027" HPOS="836" VPOS="1314" WIDTH="12"/>
						<String ID="P12_ST00033" HPOS="848" VPOS="1286" WIDTH="55" HEIGHT="20" CONTENT="nook" WC="0.53" CC="6307"/>
						<SP ID="P12_SP00028" HPOS="903" VPOS="1314" WIDTH="9"/>
						<String ID="P12_ST00034" HPOS="912" VPOS="1294" WIDTH="7" HEIGHT="17" CONTENT=";" WC="0.26" CC="7"/>
					</TextLine>
					<TextLine ID="P12_TL00006" HPOS="382" VPOS="1325" WIDTH="489" HEIGHT="26">
						<String ID="P12_ST00035" HPOS="382" VPOS="1325" WIDTH="45" HEIGHT="19" CONTENT="Nor" WC="0.68" CC="405"/>
						<SP ID="P12_SP00029" HPOS="427" VPOS="1344" WIDTH="9"/>
						<String ID="P12_ST00036" HPOS="436" VPOS="1326" WIDTH="90" HEIGHT="25" CONTENT="palaces," WC="0.51" CC="47450384"/>
						<SP ID="P12_SP00030" HPOS="526" VPOS="1351" WIDTH="13"/>
						<String ID="P12_ST00037" HPOS="539" VPOS="1331" WIDTH="37" HEIGHT="13" CONTENT="nor" WC="0.45" CC="546"/>
						<SP ID="P12_SP00031" HPOS="576" VPOS="1351" WIDTH="10"/>
						<String ID="P12_ST00038" HPOS="586" VPOS="1331" WIDTH="51" HEIGHT="13" CONTENT="even" WC="0.79" CC="3400"/>
						<SP ID="P12_SP00032" HPOS="637" VPOS="1351" WIDTH="11"/>
						<String ID="P12_ST00039" HPOS="648" VPOS="1325" WIDTH="119" HEIGHT="23" CONTENT="chambers," WC="0.51" CC="885042670"/>
						<SP ID="P12_SP00033" HPOS="767" VPOS="1351" WIDTH="12"/>
						<String ID="P12_ST00040" HPOS="779" VPOS="1325" WIDTH="77" HEIGHT="26" CONTENT="'scap'd" WC="0.61" CC="0563064"/>
						<SP ID="P12_SP00034" HPOS="856" VPOS="1351" WIDTH="9"/>
						<String ID="P12_ST00041" HPOS="865" VPOS="1333" WIDTH="6" HEIGHT="16" CONTENT=";" WC="0.49" CC="5"/>
					</TextLine>
					<TextLine ID="P12_TL00007" HPOS="384" VPOS="1362" WIDTH="551" HEIGHT="27">
						<String ID="P12_ST00042" HPOS="384" VPOS="1362" WIDTH="47" HEIGHT="19" CONTENT="And" WC="0.94" CC="010"/>
						<SP ID="P12_SP00035" HPOS="431" VPOS="1381" WIDTH="11"/>
						<String ID="P12_ST00043" HPOS="442" VPOS="1363" WIDTH="37" HEIGHT="18" CONTENT="the" WC="0.49" CC="167"/>
						<SP ID="P12_SP00036" HPOS="479" VPOS="1381" WIDTH="10"/>
						<String ID="P12_ST00044" HPOS="489" VPOS="1363" WIDTH="50" HEIGHT="19" CONTENT="land" WC="0.58" CC="0448"/>
						<SP ID="P12_SP00037" HPOS="539" VPOS="1382" WIDTH="9"/>
						<String ID="P12_ST00045" HPOS="548" VPOS="1363" WIDTH="63" HEIGHT="19" CONTENT="stank" WC="0.54" CC="70562"/>
						<String ID="P12_ST00046" HPOS="614" VPOS="1373" WIDTH="26" HEIGHT="4" CONTENT="—" WC="0.20" CC="8"/>
						<String ID="P12_ST00047" HPOS="642" VPOS="1369" WIDTH="22" HEIGHT="12" CONTENT="so" WC="0.81" CC="30"/>
						<SP ID="P12_SP00038" HPOS="664" VPOS="1382" WIDTH="12"/>
						<String ID="P12_ST00048" HPOS="676" VPOS="1363" WIDTH="110" HEIGHT="19" CONTENT="num'rous" WC="0.82" CC="02206001"/>
						<SP ID="P12_SP00039" HPOS="786" VPOS="1382" WIDTH="11"/>
						<String ID="P12_ST00049" HPOS="797" VPOS="1370" WIDTH="40" HEIGHT="12" CONTENT="was" WC="0.31" CC="667"/>
						<SP ID="P12_SP00040" HPOS="837" VPOS="1382" WIDTH="11"/>
						<String ID="P12_ST00050" HPOS="848" VPOS="1363" WIDTH="37" HEIGHT="19" CONTENT="the" WC="0.64" CC="054"/>
						<SP ID="P12_SP00041" HPOS="885" VPOS="1382" WIDTH="9"/>
						<String ID="P12_ST00051" HPOS="894" VPOS="1364" WIDTH="41" HEIGHT="25" CONTENT="fry." WC="0.57" CC="4380"/>
					</TextLine>
				</TextBlock>
				<TextBlock ID="P12_TB00002" HPOS="612" VPOS="1444" WIDTH="144" HEIGHT="16" STYLEREFS="TXT_0 PAR_RIGHT">
					<TextLine ID="P12_TL00008" HPOS="613" VPOS="1444" WIDTH="143" HEIGHT="16">
						<String ID="P12_ST00052" HPOS="613" VPOS="1444" WIDTH="83" HEIGHT="16" CONTENT="THESE" WC="0.47" CC="72546"/>
						<SP ID="P12_SP00042" HPOS="696" VPOS="1460" WIDTH="12"/>
						<String ID="P12_ST00053" HPOS="708" VPOS="1445" WIDTH="48" HEIGHT="15" CONTENT="ARE" WC="0.33" CC="667"/>
					</TextLine>
				</TextBlock>
				<TextBlock ID="P12_TB00003" HPOS="456" VPOS="1489" WIDTH="449" HEIGHT="42" STYLEREFS="TXT_1 PAR_RIGHT">
					<TextLine ID="P12_TL00009" HPOS="456" VPOS="1489" WIDTH="449" HEIGHT="42">
						<String ID="P12_ST00054" HPOS="456" VPOS="1489" WIDTH="143" HEIGHT="41" CONTENT="THE" WC="0.50" CC="364"/>
						<SP ID="P12_SP00043" HPOS="599" VPOS="1530" WIDTH="32"/>
						<String ID="P12_ST00055" HPOS="631" VPOS="1490" WIDTH="274" HEIGHT="41" CONTENT="VERMIN" WC="0.49" CC="705628"/>
					</TextLine>
				</TextBlock>
				<TextBlock ID="P12_TB00004" HPOS="354" VPOS="1566" WIDTH="451" HEIGHT="100" STYLEREFS="TXT_1 PAR_LEFT">
					<TextLine ID="P12_TL00010" HPOS="355" VPOS="1566" WIDTH="450" HEIGHT="38">
						<String ID="P12_ST00056" HPOS="355" VPOS="1566" WIDTH="82" HEIGHT="29" CONTENT="That" WC="0.71" CC="0740"/>
						<SP ID="P12_SP00044" HPOS="437" VPOS="1595" WIDTH="13"/>
						<String ID="P12_ST00057" HPOS="450" VPOS="1566" WIDTH="138" HEIGHT="31" CONTENT="Plunder" WC="0.72" CC="0316125"/>
						<SP ID="P12_SP00045" HPOS="588" VPOS="1597" WIDTH="15"/>
						<String ID="P12_ST00058" HPOS="603" VPOS="1567" WIDTH="52" HEIGHT="30" CONTENT="the" WC="0.79" CC="140"/>
						<SP ID="P12_SP00046" HPOS="655" VPOS="1597" WIDTH="16"/>
						<String ID="P12_ST00059" HPOS="671" VPOS="1568" WIDTH="134" HEIGHT="36" CONTENT="Wealth," WC="0.62" CC="8023074"/>
					</TextLine>
					<TextLine ID="P12_TL00011" HPOS="355" VPOS="1628" WIDTH="390" HEIGHT="38">
						<String ID="P12_ST00060" HPOS="355" VPOS="1628" WIDTH="83" HEIGHT="30" CONTENT="That" WC="0.82" CC="0070"/>
						<SP ID="P12_SP00047" HPOS="438" VPOS="1658" WIDTH="11"/>
						<String ID="P12_ST00061" HPOS="449" VPOS="1629" WIDTH="48" HEIGHT="37" CONTENT="lay" WC="0.78" CC="212"/>
						<SP ID="P12_SP00048" HPOS="497" VPOS="1666" WIDTH="15"/>
						<String ID="P12_ST00062" HPOS="512" VPOS="1629" WIDTH="32" HEIGHT="29" CONTENT="in" WC="0.48" CC="45"/>
						<SP ID="P12_SP00049" HPOS="544" VPOS="1666" WIDTH="14"/>
						<String ID="P12_ST00063" HPOS="558" VPOS="1629" WIDTH="53" HEIGHT="30" CONTENT="the" WC="0.42" CC="366"/>
						<SP ID="P12_SP00050" HPOS="611" VPOS="1666" WIDTH="15"/>
						<String ID="P12_ST00064" HPOS="626" VPOS="1629" WIDTH="119" HEIGHT="37" CONTENT="House," WC="0.42" CC="785804"/>
					</TextLine>
				</TextBlock>
				<TextBlock ID="P12_TB00005" HPOS="355" VPOS="1688" WIDTH="281" HEIGHT="30" STYLEREFS="TXT_1 PAR_LEFT">
					<TextLine ID="P12_TL00012" HPOS="356" VPOS="1688" WIDTH="280" HEIGHT="30">
						<String ID="P12_ST00065" HPOS="356" VPOS="1688" WIDTH="81" HEIGHT="30" CONTENT="That" WC="0.84" CC="0320"/>
						<SP ID="P12_SP00051" HPOS="437" VPOS="1718" WIDTH="16"/>
						<String ID="P12_ST00066" HPOS="453" VPOS="1689" WIDTH="76" HEIGHT="29" CONTENT="Jack" WC="0.49" CC="3483"/>
						<SP ID="P12_SP00052" HPOS="529" VPOS="1718" WIDTH="19"/>
						<String ID="P12_ST00067" HPOS="548" VPOS="1689" WIDTH="88" HEIGHT="29" CONTENT="built." WC="0.52" CC="545515"/>
					</TextLine>
				</TextBlock>
				<ComposedBlock ID="P12_CB00001" HPOS="200" VPOS="226" WIDTH="932" HEIGHT="856" STYLEREFS="TXT_0 PAR_LEFT" TYPE="Illustration">
					<GraphicalElement ID="P12_CB00001_SUB" HPOS="200" VPOS="226" WIDTH="932" HEIGHT="856"/>
				</ComposedBlock>
			</PrintSpace>
		</Page>
	</Layout>
</alto>
