<?xml version="1.0" encoding="UTF-8"?>
<alto xmlns:xsi="http://www.w3.org/2001/XMLSchema-instance" xsi:noNamespaceSchemaLocation="http://www.bl.uk/schemas/alto/alto-1-4.xsd" xmlns:xlink="http://www.w3.org/1999/xlink">
	<Description>
		<MeasurementUnit>mm10</MeasurementUnit>
		<sourceImageInformation>
			<fileName>//head1/IN/2007-34/A0010556622/004783.jp2</fileName>
		</sourceImageInformation>
		<OCRProcessing ID="OCRPROCESSING_1">
			<preProcessingStep>
				<processingSoftware>
					<softwareCreator>CCS Content Conversion Specialists GmbH, Germany</softwareCreator>
					<softwareName>CCS docWORKS</softwareName>
					<softwareVersion>6.1-0.54</softwareVersion>
				</processingSoftware>
			</preProcessingStep>
			<ocrProcessingStep>
				<processingSoftware>
					<softwareCreator>ABBYY (BIT Software), Russia</softwareCreator>
					<softwareName>Finereader</softwareName>
				</processingSoftware>
			</ocrProcessingStep>
		</OCRProcessing>
	</Description>
	<Styles>
		<TextStyle ID="TXT_0" FONTSIZE="9" FONTFAMILY="Courier New"/>
		<TextStyle ID="TXT_1" FONTSIZE="10" FONTFAMILY="Courier New"/>
		<ParagraphStyle ID="PAR_LEFT" ALIGN="Left"/>
		<ParagraphStyle ID="PAR_RIGHT" ALIGN="Right"/>
		<ParagraphStyle ID="PAR_CENTER" ALIGN="Center"/>
	</Styles>
	<Layout>
		<Page ID="P23" PHYSICAL_IMG_NR="23" HEIGHT="1999" WIDTH="1190" QUALITY="Damaged" POSITION="Right" ACCURACY="37.72">
			<TopMargin ID="P23_TM00001" HPOS="0" VPOS="0" WIDTH="1190" HEIGHT="140"/>
			<LeftMargin ID="P23_LM00001" HPOS="0" VPOS="140" WIDTH="151" HEIGHT="1818"/>
			<RightMargin ID="P23_RM00001" HPOS="925" VPOS="140" WIDTH="265" HEIGHT="1818"/>
			<BottomMargin ID="P23_BM00001" HPOS="0" VPOS="1958" WIDTH="1190" HEIGHT="41"/>
			<PrintSpace ID="P23_PS00001" HPOS="151" VPOS="140" WIDTH="774" HEIGHT="1818">
				<TextBlock ID="P23_TB00001" HPOS="203" VPOS="1292" WIDTH="593" HEIGHT="381" STYLEREFS="TXT_0 PAR_LEFT">
					<TextLine ID="P23_TL00001" HPOS="331" VPOS="1296" WIDTH="454" HEIGHT="32">
						<String ID="P23_ST00001" HPOS="331" VPOS="1297" WIDTH="15" HEIGHT="9" CONTENT='"' WC="0.93" CC="0"/>
						<SP ID="P23_SP00001" HPOS="346" VPOS="1306" WIDTH="13"/>
						<String ID="P23_ST00002" HPOS="359" VPOS="1296" WIDTH="117" HEIGHT="25" CONTENT="Burghers," WC="0.52" CC="600828275"/>
						<SP ID="P23_SP00002" HPOS="476" VPOS="1321" WIDTH="13"/>
						<String ID="P23_ST00003" HPOS="489" VPOS="1304" WIDTH="47" HEIGHT="13" CONTENT="men" WC="0.49" CC="086"/>
						<SP ID="P23_SP00003" HPOS="536" VPOS="1321" WIDTH="11"/>
						<String ID="P23_ST00004" HPOS="547" VPOS="1299" WIDTH="137" HEIGHT="21" CONTENT="immaculate" WC="0.40" CC="3078870868"/>
						<SP ID="P23_SP00004" HPOS="684" VPOS="1321" WIDTH="12"/>
						<String ID="P23_ST00005" HPOS="696" VPOS="1302" WIDTH="89" HEIGHT="26" CONTENT="perhaps" WC="0.36" CC="0778846"/>
					</TextLine>
					<TextLine ID="P23_TL00002" HPOS="207" VPOS="1331" WIDTH="536" HEIGHT="32">
						<String ID="P23_ST00006" HPOS="207" VPOS="1331" WIDTH="24" HEIGHT="20" CONTENT="In" WC="0.14" CC="88"/>
						<SP ID="P23_SP00005" HPOS="231" VPOS="1351" WIDTH="12"/>
						<String ID="P23_ST00007" HPOS="243" VPOS="1332" WIDTH="28" HEIGHT="21" CONTENT="all" WC="0.27" CC="776"/>
						<SP ID="P23_SP00006" HPOS="271" VPOS="1353" WIDTH="10"/>
						<String ID="P23_ST00008" HPOS="281" VPOS="1332" WIDTH="55" HEIGHT="21" CONTENT="their" WC="0.44" CC="87802"/>
						<SP ID="P23_SP00007" HPOS="336" VPOS="1353" WIDTH="11"/>
						<String ID="P23_ST00009" HPOS="347" VPOS="1335" WIDTH="81" HEIGHT="24" CONTENT="private" WC="0.31" CC="2588887"/>
						<SP ID="P23_SP00008" HPOS="428" VPOS="1359" WIDTH="10"/>
						<String ID="P23_ST00010" HPOS="438" VPOS="1335" WIDTH="116" HEIGHT="24" CONTENT="functions," WC="0.49" CC="6326806564"/>
						<SP ID="P23_SP00009" HPOS="554" VPOS="1359" WIDTH="13"/>
						<String ID="P23_ST00011" HPOS="567" VPOS="1343" WIDTH="52" HEIGHT="13" CONTENT="once" WC="0.40" CC="1867"/>
						<SP ID="P23_SP00010" HPOS="619" VPOS="1359" WIDTH="11"/>
						<String ID="P23_ST00012" HPOS="630" VPOS="1337" WIDTH="113" HEIGHT="26" CONTENT="combin'd," WC="0.55" CC="817018155"/>
					</TextLine>
					<TextLine ID="P23_TL00003" HPOS="217" VPOS="1370" WIDTH="411" HEIGHT="31">
						<String ID="P23_ST00013" HPOS="217" VPOS="1370" WIDTH="92" HEIGHT="21" CONTENT="Become" WC="0.32" CC="888860"/>
						<SP ID="P23_SP00011" HPOS="309" VPOS="1391" WIDTH="9"/>
						<String ID="P23_ST00014" HPOS="318" VPOS="1378" WIDTH="12" HEIGHT="13" CONTENT="a" WC="0.67" CC="3"/>
						<SP ID="P23_SP00012" HPOS="330" VPOS="1391" WIDTH="11"/>
						<String ID="P23_ST00015" HPOS="341" VPOS="1372" WIDTH="119" HEIGHT="20" CONTENT="loathsome" WC="0.25" CC="588387887"/>
						<SP ID="P23_SP00013" HPOS="460" VPOS="1392" WIDTH="11"/>
						<String ID="P23_ST00016" HPOS="471" VPOS="1374" WIDTH="62" HEIGHT="25" CONTENT="body," WC="0.23" CC="78885"/>
						<SP ID="P23_SP00014" HPOS="533" VPOS="1399" WIDTH="9"/>
						<String ID="P23_ST00017" HPOS="542" VPOS="1375" WIDTH="50" HEIGHT="26" CONTENT="only" WC="0.28" CC="8757"/>
						<SP ID="P23_SP00015" HPOS="592" VPOS="1401" WIDTH="12"/>
						<String ID="P23_ST00018" HPOS="604" VPOS="1376" WIDTH="24" HEIGHT="18" CONTENT="fit" WC="0.76" CC="007"/>
					</TextLine>
					<TextLine ID="P23_TL00004" HPOS="213" VPOS="1409" WIDTH="187" HEIGHT="22">
						<String ID="P23_ST00019" HPOS="213" VPOS="1409" WIDTH="40" HEIGHT="20" CONTENT="For" WC="0.29" CC="487"/>
						<SP ID="P23_SP00016" HPOS="253" VPOS="1429" WIDTH="10"/>
						<String ID="P23_ST00020" HPOS="263" VPOS="1410" WIDTH="137" HEIGHT="21" CONTENT="dissolution." WC="0.34" CC="867682686870"/>
					</TextLine>
					<TextLine ID="P23_TL00005" HPOS="481" VPOS="1452" WIDTH="170" HEIGHT="26">
						<String ID="P23_ST00021" HPOS="481" VPOS="1452" WIDTH="71" HEIGHT="19" CONTENT="Power" WC="0.28" CC="88684"/>
						<SP ID="P23_SP00017" HPOS="552" VPOS="1471" WIDTH="11"/>
						<String ID="P23_ST00022" HPOS="563" VPOS="1453" WIDTH="88" HEIGHT="25" CONTENT="usurp'd" WC="0.55" CC="4242808"/>
					</TextLine>
					<TextLine ID="P23_TL00006" HPOS="212" VPOS="1487" WIDTH="582" HEIGHT="29">
						<String ID="P23_ST00023" HPOS="212" VPOS="1487" WIDTH="20" HEIGHT="20" CONTENT="Is" WC="0.19" CC="87"/>
						<SP ID="P23_SP00018" HPOS="232" VPOS="1507" WIDTH="16"/>
						<String ID="P23_ST00024" HPOS="248" VPOS="1488" WIDTH="108" HEIGHT="20" CONTENT="weakness" WC="0.45" CC="78761163"/>
						<SP ID="P23_SP00019" HPOS="356" VPOS="1508" WIDTH="14"/>
						<String ID="P23_ST00025" HPOS="370" VPOS="1488" WIDTH="60" HEIGHT="20" CONTENT="when" WC="0.38" CC="8438"/>
						<SP ID="P23_SP00020" HPOS="430" VPOS="1508" WIDTH="12"/>
						<String ID="P23_ST00026" HPOS="442" VPOS="1489" WIDTH="86" HEIGHT="25" CONTENT="oppos'd" WC="0.59" CC="7234224"/>
						<String ID="P23_ST00027" HPOS="536" VPOS="1497" WIDTH="6" HEIGHT="17" CONTENT=";" WC="0.26" CC="7"/>
						<SP ID="P23_SP00021" HPOS="542" VPOS="1514" WIDTH="17"/>
						<String ID="P23_ST00028" HPOS="559" VPOS="1490" WIDTH="111" HEIGHT="19" CONTENT="conscious" WC="0.33" CC="886560878"/>
						<SP ID="P23_SP00022" HPOS="670" VPOS="1514" WIDTH="12"/>
						<String ID="P23_ST00029" HPOS="682" VPOS="1490" WIDTH="22" HEIGHT="18" CONTENT="of" WC="0.58" CC="80"/>
						<SP ID="P23_SP00023" HPOS="704" VPOS="1514" WIDTH="10"/>
						<String ID="P23_ST00030" HPOS="714" VPOS="1497" WIDTH="80" HEIGHT="19" CONTENT="wrong," WC="0.32" CC="774884"/>
					</TextLine>
					<TextLine ID="P23_TL00007" HPOS="216" VPOS="1526" WIDTH="458" HEIGHT="26">
						<String ID="P23_ST00031" HPOS="216" VPOS="1526" WIDTH="44" HEIGHT="20" CONTENT='"Tis' WC="0.30" CC="6857"/>
						<SP ID="P23_SP00024" HPOS="260" VPOS="1546" WIDTH="11"/>
						<String ID="P23_ST00032" HPOS="271" VPOS="1527" WIDTH="161" HEIGHT="25" CONTENT="pusillanimous" WC="0.32" CC="8687258878808"/>
						<SP ID="P23_SP00025" HPOS="432" VPOS="1552" WIDTH="12"/>
						<String ID="P23_ST00033" HPOS="444" VPOS="1526" WIDTH="42" HEIGHT="20" CONTENT="and" WC="0.19" CC="878"/>
						<SP ID="P23_SP00026" HPOS="486" VPOS="1552" WIDTH="11"/>
						<String ID="P23_ST00034" HPOS="497" VPOS="1534" WIDTH="65" HEIGHT="18" CONTENT="prone" WC="0.39" CC="87383"/>
						<SP ID="P23_SP00027" HPOS="562" VPOS="1552" WIDTH="9"/>
						<String ID="P23_ST00035" HPOS="571" VPOS="1531" WIDTH="22" HEIGHT="16" CONTENT="to" WC="0.19" CC="78"/>
						<SP ID="P23_SP00028" HPOS="593" VPOS="1552" WIDTH="12"/>
						<String ID="P23_ST00036" HPOS="605" VPOS="1528" WIDTH="69" HEIGHT="24" CONTENT="flight." WC="0.35" CC="8768714"/>
					</TextLine>
					<TextLine ID="P23_TL00008" HPOS="479" VPOS="1566" WIDTH="172" HEIGHT="19">
						<String ID="P23_ST00037" HPOS="479" VPOS="1566" WIDTH="7" HEIGHT="19" CONTENT="I" WC="0.65" CC="3"/>
						<SP ID="P23_SP00029" HPOS="486" VPOS="1585" WIDTH="13"/>
						<String ID="P23_ST00038" HPOS="499" VPOS="1566" WIDTH="60" HEIGHT="19" CONTENT="could" WC="0.48" CC="67038"/>
						<SP ID="P23_SP00030" HPOS="559" VPOS="1585" WIDTH="11"/>
						<String ID="P23_ST00039" HPOS="570" VPOS="1566" WIDTH="81" HEIGHT="19" CONTENT="endure" WC="0.34" CC="828667"/>
					</TextLine>
					<TextLine ID="P23_TL00009" HPOS="215" VPOS="1602" WIDTH="570" HEIGHT="27">
						<String ID="P23_ST00040" HPOS="215" VPOS="1602" WIDTH="79" HEIGHT="19" CONTENT="Chains" WC="0.31" CC="888770"/>
						<SP ID="P23_SP00031" HPOS="294" VPOS="1621" WIDTH="13"/>
						<String ID="P23_ST00041" HPOS="307" VPOS="1602" WIDTH="97" HEIGHT="20" CONTENT="nowhere" WC="0.22" CC="8877858"/>
						<SP ID="P23_SP00032" HPOS="404" VPOS="1622" WIDTH="13"/>
						<String ID="P23_ST00042" HPOS="417" VPOS="1603" WIDTH="103" HEIGHT="26" CONTENT="patiently" WC="0.36" CC="886583087"/>
						<SP ID="P23_SP00033" HPOS="520" VPOS="1629" WIDTH="9"/>
						<String ID="P23_ST00043" HPOS="529" VPOS="1611" WIDTH="6" HEIGHT="17" CONTENT=";" WC="0.21" CC="7"/>
						<SP ID="P23_SP00034" HPOS="535" VPOS="1629" WIDTH="12"/>
						<String ID="P23_ST00044" HPOS="547" VPOS="1603" WIDTH="43" HEIGHT="20" CONTENT="and" WC="0.17" CC="788"/>
						<SP ID="P23_SP00035" HPOS="590" VPOS="1629" WIDTH="10"/>
						<String ID="P23_ST00045" HPOS="600" VPOS="1603" WIDTH="72" HEIGHT="20" CONTENT="chains" WC="0.32" CC="887088"/>
						<SP ID="P23_SP00036" HPOS="672" VPOS="1629" WIDTH="12"/>
						<String ID="P23_ST00046" HPOS="684" VPOS="1607" WIDTH="21" HEIGHT="16" CONTENT="at" WC="0.35" CC="84"/>
						<SP ID="P23_SP00037" HPOS="705" VPOS="1629" WIDTH="12"/>
						<String ID="P23_ST00047" HPOS="717" VPOS="1603" WIDTH="68" HEIGHT="26" CONTENT="home," WC="0.19" CC="78787"/>
					</TextLine>
					<TextLine ID="P23_TL00010" HPOS="214" VPOS="1640" WIDTH="518" HEIGHT="27">
						<String ID="P23_ST00048" HPOS="214" VPOS="1640" WIDTH="79" HEIGHT="19" CONTENT="Where" WC="0.34" CC="78816"/>
						<SP ID="P23_SP00038" HPOS="293" VPOS="1659" WIDTH="11"/>
						<String ID="P23_ST00049" HPOS="304" VPOS="1641" WIDTH="10" HEIGHT="18" CONTENT="I" WC="0.22" CC="7"/>
						<SP ID="P23_SP00039" HPOS="314" VPOS="1659" WIDTH="12"/>
						<String ID="P23_ST00050" HPOS="326" VPOS="1647" WIDTH="33" HEIGHT="14" CONTENT="am" WC="0.22" CC="68"/>
						<SP ID="P23_SP00040" HPOS="359" VPOS="1661" WIDTH="14"/>
						<String ID="P23_ST00051" HPOS="373" VPOS="1641" WIDTH="41" HEIGHT="20" CONTENT="free" WC="0.33" CC="7288"/>
						<SP ID="P23_SP00041" HPOS="414" VPOS="1661" WIDTH="12"/>
						<String ID="P23_ST00052" HPOS="426" VPOS="1641" WIDTH="25" HEIGHT="25" CONTENT="by" WC="0.17" CC="87"/>
						<SP ID="P23_SP00042" HPOS="451" VPOS="1666" WIDTH="12"/>
						<String ID="P23_ST00053" HPOS="463" VPOS="1641" WIDTH="123" HEIGHT="26" CONTENT="birthright," WC="0.38" CC="66815558756"/>
						<SP ID="P23_SP00043" HPOS="586" VPOS="1667" WIDTH="13"/>
						<String ID="P23_ST00054" HPOS="599" VPOS="1645" WIDTH="37" HEIGHT="16" CONTENT="not" WC="0.43" CC="880"/>
						<SP ID="P23_SP00044" HPOS="636" VPOS="1667" WIDTH="11"/>
						<String ID="P23_ST00055" HPOS="647" VPOS="1645" WIDTH="22" HEIGHT="15" CONTENT="at" WC="0.28" CC="76"/>
						<SP ID="P23_SP00045" HPOS="669" VPOS="1667" WIDTH="11"/>
						<String ID="P23_ST00056" HPOS="680" VPOS="1641" WIDTH="52" HEIGHT="21" CONTENT='all."' WC="0.57" CC="81506"/>
					</TextLine>
				</TextBlock>
				<TextBlock ID="P23_TB00002" HPOS="154" VPOS="1694" WIDTH="596" HEIGHT="32" STYLEREFS="TXT_1 PAR_LEFT">
					<TextLine ID="P23_TL00011" HPOS="155" VPOS="1694" WIDTH="595" HEIGHT="32">
						<String ID="P23_ST00057" HPOS="155" VPOS="1694" WIDTH="79" HEIGHT="31" CONTENT="This" WC="0.54" CC="3608"/>
						<SP ID="P23_SP00046" HPOS="234" VPOS="1725" WIDTH="19"/>
						<String ID="P23_ST00058" HPOS="253" VPOS="1696" WIDTH="133" HEIGHT="30" CONTENT="WORD" WC="0.41" CC="8780"/>
						<SP ID="P23_SP00047" HPOS="386" VPOS="1726" WIDTH="17"/>
						<String ID="P23_ST00059" HPOS="403" VPOS="1698" WIDTH="25" HEIGHT="28" CONTENT="is" WC="0.36" CC="47"/>
						<SP ID="P23_SP00048" HPOS="428" VPOS="1726" WIDTH="17"/>
						<String ID="P23_ST00060" HPOS="445" VPOS="1697" WIDTH="52" HEIGHT="29" CONTENT="the" WC="0.44" CC="771"/>
						<SP ID="P23_SP00049" HPOS="497" VPOS="1726" WIDTH="11"/>
						<String ID="P23_ST00061" HPOS="508" VPOS="1698" WIDTH="242" HEIGHT="28" CONTENT="Watchword—" WC="0.54" CC="7008480438"/>
					</TextLine>
				</TextBlock>
				<TextBlock ID="P23_TB00003" HPOS="410" VPOS="1758" WIDTH="324" HEIGHT="36" STYLEREFS="TXT_1 PAR_RIGHT">
					<TextLine ID="P23_TL00012" HPOS="410" VPOS="1758" WIDTH="324" HEIGHT="36">
						<String ID="P23_ST00062" HPOS="410" VPOS="1758" WIDTH="54" HEIGHT="31" CONTENT="the" WC="0.57" CC="704"/>
						<SP ID="P23_SP00050" HPOS="464" VPOS="1789" WIDTH="14"/>
						<String ID="P23_ST00063" HPOS="478" VPOS="1759" WIDTH="143" HEIGHT="30" CONTENT="talisman" WC="0.41" CC="87717058"/>
						<SP ID="P23_SP00051" HPOS="621" VPOS="1789" WIDTH="19"/>
						<String ID="P23_ST00064" HPOS="640" VPOS="1758" WIDTH="94" HEIGHT="36" CONTENT="word," WC="0.52" CC="80780"/>
					</TextLine>
				</TextBlock>
				<TextBlock ID="P23_TB00004" HPOS="156" VPOS="1820" WIDTH="721" HEIGHT="32" STYLEREFS="TXT_1 PAR_CENTER">
					<TextLine ID="P23_TL00013" HPOS="156" VPOS="1822" WIDTH="721" HEIGHT="30">
						<String ID="P23_ST00065" HPOS="156" VPOS="1823" WIDTH="84" HEIGHT="29" CONTENT="That" WC="0.42" CC="2676"/>
						<SP ID="P23_SP00052" HPOS="240" VPOS="1852" WIDTH="15"/>
						<String ID="P23_ST00066" HPOS="255" VPOS="1822" WIDTH="51" HEIGHT="30" CONTENT="the" WC="0.43" CC="871"/>
						<SP ID="P23_SP00053" HPOS="306" VPOS="1852" WIDTH="15"/>
						<String ID="P23_ST00067" HPOS="321" VPOS="1823" WIDTH="364" HEIGHT="29" CONTENT="WATERLOO-MAN" WC="0.42" CC="780154874876"/>
						<SP ID="P23_SP00054" HPOS="685" VPOS="1852" WIDTH="15"/>
						<String ID="P23_ST00068" HPOS="700" VPOS="1823" WIDTH="24" HEIGHT="29" CONTENT="'s" WC="0.27" CC="77"/>
						<SP ID="P23_SP00055" HPOS="724" VPOS="1852" WIDTH="16"/>
						<String ID="P23_ST00069" HPOS="740" VPOS="1828" WIDTH="30" HEIGHT="24" CONTENT="to" WC="0.70" CC="05"/>
						<SP ID="P23_SP00056" HPOS="770" VPOS="1852" WIDTH="16"/>
						<String ID="P23_ST00070" HPOS="786" VPOS="1822" WIDTH="91" HEIGHT="30" CONTENT="crush" WC="0.19" CC="87886"/>
					</TextLine>
				</TextBlock>
				<TextBlock ID="P23_TB00005" HPOS="410" VPOS="1883" WIDTH="268" HEIGHT="75" STYLEREFS="TXT_1 PAR_LEFT">
					<TextLine ID="P23_TL00014" HPOS="411" VPOS="1884" WIDTH="267" HEIGHT="39">
						<String ID="P23_ST00071" HPOS="411" VPOS="1884" WIDTH="73" HEIGHT="30" CONTENT="with" WC="0.25" CC="8577"/>
						<SP ID="P23_SP00057" HPOS="484" VPOS="1914" WIDTH="16"/>
						<String ID="P23_ST00072" HPOS="500" VPOS="1885" WIDTH="46" HEIGHT="29" CONTENT="his" WC="0.20" CC="878"/>
						<SP ID="P23_SP00058" HPOS="546" VPOS="1914" WIDTH="15"/>
						<String ID="P23_ST00073" HPOS="561" VPOS="1885" WIDTH="99" HEIGHT="30" CONTENT="sword" WC="0.23" CC="88858"/>
						<String ID="P23_ST00074" HPOS="672" VPOS="1898" WIDTH="6" HEIGHT="25" CONTENT=";" WC="0.44" CC="5"/>
					</TextLine>
					<TextLine ID="P23_TL00015" HPOS="494" VPOS="1937" WIDTH="23" HEIGHT="21">
						<String ID="P23_ST00075" HPOS="494" VPOS="1937" WIDTH="23" HEIGHT="21" CONTENT="D" WC="0.35" CC="6"/>
					</TextLine>
				</TextBlock>
				<ComposedBlock ID="P23_CB00001" HPOS="151" VPOS="140" WIDTH="774" HEIGHT="1139" STYLEREFS="TXT_0 PAR_LEFT" TYPE="Illustration">
					<GraphicalElement ID="P23_CB00001_SUB" HPOS="151" VPOS="140" WIDTH="774" HEIGHT="1139"/>
				</ComposedBlock>
			</PrintSpace>
		</Page>
	</Layout>
</alto>
