<?xml version='1.0' encoding='UTF-8'?>
<mets xmlns="http://www.loc.gov/METS/" xmlns:MODS="http://www.loc.gov/mods/v3"><dmdSec ID="MODSMD">
    <mdWrap LABEL="Bibliographic meta-data of the printed version" MDTYPE="MODS" MIMETYPE="text/xml">
      <xmlData>
        <MODS:mods version="3.1">
          <MODS:titleInfo>
            <MODS:title>[The Political House that Jack built. (The Clerical Magistrate.) [Satires in verse, by W. Hone.] With thirteen cuts [by G. Cruikshank].]</MODS:title>
          </MODS:titleInfo>
          <MODS:titleInfo type="uniform">
            <MODS:title>[The House that Jack built.]</MODS:title>
          </MODS:titleInfo>
          <MODS:name>
            <MODS:namePart>JACK</MODS:namePart>
          </MODS:name>
          <MODS:typeOfResource>text</MODS:typeOfResource>
          <MODS:originInfo>
            <MODS:place>
              <MODS:placeTerm type="text">London</MODS:placeTerm>
            </MODS:place>
            <MODS:dateIssued>1819</MODS:dateIssued>
            <MODS:edition>Seventh edition.</MODS:edition>
            <MODS:issuance>monographic</MODS:issuance>
          </MODS:originInfo>
          <MODS:physicalDescription>
            <MODS:extent>8º.</MODS:extent>
          </MODS:physicalDescription>
          <MODS:relatedItem>
            <MODS:titleInfo>
              <MODS:title>Works illustrated by Cruikshank</MODS:title>
            </MODS:titleInfo>
            <MODS:name type="personal">
              <MODS:namePart>CRUIKSHANK, George,</MODS:namePart>
              <MODS:namePart type="termsOfAddress">the Elder</MODS:namePart>
            </MODS:name>
          </MODS:relatedItem>
          <MODS:relatedItem>
            <MODS:titleInfo>
              <MODS:title>The Political House that Jack built. (The Clerical Magistrate.) [Satires in verse, by W. Hone.] With thirteen cuts [by G. Cruikshank]</MODS:title>
            </MODS:titleInfo>
            <MODS:originInfo>
              <MODS:publisher>London, 1819. 8º.</MODS:publisher>
            </MODS:originInfo>
            <MODS:identifier type="local">(Uk)MP1.0001939146</MODS:identifier>
          </MODS:relatedItem>
          <MODS:location>
            <MODS:physicalLocation>British Library HMNTS 11641.d.35.</MODS:physicalLocation>
          </MODS:location>
          <MODS:recordInfo>
            <MODS:recordContentSource authority="marcorg">Uk</MODS:recordContentSource>
            <MODS:recordCreationDate encoding="w3cdtf">1988-11-30</MODS:recordCreationDate>
            <MODS:recordChangeDate encoding="w3cdtf">1988-11-30</MODS:recordChangeDate>
            <MODS:recordIdentifier>001833020</MODS:recordIdentifier>
          </MODS:recordInfo>
          <MODS:accessCondition type="Copyright Status">Out of Copyright</MODS:accessCondition>
        </MODS:mods>
      </xmlData>
    </mdWrap>
  </dmdSec>
  </mets>